2026-08-26T13:43:06.318Z archive:start volume=VOLUME45 source=http://edwards.yale.edu/archive?path=aHR0cDovL2Vkd2FyZHMueWFsZS5lZHUvY2dpLWJpbi9uZXdwaGlsby9zZWxlY3QucGw/d2plby40Mw==
2026-08-26T13:43:06.320Z attempt:1/3 000.html
2026-08-26T13:43:06.320Z navigation:start http://edwards.yale.edu/archive?path=aHR0cDovL2Vkd2FyZHMueWFsZS5lZHUvY2dpLWJpbi9uZXdwaGlsby9zZWxlY3QucGw/d2plby40Mw==
2026-08-26T13:43:08.125Z resource:omit http://www.google-analytics.com/ga.js reason=response.body: Response body is unavailable for redirect responses
2026-08-26T13:43:08.249Z resource:omit http://www.google-analytics.com/r/__utm.gif?utmwv=5.7.2&utms=1&utmn=773539723&utmhn=edwards.yale.edu&utmcs=UTF-8&utmsr=1280x720&utmvp=1280x720&utmsc=24-bit&utmul=pl&utmje=0&utmfl=-&utmdt=Search%20WJE%20Online%20%7C%20The%20Jonathan%20Edwards%20Center%20at%20Yale%20University&utmhid=2067788179&utmr=-&utmp=%2Farchive%3Fpath%3DaHR0cDovL2Vkd2FyZHMueWFsZS5lZHUvY2dpLWJpbi9uZXdwaGlsby9zZWxlY3QucGw%2Fd2plby40Mw%3D%3D&utmht=1787751788246&utmac=UA-1489454-4&utmcc=__utma%3D258641246.1723991717.1787751788.1787751788.1787751788.1%3B%2B__utmz%3D258641246.1787751788.1.1.utmcsr%3D(direct)%7Cutmccn%3D(direct)%7Cutmcmd%3D(none)%3B&utmjid=2002885175&utmredir=1&utmu=qAAAAAAAAAAAAAAAAAAAAAAE~ reason=response.body: Response body is unavailable for redirect responses
2026-08-26T13:43:09.158Z scroll:stable height=2543 samples=8
2026-08-26T13:43:10.216Z complete:000.html html=44397 assets=18
2026-08-26T13:43:10.218Z discovery:sections 39
2026-08-26T13:43:12.719Z attempt:1/3 001.html
2026-08-26T13:43:12.722Z navigation:start http://edwards.yale.edu/archive?path=aHR0cDovL2Vkd2FyZHMueWFsZS5lZHUvY2dpLWJpbi9uZXdwaGlsby9nZXRvYmplY3QucGw%2FYy40MzoxLndqZW8%3D
2026-08-26T13:43:13.273Z resource:omit http://fonts.gstatic.com/s/playfairdisplay/v40/nuFkD-vYSZviVYUb_rj3ij__anPXDTnogkk7yRZrPA.woff2 reason=response.body: Protocol error (Network.getResponseBody): No data found for resource with given identifier
Response body is not available for a response that was navigated away from. Read response.body() before triggering any navigation.
2026-08-26T13:43:13.273Z resource:omit http://fonts.gstatic.com/s/playfairdisplay/v40/nuFiD-vYSZviVYUb_rj3ij__anPXDTzYgEM86xQ.woff2 reason=response.body: Protocol error (Network.getResponseBody): No data found for resource with given identifier
Response body is not available for a response that was navigated away from. Read response.body() before triggering any navigation.
2026-08-26T13:43:13.273Z resource:omit http://fonts.gstatic.com/s/opensans/v44/memvYaGs126MiZpBA-UvWbX2vVnXBbObj2OVTS-mu0SC55I.woff2 reason=response.body: Protocol error (Network.getResponseBody): No data found for resource with given identifier
Response body is not available for a response that was navigated away from. Read response.body() before triggering any navigation.
2026-08-26T13:43:13.273Z resource:omit http://fonts.gstatic.com/s/opensans/v44/memvYaGs126MiZpBA-UvWbX2vVnXBbObj2OVTUGmu0SC55K5gw.woff2 reason=response.body: Protocol error (Network.getResponseBody): No data found for resource with given identifier
Response body is not available for a response that was navigated away from. Read response.body() before triggering any navigation.
2026-08-26T13:43:14.692Z resource:omit http://www.google-analytics.com/ga.js reason=response.body: Response body is unavailable for redirect responses
2026-08-26T13:43:14.702Z resource:omit http://www.google-analytics.com/__utm.gif?utmwv=5.7.2&utms=2&utmn=64825053&utmhn=edwards.yale.edu&utmcs=UTF-8&utmsr=1280x720&utmvp=1280x720&utmsc=24-bit&utmul=pl&utmje=0&utmfl=-&utmdt=Search%20WJE%20Online%20%7C%20The%20Jonathan%20Edwards%20Center%20at%20Yale%20University&utmhid=1401047564&utmr=-&utmp=%2Farchive%3Fpath%3DaHR0cDovL2Vkd2FyZHMueWFsZS5lZHUvY2dpLWJpbi9uZXdwaGlsby9nZXRvYmplY3QucGw%25252FYy40MzoxLndqZW8%25253D&utmht=1787751794694&utmac=UA-1489454-4&utmcc=__utma%3D258641246.1723991717.1787751788.1787751788.1787751788.1%3B%2B__utmz%3D258641246.1787751788.1.1.utmcsr%3D(direct)%7Cutmccn%3D(direct)%7Cutmcmd%3D(none)%3B&utmjid=&utmu=qAAAAAAAAAAAAAAAAAAAAAAE~ reason=response.body: Response body is unavailable for redirect responses
2026-08-26T13:43:27.042Z scroll:stable height=52714 samples=101
2026-08-26T13:43:28.132Z complete:001.html html=156294 assets=14
2026-08-26T13:43:30.635Z attempt:1/3 002.html
2026-08-26T13:43:30.635Z navigation:start http://edwards.yale.edu/archive?path=aHR0cDovL2Vkd2FyZHMueWFsZS5lZHUvY2dpLWJpbi9uZXdwaGlsby9nZXRvYmplY3QucGw%2FYy40MzoyLndqZW8%3D
2026-08-26T13:43:31.338Z resource:omit http://fonts.gstatic.com/s/playfairdisplay/v40/nuFkD-vYSZviVYUb_rj3ij__anPXDTnogkk7yRZrPA.woff2 reason=response.body: Protocol error (Network.getResponseBody): No data found for resource with given identifier
Response body is not available for a response that was navigated away from. Read response.body() before triggering any navigation.
2026-08-26T13:43:31.339Z resource:omit http://fonts.gstatic.com/s/opensans/v44/memvYaGs126MiZpBA-UvWbX2vVnXBbObj2OVTUGmu0SC55K5gw.woff2 reason=response.body: Protocol error (Network.getResponseBody): No data found for resource with given identifier
Response body is not available for a response that was navigated away from. Read response.body() before triggering any navigation.
2026-08-26T13:43:31.339Z resource:omit http://fonts.gstatic.com/s/playfairdisplay/v40/nuFiD-vYSZviVYUb_rj3ij__anPXDTzYgEM86xQ.woff2 reason=response.body: Protocol error (Network.getResponseBody): No data found for resource with given identifier
Response body is not available for a response that was navigated away from. Read response.body() before triggering any navigation.
2026-08-26T13:43:31.339Z resource:omit http://fonts.gstatic.com/s/opensans/v44/memvYaGs126MiZpBA-UvWbX2vVnXBbObj2OVTS-mu0SC55I.woff2 reason=response.body: Protocol error (Network.getResponseBody): No data found for resource with given identifier
Response body is not available for a response that was navigated away from. Read response.body() before triggering any navigation.
2026-08-26T13:43:32.217Z resource:omit http://www.google-analytics.com/ga.js reason=response.body: Response body is unavailable for redirect responses
2026-08-26T13:43:32.225Z resource:omit http://www.google-analytics.com/__utm.gif?utmwv=5.7.2&utms=3&utmn=265832582&utmhn=edwards.yale.edu&utmcs=UTF-8&utmsr=1280x720&utmvp=1280x720&utmsc=24-bit&utmul=pl&utmje=0&utmfl=-&utmdt=Search%20WJE%20Online%20%7C%20The%20Jonathan%20Edwards%20Center%20at%20Yale%20University&utmhid=1435018476&utmr=-&utmp=%2Farchive%3Fpath%3DaHR0cDovL2Vkd2FyZHMueWFsZS5lZHUvY2dpLWJpbi9uZXdwaGlsby9nZXRvYmplY3QucGw%25252FYy40MzoyLndqZW8%25253D&utmht=1787751812220&utmac=UA-1489454-4&utmcc=__utma%3D258641246.1723991717.1787751788.1787751788.1787751788.1%3B%2B__utmz%3D258641246.1787751788.1.1.utmcsr%3D(direct)%7Cutmccn%3D(direct)%7Cutmcmd%3D(none)%3B&utmjid=&utmu=qAAAAAAAAAAAAAAAAAAAAAAE~ reason=response.body: Response body is unavailable for redirect responses
2026-08-26T13:43:41.440Z scroll:stable height=39236 samples=76
2026-08-26T13:43:42.493Z complete:002.html html=119534 assets=14
2026-08-26T13:43:44.995Z attempt:1/3 003.html
2026-08-26T13:43:44.995Z navigation:start http://edwards.yale.edu/archive?path=aHR0cDovL2Vkd2FyZHMueWFsZS5lZHUvY2dpLWJpbi9uZXdwaGlsby9nZXRvYmplY3QucGw%2FYy40MzozLndqZW8%3D
2026-08-26T13:43:45.640Z resource:omit http://fonts.gstatic.com/s/playfairdisplay/v40/nuFkD-vYSZviVYUb_rj3ij__anPXDTnogkk7yRZrPA.woff2 reason=response.body: Protocol error (Network.getResponseBody): No data found for resource with given identifier
Response body is not available for a response that was navigated away from. Read response.body() before triggering any navigation.
2026-08-26T13:43:45.640Z resource:omit http://fonts.gstatic.com/s/playfairdisplay/v40/nuFiD-vYSZviVYUb_rj3ij__anPXDTzYgEM86xQ.woff2 reason=response.body: Protocol error (Network.getResponseBody): No data found for resource with given identifier
Response body is not available for a response that was navigated away from. Read response.body() before triggering any navigation.
2026-08-26T13:43:45.640Z resource:omit http://fonts.gstatic.com/s/opensans/v44/memvYaGs126MiZpBA-UvWbX2vVnXBbObj2OVTS-mu0SC55I.woff2 reason=response.body: Protocol error (Network.getResponseBody): No data found for resource with given identifier
Response body is not available for a response that was navigated away from. Read response.body() before triggering any navigation.
2026-08-26T13:43:45.640Z resource:omit http://fonts.gstatic.com/s/opensans/v44/memvYaGs126MiZpBA-UvWbX2vVnXBbObj2OVTUGmu0SC55K5gw.woff2 reason=response.body: Protocol error (Network.getResponseBody): No data found for resource with given identifier
Response body is not available for a response that was navigated away from. Read response.body() before triggering any navigation.
2026-08-26T13:43:46.502Z resource:omit http://www.google-analytics.com/ga.js reason=response.body: Response body is unavailable for redirect responses
2026-08-26T13:43:46.508Z resource:omit http://www.google-analytics.com/__utm.gif?utmwv=5.7.2&utms=4&utmn=1462160567&utmhn=edwards.yale.edu&utmcs=UTF-8&utmsr=1280x720&utmvp=1280x720&utmsc=24-bit&utmul=pl&utmje=0&utmfl=-&utmdt=Search%20WJE%20Online%20%7C%20The%20Jonathan%20Edwards%20Center%20at%20Yale%20University&utmhid=1690525973&utmr=-&utmp=%2Farchive%3Fpath%3DaHR0cDovL2Vkd2FyZHMueWFsZS5lZHUvY2dpLWJpbi9uZXdwaGlsby9nZXRvYmplY3QucGw%25252FYy40MzozLndqZW8%25253D&utmht=1787751826506&utmac=UA-1489454-4&utmcc=__utma%3D258641246.1723991717.1787751788.1787751788.1787751788.1%3B%2B__utmz%3D258641246.1787751788.1.1.utmcsr%3D(direct)%7Cutmccn%3D(direct)%7Cutmcmd%3D(none)%3B&utmjid=&utmu=qAAAAAAAAAAAAAAAAAAAAAAE~ reason=response.body: Response body is unavailable for redirect responses
2026-08-26T13:43:54.749Z scroll:stable height=34755 samples=68
2026-08-26T13:43:55.802Z complete:003.html html=108864 assets=14
2026-08-26T13:43:58.305Z attempt:1/3 004.html
2026-08-26T13:43:58.305Z navigation:start http://edwards.yale.edu/archive?path=aHR0cDovL2Vkd2FyZHMueWFsZS5lZHUvY2dpLWJpbi9uZXdwaGlsby9nZXRvYmplY3QucGw%2FYy40Mzo0LndqZW8%3D
2026-08-26T13:43:58.924Z resource:omit http://fonts.gstatic.com/s/playfairdisplay/v40/nuFkD-vYSZviVYUb_rj3ij__anPXDTnogkk7yRZrPA.woff2 reason=response.body: Protocol error (Network.getResponseBody): No data found for resource with given identifier
Response body is not available for a response that was navigated away from. Read response.body() before triggering any navigation.
2026-08-26T13:43:58.925Z resource:omit http://fonts.gstatic.com/s/opensans/v44/memvYaGs126MiZpBA-UvWbX2vVnXBbObj2OVTUGmu0SC55K5gw.woff2 reason=response.body: Protocol error (Network.getResponseBody): No data found for resource with given identifier
Response body is not available for a response that was navigated away from. Read response.body() before triggering any navigation.
2026-08-26T13:43:58.925Z resource:omit http://fonts.gstatic.com/s/playfairdisplay/v40/nuFiD-vYSZviVYUb_rj3ij__anPXDTzYgEM86xQ.woff2 reason=response.body: Protocol error (Network.getResponseBody): No data found for resource with given identifier
Response body is not available for a response that was navigated away from. Read response.body() before triggering any navigation.
2026-08-26T13:43:58.925Z resource:omit http://fonts.gstatic.com/s/opensans/v44/memvYaGs126MiZpBA-UvWbX2vVnXBbObj2OVTS-mu0SC55I.woff2 reason=response.body: Protocol error (Network.getResponseBody): No data found for resource with given identifier
Response body is not available for a response that was navigated away from. Read response.body() before triggering any navigation.
2026-08-26T13:43:59.662Z resource:omit http://www.google-analytics.com/ga.js reason=response.body: Response body is unavailable for redirect responses
2026-08-26T13:43:59.668Z resource:omit http://www.google-analytics.com/__utm.gif?utmwv=5.7.2&utms=5&utmn=734163869&utmhn=edwards.yale.edu&utmcs=UTF-8&utmsr=1280x720&utmvp=1280x720&utmsc=24-bit&utmul=pl&utmje=0&utmfl=-&utmdt=Search%20WJE%20Online%20%7C%20The%20Jonathan%20Edwards%20Center%20at%20Yale%20University&utmhid=2137564894&utmr=-&utmp=%2Farchive%3Fpath%3DaHR0cDovL2Vkd2FyZHMueWFsZS5lZHUvY2dpLWJpbi9uZXdwaGlsby9nZXRvYmplY3QucGw%25252FYy40Mzo0LndqZW8%25253D&utmht=1787751839665&utmac=UA-1489454-4&utmcc=__utma%3D258641246.1723991717.1787751788.1787751788.1787751788.1%3B%2B__utmz%3D258641246.1787751788.1.1.utmcsr%3D(direct)%7Cutmccn%3D(direct)%7Cutmcmd%3D(none)%3B&utmjid=&utmu=qAAAAAAAAAAAAAAAAAAAAAAE~ reason=response.body: Response body is unavailable for redirect responses
2026-08-26T13:44:04.910Z scroll:stable height=21443 samples=43
2026-08-26T13:44:05.966Z complete:004.html html=78977 assets=14
2026-08-26T13:44:08.467Z attempt:1/3 005.html
2026-08-26T13:44:08.467Z navigation:start http://edwards.yale.edu/archive?path=aHR0cDovL2Vkd2FyZHMueWFsZS5lZHUvY2dpLWJpbi9uZXdwaGlsby9nZXRvYmplY3QucGw%2FYy40Mzo1LndqZW8%3D
2026-08-26T13:44:09.239Z resource:omit http://fonts.gstatic.com/s/playfairdisplay/v40/nuFkD-vYSZviVYUb_rj3ij__anPXDTnogkk7yRZrPA.woff2 reason=response.body: Protocol error (Network.getResponseBody): No data found for resource with given identifier
Response body is not available for a response that was navigated away from. Read response.body() before triggering any navigation.
2026-08-26T13:44:09.239Z resource:omit http://fonts.gstatic.com/s/playfairdisplay/v40/nuFiD-vYSZviVYUb_rj3ij__anPXDTzYgEM86xQ.woff2 reason=response.body: Protocol error (Network.getResponseBody): No data found for resource with given identifier
Response body is not available for a response that was navigated away from. Read response.body() before triggering any navigation.
2026-08-26T13:44:09.239Z resource:omit http://fonts.gstatic.com/s/opensans/v44/memvYaGs126MiZpBA-UvWbX2vVnXBbObj2OVTS-mu0SC55I.woff2 reason=response.body: Protocol error (Network.getResponseBody): No data found for resource with given identifier
Response body is not available for a response that was navigated away from. Read response.body() before triggering any navigation.
2026-08-26T13:44:09.239Z resource:omit http://fonts.gstatic.com/s/opensans/v44/memvYaGs126MiZpBA-UvWbX2vVnXBbObj2OVTUGmu0SC55K5gw.woff2 reason=response.body: Protocol error (Network.getResponseBody): No data found for resource with given identifier
Response body is not available for a response that was navigated away from. Read response.body() before triggering any navigation.
2026-08-26T13:44:10.274Z resource:omit http://www.google-analytics.com/ga.js reason=response.body: Response body is unavailable for redirect responses
2026-08-26T13:44:10.281Z resource:omit http://www.google-analytics.com/__utm.gif?utmwv=5.7.2&utms=6&utmn=1919857859&utmhn=edwards.yale.edu&utmcs=UTF-8&utmsr=1280x720&utmvp=1280x720&utmsc=24-bit&utmul=pl&utmje=0&utmfl=-&utmdt=Search%20WJE%20Online%20%7C%20The%20Jonathan%20Edwards%20Center%20at%20Yale%20University&utmhid=953372174&utmr=-&utmp=%2Farchive%3Fpath%3DaHR0cDovL2Vkd2FyZHMueWFsZS5lZHUvY2dpLWJpbi9uZXdwaGlsby9nZXRvYmplY3QucGw%25252FYy40Mzo1LndqZW8%25253D&utmht=1787751850273&utmac=UA-1489454-4&utmcc=__utma%3D258641246.1723991717.1787751788.1787751788.1787751788.1%3B%2B__utmz%3D258641246.1787751788.1.1.utmcsr%3D(direct)%7Cutmccn%3D(direct)%7Cutmcmd%3D(none)%3B&utmjid=&utmu=qAAAAAAAAAAAAAAAAAAAAAAE~ reason=response.body: Response body is unavailable for redirect responses
2026-08-26T13:44:19.724Z scroll:stable height=40522 samples=78
2026-08-26T13:44:20.774Z complete:005.html html=113607 assets=14
2026-08-26T13:44:23.276Z attempt:1/3 006.html
2026-08-26T13:44:23.276Z navigation:start http://edwards.yale.edu/archive?path=aHR0cDovL2Vkd2FyZHMueWFsZS5lZHUvY2dpLWJpbi9uZXdwaGlsby9nZXRvYmplY3QucGw%2FYy40Mzo2LndqZW8%3D
2026-08-26T13:44:24.019Z resource:omit http://fonts.gstatic.com/s/playfairdisplay/v40/nuFkD-vYSZviVYUb_rj3ij__anPXDTnogkk7yRZrPA.woff2 reason=response.body: Protocol error (Network.getResponseBody): No data found for resource with given identifier
Response body is not available for a response that was navigated away from. Read response.body() before triggering any navigation.
2026-08-26T13:44:24.019Z resource:omit http://fonts.gstatic.com/s/playfairdisplay/v40/nuFiD-vYSZviVYUb_rj3ij__anPXDTzYgEM86xQ.woff2 reason=response.body: Protocol error (Network.getResponseBody): No data found for resource with given identifier
Response body is not available for a response that was navigated away from. Read response.body() before triggering any navigation.
2026-08-26T13:44:24.019Z resource:omit http://fonts.gstatic.com/s/opensans/v44/memvYaGs126MiZpBA-UvWbX2vVnXBbObj2OVTUGmu0SC55K5gw.woff2 reason=response.body: Protocol error (Network.getResponseBody): No data found for resource with given identifier
Response body is not available for a response that was navigated away from. Read response.body() before triggering any navigation.
2026-08-26T13:44:24.019Z resource:omit http://fonts.gstatic.com/s/opensans/v44/memvYaGs126MiZpBA-UvWbX2vVnXBbObj2OVTS-mu0SC55I.woff2 reason=response.body: Protocol error (Network.getResponseBody): No data found for resource with given identifier
Response body is not available for a response that was navigated away from. Read response.body() before triggering any navigation.
2026-08-26T13:44:24.785Z resource:omit http://www.google-analytics.com/ga.js reason=response.body: Response body is unavailable for redirect responses
2026-08-26T13:44:24.798Z resource:omit http://www.google-analytics.com/__utm.gif?utmwv=5.7.2&utms=7&utmn=1885958688&utmhn=edwards.yale.edu&utmcs=UTF-8&utmsr=1280x720&utmvp=1280x720&utmsc=24-bit&utmul=pl&utmje=0&utmfl=-&utmdt=Search%20WJE%20Online%20%7C%20The%20Jonathan%20Edwards%20Center%20at%20Yale%20University&utmhid=1935531503&utmr=-&utmp=%2Farchive%3Fpath%3DaHR0cDovL2Vkd2FyZHMueWFsZS5lZHUvY2dpLWJpbi9uZXdwaGlsby9nZXRvYmplY3QucGw%25252FYy40Mzo2LndqZW8%25253D&utmht=1787751864789&utmac=UA-1489454-4&utmcc=__utma%3D258641246.1723991717.1787751788.1787751788.1787751788.1%3B%2B__utmz%3D258641246.1787751788.1.1.utmcsr%3D(direct)%7Cutmccn%3D(direct)%7Cutmcmd%3D(none)%3B&utmjid=&utmu=qAAAAAAAAAAAAAAAAAAAAAAE~ reason=response.body: Response body is unavailable for redirect responses
2026-08-26T13:44:29.835Z scroll:stable height=21081 samples=42
2026-08-26T13:44:30.892Z complete:006.html html=79178 assets=14
2026-08-26T13:44:33.392Z attempt:1/3 007.html
2026-08-26T13:44:33.393Z navigation:start http://edwards.yale.edu/archive?path=aHR0cDovL2Vkd2FyZHMueWFsZS5lZHUvY2dpLWJpbi9uZXdwaGlsby9nZXRvYmplY3QucGw%2FYy40Mzo3LndqZW8%3D
2026-08-26T13:44:34.055Z resource:omit http://fonts.gstatic.com/s/playfairdisplay/v40/nuFkD-vYSZviVYUb_rj3ij__anPXDTnogkk7yRZrPA.woff2 reason=response.body: Protocol error (Network.getResponseBody): No data found for resource with given identifier
Response body is not available for a response that was navigated away from. Read response.body() before triggering any navigation.
2026-08-26T13:44:34.055Z resource:omit http://fonts.gstatic.com/s/playfairdisplay/v40/nuFiD-vYSZviVYUb_rj3ij__anPXDTzYgEM86xQ.woff2 reason=response.body: Protocol error (Network.getResponseBody): No data found for resource with given identifier
Response body is not available for a response that was navigated away from. Read response.body() before triggering any navigation.
2026-08-26T13:44:34.055Z resource:omit http://fonts.gstatic.com/s/opensans/v44/memvYaGs126MiZpBA-UvWbX2vVnXBbObj2OVTUGmu0SC55K5gw.woff2 reason=response.body: Protocol error (Network.getResponseBody): No data found for resource with given identifier
Response body is not available for a response that was navigated away from. Read response.body() before triggering any navigation.
2026-08-26T13:44:34.055Z resource:omit http://fonts.gstatic.com/s/opensans/v44/memvYaGs126MiZpBA-UvWbX2vVnXBbObj2OVTS-mu0SC55I.woff2 reason=response.body: Protocol error (Network.getResponseBody): No data found for resource with given identifier
Response body is not available for a response that was navigated away from. Read response.body() before triggering any navigation.
2026-08-26T13:44:34.942Z resource:omit http://www.google-analytics.com/ga.js reason=response.body: Response body is unavailable for redirect responses
2026-08-26T13:44:34.951Z resource:omit http://www.google-analytics.com/__utm.gif?utmwv=5.7.2&utms=8&utmn=1919070207&utmhn=edwards.yale.edu&utmcs=UTF-8&utmsr=1280x720&utmvp=1280x720&utmsc=24-bit&utmul=pl&utmje=0&utmfl=-&utmdt=Search%20WJE%20Online%20%7C%20The%20Jonathan%20Edwards%20Center%20at%20Yale%20University&utmhid=1220995336&utmr=-&utmp=%2Farchive%3Fpath%3DaHR0cDovL2Vkd2FyZHMueWFsZS5lZHUvY2dpLWJpbi9uZXdwaGlsby9nZXRvYmplY3QucGw%25252FYy40Mzo3LndqZW8%25253D&utmht=1787751874944&utmac=UA-1489454-4&utmcc=__utma%3D258641246.1723991717.1787751788.1787751788.1787751788.1%3B%2B__utmz%3D258641246.1787751788.1.1.utmcsr%3D(direct)%7Cutmccn%3D(direct)%7Cutmcmd%3D(none)%3B&utmjid=&utmu=qAAAAAAAAAAAAAAAAAAAAAAE~ reason=response.body: Response body is unavailable for redirect responses
2026-08-26T13:44:43.578Z scroll:stable height=36548 samples=71
2026-08-26T13:44:44.634Z complete:007.html html=118720 assets=14
2026-08-26T13:44:47.136Z attempt:1/3 008.html
2026-08-26T13:44:47.136Z navigation:start http://edwards.yale.edu/archive?path=aHR0cDovL2Vkd2FyZHMueWFsZS5lZHUvY2dpLWJpbi9uZXdwaGlsby9nZXRvYmplY3QucGw%2FYy40Mzo4LndqZW8%3D
2026-08-26T13:44:47.809Z resource:omit http://fonts.gstatic.com/s/playfairdisplay/v40/nuFkD-vYSZviVYUb_rj3ij__anPXDTnogkk7yRZrPA.woff2 reason=response.body: Protocol error (Network.getResponseBody): No data found for resource with given identifier
Response body is not available for a response that was navigated away from. Read response.body() before triggering any navigation.
2026-08-26T13:44:47.809Z resource:omit http://fonts.gstatic.com/s/playfairdisplay/v40/nuFiD-vYSZviVYUb_rj3ij__anPXDTzYgEM86xQ.woff2 reason=response.body: Protocol error (Network.getResponseBody): No data found for resource with given identifier
Response body is not available for a response that was navigated away from. Read response.body() before triggering any navigation.
2026-08-26T13:44:47.809Z resource:omit http://fonts.gstatic.com/s/opensans/v44/memvYaGs126MiZpBA-UvWbX2vVnXBbObj2OVTUGmu0SC55K5gw.woff2 reason=response.body: Protocol error (Network.getResponseBody): No data found for resource with given identifier
Response body is not available for a response that was navigated away from. Read response.body() before triggering any navigation.
2026-08-26T13:44:47.810Z resource:omit http://fonts.gstatic.com/s/opensans/v44/memvYaGs126MiZpBA-UvWbX2vVnXBbObj2OVTS-mu0SC55I.woff2 reason=response.body: Protocol error (Network.getResponseBody): No data found for resource with given identifier
Response body is not available for a response that was navigated away from. Read response.body() before triggering any navigation.
2026-08-26T13:44:48.556Z resource:omit http://www.google-analytics.com/ga.js reason=response.body: Response body is unavailable for redirect responses
2026-08-26T13:44:48.561Z resource:omit http://www.google-analytics.com/__utm.gif?utmwv=5.7.2&utms=9&utmn=1862275769&utmhn=edwards.yale.edu&utmcs=UTF-8&utmsr=1280x720&utmvp=1280x720&utmsc=24-bit&utmul=pl&utmje=0&utmfl=-&utmdt=Search%20WJE%20Online%20%7C%20The%20Jonathan%20Edwards%20Center%20at%20Yale%20University&utmhid=695063232&utmr=-&utmp=%2Farchive%3Fpath%3DaHR0cDovL2Vkd2FyZHMueWFsZS5lZHUvY2dpLWJpbi9uZXdwaGlsby9nZXRvYmplY3QucGw%25252FYy40Mzo4LndqZW8%25253D&utmht=1787751888558&utmac=UA-1489454-4&utmcc=__utma%3D258641246.1723991717.1787751788.1787751788.1787751788.1%3B%2B__utmz%3D258641246.1787751788.1.1.utmcsr%3D(direct)%7Cutmccn%3D(direct)%7Cutmcmd%3D(none)%3B&utmjid=&utmu=qAAAAAAAAAAAAAAAAAAAAAAE~ reason=response.body: Response body is unavailable for redirect responses
2026-08-26T13:44:52.759Z scroll:stable height=17055 samples=35
2026-08-26T13:44:53.806Z complete:008.html html=72633 assets=14
2026-08-26T13:44:56.309Z attempt:1/3 009.html
2026-08-26T13:44:56.309Z navigation:start http://edwards.yale.edu/archive?path=aHR0cDovL2Vkd2FyZHMueWFsZS5lZHUvY2dpLWJpbi9uZXdwaGlsby9nZXRvYmplY3QucGw%2FYy40Mzo5LndqZW8%3D
2026-08-26T13:44:57.017Z resource:omit http://fonts.gstatic.com/s/playfairdisplay/v40/nuFkD-vYSZviVYUb_rj3ij__anPXDTnogkk7yRZrPA.woff2 reason=response.body: Protocol error (Network.getResponseBody): No data found for resource with given identifier
Response body is not available for a response that was navigated away from. Read response.body() before triggering any navigation.
2026-08-26T13:44:57.017Z resource:omit http://fonts.gstatic.com/s/playfairdisplay/v40/nuFiD-vYSZviVYUb_rj3ij__anPXDTzYgEM86xQ.woff2 reason=response.body: Protocol error (Network.getResponseBody): No data found for resource with given identifier
Response body is not available for a response that was navigated away from. Read response.body() before triggering any navigation.
2026-08-26T13:44:57.018Z resource:omit http://fonts.gstatic.com/s/opensans/v44/memvYaGs126MiZpBA-UvWbX2vVnXBbObj2OVTUGmu0SC55K5gw.woff2 reason=response.body: Protocol error (Network.getResponseBody): No data found for resource with given identifier
Response body is not available for a response that was navigated away from. Read response.body() before triggering any navigation.
2026-08-26T13:44:57.018Z resource:omit http://fonts.gstatic.com/s/opensans/v44/memvYaGs126MiZpBA-UvWbX2vVnXBbObj2OVTS-mu0SC55I.woff2 reason=response.body: Protocol error (Network.getResponseBody): No data found for resource with given identifier
Response body is not available for a response that was navigated away from. Read response.body() before triggering any navigation.
2026-08-26T13:44:57.815Z resource:omit http://www.google-analytics.com/ga.js reason=response.body: Response body is unavailable for redirect responses
2026-08-26T13:44:57.822Z resource:omit http://www.google-analytics.com/__utm.gif?utmwv=5.7.2&utms=10&utmn=602766057&utmhn=edwards.yale.edu&utmcs=UTF-8&utmsr=1280x720&utmvp=1280x720&utmsc=24-bit&utmul=pl&utmje=0&utmfl=-&utmdt=Search%20WJE%20Online%20%7C%20The%20Jonathan%20Edwards%20Center%20at%20Yale%20University&utmhid=2091221090&utmr=-&utmp=%2Farchive%3Fpath%3DaHR0cDovL2Vkd2FyZHMueWFsZS5lZHUvY2dpLWJpbi9uZXdwaGlsby9nZXRvYmplY3QucGw%25252FYy40Mzo5LndqZW8%25253D&utmht=1787751897818&utmac=UA-1489454-4&utmcc=__utma%3D258641246.1723991717.1787751788.1787751788.1787751788.1%3B%2B__utmz%3D258641246.1787751788.1.1.utmcsr%3D(direct)%7Cutmccn%3D(direct)%7Cutmcmd%3D(none)%3B&utmjid=&utmu=qAAAAAAAAAAAAAAAAAAAAAAE~ reason=response.body: Response body is unavailable for redirect responses
2026-08-26T13:45:02.984Z scroll:stable height=21531 samples=43
2026-08-26T13:45:04.034Z complete:009.html html=79154 assets=14
2026-08-26T13:45:06.535Z attempt:1/3 010.html
2026-08-26T13:45:06.535Z navigation:start http://edwards.yale.edu/archive?path=aHR0cDovL2Vkd2FyZHMueWFsZS5lZHUvY2dpLWJpbi9uZXdwaGlsby9nZXRvYmplY3QucGw%2FYy40MzoxMC53amVv
2026-08-26T13:45:07.241Z resource:omit http://fonts.gstatic.com/s/playfairdisplay/v40/nuFkD-vYSZviVYUb_rj3ij__anPXDTnogkk7yRZrPA.woff2 reason=response.body: Protocol error (Network.getResponseBody): No data found for resource with given identifier
Response body is not available for a response that was navigated away from. Read response.body() before triggering any navigation.
2026-08-26T13:45:07.241Z resource:omit http://fonts.gstatic.com/s/playfairdisplay/v40/nuFiD-vYSZviVYUb_rj3ij__anPXDTzYgEM86xQ.woff2 reason=response.body: Protocol error (Network.getResponseBody): No data found for resource with given identifier
Response body is not available for a response that was navigated away from. Read response.body() before triggering any navigation.
2026-08-26T13:45:07.241Z resource:omit http://fonts.gstatic.com/s/opensans/v44/memvYaGs126MiZpBA-UvWbX2vVnXBbObj2OVTUGmu0SC55K5gw.woff2 reason=response.body: Protocol error (Network.getResponseBody): No data found for resource with given identifier
Response body is not available for a response that was navigated away from. Read response.body() before triggering any navigation.
2026-08-26T13:45:07.241Z resource:omit http://fonts.gstatic.com/s/opensans/v44/memvYaGs126MiZpBA-UvWbX2vVnXBbObj2OVTS-mu0SC55I.woff2 reason=response.body: Protocol error (Network.getResponseBody): No data found for resource with given identifier
Response body is not available for a response that was navigated away from. Read response.body() before triggering any navigation.
2026-08-26T13:45:08.110Z resource:omit http://www.google-analytics.com/ga.js reason=response.body: Response body is unavailable for redirect responses
2026-08-26T13:45:08.117Z resource:omit http://www.google-analytics.com/__utm.gif?utmwv=5.7.2&utms=11&utmn=1833009241&utmhn=edwards.yale.edu&utmcs=UTF-8&utmsr=1280x720&utmvp=1280x720&utmsc=24-bit&utmul=pl&utmje=0&utmfl=-&utmdt=Search%20WJE%20Online%20%7C%20The%20Jonathan%20Edwards%20Center%20at%20Yale%20University&utmhid=479005008&utmr=-&utmp=%2Farchive%3Fpath%3DaHR0cDovL2Vkd2FyZHMueWFsZS5lZHUvY2dpLWJpbi9uZXdwaGlsby9nZXRvYmplY3QucGw%25252FYy40MzoxMC53amVv&utmht=1787751908115&utmac=UA-1489454-4&utmcc=__utma%3D258641246.1723991717.1787751788.1787751788.1787751788.1%3B%2B__utmz%3D258641246.1787751788.1.1.utmcsr%3D(direct)%7Cutmccn%3D(direct)%7Cutmcmd%3D(none)%3B&utmjid=&utmu=qAAAAAAAAAAAAAAAAAAAAAAE~ reason=response.body: Response body is unavailable for redirect responses
2026-08-26T13:45:16.954Z scroll:stable height=37800 samples=73
2026-08-26T13:45:18.019Z complete:010.html html=117372 assets=14
2026-08-26T13:45:20.520Z attempt:1/3 011.html
2026-08-26T13:45:20.521Z navigation:start http://edwards.yale.edu/archive?path=aHR0cDovL2Vkd2FyZHMueWFsZS5lZHUvY2dpLWJpbi9uZXdwaGlsby9nZXRvYmplY3QucGw%2FYy40MzoxMS53amVv
2026-08-26T13:45:21.174Z resource:omit http://fonts.gstatic.com/s/playfairdisplay/v40/nuFkD-vYSZviVYUb_rj3ij__anPXDTnogkk7yRZrPA.woff2 reason=response.body: Protocol error (Network.getResponseBody): No data found for resource with given identifier
Response body is not available for a response that was navigated away from. Read response.body() before triggering any navigation.
2026-08-26T13:45:21.175Z resource:omit http://fonts.gstatic.com/s/opensans/v44/memvYaGs126MiZpBA-UvWbX2vVnXBbObj2OVTUGmu0SC55K5gw.woff2 reason=response.body: Protocol error (Network.getResponseBody): No data found for resource with given identifier
Response body is not available for a response that was navigated away from. Read response.body() before triggering any navigation.
2026-08-26T13:45:21.174Z resource:omit http://fonts.gstatic.com/s/playfairdisplay/v40/nuFiD-vYSZviVYUb_rj3ij__anPXDTzYgEM86xQ.woff2 reason=response.body: Protocol error (Network.getResponseBody): No data found for resource with given identifier
Response body is not available for a response that was navigated away from. Read response.body() before triggering any navigation.
2026-08-26T13:45:21.178Z resource:omit http://fonts.gstatic.com/s/opensans/v44/memvYaGs126MiZpBA-UvWbX2vVnXBbObj2OVTS-mu0SC55I.woff2 reason=response.body: Protocol error (Network.getResponseBody): No data found for resource with given identifier
Response body is not available for a response that was navigated away from. Read response.body() before triggering any navigation.
2026-08-26T13:45:21.917Z resource:omit http://www.google-analytics.com/ga.js reason=response.body: Response body is unavailable for redirect responses
2026-08-26T13:45:21.925Z resource:omit http://www.google-analytics.com/__utm.gif?utmwv=5.7.2&utms=12&utmn=1873063203&utmhn=edwards.yale.edu&utmcs=UTF-8&utmsr=1280x720&utmvp=1280x720&utmsc=24-bit&utmul=pl&utmje=0&utmfl=-&utmdt=Search%20WJE%20Online%20%7C%20The%20Jonathan%20Edwards%20Center%20at%20Yale%20University&utmhid=215267395&utmr=-&utmp=%2Farchive%3Fpath%3DaHR0cDovL2Vkd2FyZHMueWFsZS5lZHUvY2dpLWJpbi9uZXdwaGlsby9nZXRvYmplY3QucGw%25252FYy40MzoxMS53amVv&utmht=1787751921924&utmac=UA-1489454-4&utmcc=__utma%3D258641246.1723991717.1787751788.1787751788.1787751788.1%3B%2B__utmz%3D258641246.1787751788.1.1.utmcsr%3D(direct)%7Cutmccn%3D(direct)%7Cutmcmd%3D(none)%3B&utmjid=&utmu=qAAAAAAAAAAAAAAAAAAAAAAE~ reason=response.body: Response body is unavailable for redirect responses
2026-08-26T13:45:27.820Z scroll:stable height=24000 samples=48
2026-08-26T13:45:28.874Z complete:011.html html=86219 assets=14
2026-08-26T13:45:31.375Z attempt:1/3 012.html
2026-08-26T13:45:31.376Z navigation:start http://edwards.yale.edu/archive?path=aHR0cDovL2Vkd2FyZHMueWFsZS5lZHUvY2dpLWJpbi9uZXdwaGlsby9nZXRvYmplY3QucGw%2FYy40MzoxMi53amVv
2026-08-26T13:45:32.069Z resource:omit http://fonts.gstatic.com/s/playfairdisplay/v40/nuFkD-vYSZviVYUb_rj3ij__anPXDTnogkk7yRZrPA.woff2 reason=response.body: Protocol error (Network.getResponseBody): No data found for resource with given identifier
Response body is not available for a response that was navigated away from. Read response.body() before triggering any navigation.
2026-08-26T13:45:32.070Z resource:omit http://fonts.gstatic.com/s/playfairdisplay/v40/nuFiD-vYSZviVYUb_rj3ij__anPXDTzYgEM86xQ.woff2 reason=response.body: Protocol error (Network.getResponseBody): No data found for resource with given identifier
Response body is not available for a response that was navigated away from. Read response.body() before triggering any navigation.
2026-08-26T13:45:32.070Z resource:omit http://fonts.gstatic.com/s/opensans/v44/memvYaGs126MiZpBA-UvWbX2vVnXBbObj2OVTS-mu0SC55I.woff2 reason=response.body: Protocol error (Network.getResponseBody): No data found for resource with given identifier
Response body is not available for a response that was navigated away from. Read response.body() before triggering any navigation.
2026-08-26T13:45:32.070Z resource:omit http://fonts.gstatic.com/s/opensans/v44/memvYaGs126MiZpBA-UvWbX2vVnXBbObj2OVTUGmu0SC55K5gw.woff2 reason=response.body: Protocol error (Network.getResponseBody): No data found for resource with given identifier
Response body is not available for a response that was navigated away from. Read response.body() before triggering any navigation.
2026-08-26T13:45:32.954Z resource:omit http://www.google-analytics.com/ga.js reason=response.body: Response body is unavailable for redirect responses
2026-08-26T13:45:32.965Z resource:omit http://www.google-analytics.com/__utm.gif?utmwv=5.7.2&utms=13&utmn=1267132430&utmhn=edwards.yale.edu&utmcs=UTF-8&utmsr=1280x720&utmvp=1280x720&utmsc=24-bit&utmul=pl&utmje=0&utmfl=-&utmdt=Search%20WJE%20Online%20%7C%20The%20Jonathan%20Edwards%20Center%20at%20Yale%20University&utmhid=2085872382&utmr=-&utmp=%2Farchive%3Fpath%3DaHR0cDovL2Vkd2FyZHMueWFsZS5lZHUvY2dpLWJpbi9uZXdwaGlsby9nZXRvYmplY3QucGw%25252FYy40MzoxMi53amVv&utmht=1787751932959&utmac=UA-1489454-4&utmcc=__utma%3D258641246.1723991717.1787751788.1787751788.1787751788.1%3B%2B__utmz%3D258641246.1787751788.1.1.utmcsr%3D(direct)%7Cutmccn%3D(direct)%7Cutmcmd%3D(none)%3B&utmjid=&utmu=qAAAAAAAAAAAAAAAAAAAAAAE~ reason=response.body: Response body is unavailable for redirect responses
2026-08-26T13:45:41.074Z scroll:stable height=34774 samples=67
2026-08-26T13:45:42.142Z complete:012.html html=105527 assets=14
2026-08-26T13:45:44.644Z attempt:1/3 013.html
2026-08-26T13:45:44.645Z navigation:start http://edwards.yale.edu/archive?path=aHR0cDovL2Vkd2FyZHMueWFsZS5lZHUvY2dpLWJpbi9uZXdwaGlsby9nZXRvYmplY3QucGw%2FYy40MzoxMy53amVv
2026-08-26T13:45:45.375Z resource:omit http://fonts.gstatic.com/s/playfairdisplay/v40/nuFiD-vYSZviVYUb_rj3ij__anPXDTzYgEM86xQ.woff2 reason=response.body: Protocol error (Network.getResponseBody): No data found for resource with given identifier
Response body is not available for a response that was navigated away from. Read response.body() before triggering any navigation.
2026-08-26T13:45:45.375Z resource:omit http://fonts.gstatic.com/s/opensans/v44/memvYaGs126MiZpBA-UvWbX2vVnXBbObj2OVTUGmu0SC55K5gw.woff2 reason=response.body: Protocol error (Network.getResponseBody): No data found for resource with given identifier
Response body is not available for a response that was navigated away from. Read response.body() before triggering any navigation.
2026-08-26T13:45:45.374Z resource:omit http://fonts.gstatic.com/s/playfairdisplay/v40/nuFkD-vYSZviVYUb_rj3ij__anPXDTnogkk7yRZrPA.woff2 reason=response.body: Protocol error (Network.getResponseBody): No data found for resource with given identifier
Response body is not available for a response that was navigated away from. Read response.body() before triggering any navigation.
2026-08-26T13:45:45.375Z resource:omit http://fonts.gstatic.com/s/opensans/v44/memvYaGs126MiZpBA-UvWbX2vVnXBbObj2OVTS-mu0SC55I.woff2 reason=response.body: Protocol error (Network.getResponseBody): No data found for resource with given identifier
Response body is not available for a response that was navigated away from. Read response.body() before triggering any navigation.
2026-08-26T13:45:46.624Z resource:omit http://www.google-analytics.com/ga.js reason=response.body: Response body is unavailable for redirect responses
2026-08-26T13:45:46.630Z resource:omit http://www.google-analytics.com/__utm.gif?utmwv=5.7.2&utms=14&utmn=755754063&utmhn=edwards.yale.edu&utmcs=UTF-8&utmsr=1280x720&utmvp=1280x720&utmsc=24-bit&utmul=pl&utmje=0&utmfl=-&utmdt=Search%20WJE%20Online%20%7C%20The%20Jonathan%20Edwards%20Center%20at%20Yale%20University&utmhid=166760500&utmr=-&utmp=%2Farchive%3Fpath%3DaHR0cDovL2Vkd2FyZHMueWFsZS5lZHUvY2dpLWJpbi9uZXdwaGlsby9nZXRvYmplY3QucGw%25252FYy40MzoxMy53amVv&utmht=1787751946627&utmac=UA-1489454-4&utmcc=__utma%3D258641246.1723991717.1787751788.1787751788.1787751788.1%3B%2B__utmz%3D258641246.1787751788.1.1.utmcsr%3D(direct)%7Cutmccn%3D(direct)%7Cutmcmd%3D(none)%3B&utmjid=&utmu=qAAAAAAAAAAAAAAAAAAAAAAE~ reason=response.body: Response body is unavailable for redirect responses
2026-08-26T13:46:02.267Z scroll:stable height=67573 samples=128
2026-08-26T13:46:03.359Z complete:013.html html=178905 assets=14
2026-08-26T13:46:05.861Z attempt:1/3 014.html
2026-08-26T13:46:05.862Z navigation:start http://edwards.yale.edu/archive?path=aHR0cDovL2Vkd2FyZHMueWFsZS5lZHUvY2dpLWJpbi9uZXdwaGlsby9nZXRvYmplY3QucGw%2FYy40MzoxNC53amVv
2026-08-26T13:46:06.674Z resource:omit http://fonts.gstatic.com/s/playfairdisplay/v40/nuFkD-vYSZviVYUb_rj3ij__anPXDTnogkk7yRZrPA.woff2 reason=response.body: Protocol error (Network.getResponseBody): No data found for resource with given identifier
Response body is not available for a response that was navigated away from. Read response.body() before triggering any navigation.
2026-08-26T13:46:06.674Z resource:omit http://fonts.gstatic.com/s/playfairdisplay/v40/nuFiD-vYSZviVYUb_rj3ij__anPXDTzYgEM86xQ.woff2 reason=response.body: Protocol error (Network.getResponseBody): No data found for resource with given identifier
Response body is not available for a response that was navigated away from. Read response.body() before triggering any navigation.
2026-08-26T13:46:06.674Z resource:omit http://fonts.gstatic.com/s/opensans/v44/memvYaGs126MiZpBA-UvWbX2vVnXBbObj2OVTUGmu0SC55K5gw.woff2 reason=response.body: Protocol error (Network.getResponseBody): No data found for resource with given identifier
Response body is not available for a response that was navigated away from. Read response.body() before triggering any navigation.
2026-08-26T13:46:06.674Z resource:omit http://fonts.gstatic.com/s/opensans/v44/memvYaGs126MiZpBA-UvWbX2vVnXBbObj2OVTS-mu0SC55I.woff2 reason=response.body: Protocol error (Network.getResponseBody): No data found for resource with given identifier
Response body is not available for a response that was navigated away from. Read response.body() before triggering any navigation.
2026-08-26T13:46:07.362Z resource:omit http://www.google-analytics.com/ga.js reason=response.body: Response body is unavailable for redirect responses
2026-08-26T13:46:07.369Z resource:omit http://www.google-analytics.com/__utm.gif?utmwv=5.7.2&utms=15&utmn=1568962324&utmhn=edwards.yale.edu&utmcs=UTF-8&utmsr=1280x720&utmvp=1280x720&utmsc=24-bit&utmul=pl&utmje=0&utmfl=-&utmdt=Search%20WJE%20Online%20%7C%20The%20Jonathan%20Edwards%20Center%20at%20Yale%20University&utmhid=1410481912&utmr=-&utmp=%2Farchive%3Fpath%3DaHR0cDovL2Vkd2FyZHMueWFsZS5lZHUvY2dpLWJpbi9uZXdwaGlsby9nZXRvYmplY3QucGw%25252FYy40MzoxNC53amVv&utmht=1787751967366&utmac=UA-1489454-4&utmcc=__utma%3D258641246.1723991717.1787751788.1787751788.1787751788.1%3B%2B__utmz%3D258641246.1787751788.1.1.utmcsr%3D(direct)%7Cutmccn%3D(direct)%7Cutmcmd%3D(none)%3B&utmjid=&utmu=qAAAAAAAAAAAAAAAAAAAAAAE~ reason=response.body: Response body is unavailable for redirect responses
2026-08-26T13:46:12.656Z scroll:stable height=21990 samples=44
2026-08-26T13:46:13.707Z complete:014.html html=81887 assets=14
2026-08-26T13:46:16.209Z attempt:1/3 015.html
2026-08-26T13:46:16.209Z navigation:start http://edwards.yale.edu/archive?path=aHR0cDovL2Vkd2FyZHMueWFsZS5lZHUvY2dpLWJpbi9uZXdwaGlsby9nZXRvYmplY3QucGw%2FYy40MzoxNS53amVv
2026-08-26T13:46:16.869Z resource:omit http://fonts.gstatic.com/s/playfairdisplay/v40/nuFkD-vYSZviVYUb_rj3ij__anPXDTnogkk7yRZrPA.woff2 reason=response.body: Protocol error (Network.getResponseBody): No data found for resource with given identifier
Response body is not available for a response that was navigated away from. Read response.body() before triggering any navigation.
2026-08-26T13:46:16.869Z resource:omit http://fonts.gstatic.com/s/opensans/v44/memvYaGs126MiZpBA-UvWbX2vVnXBbObj2OVTS-mu0SC55I.woff2 reason=response.body: Protocol error (Network.getResponseBody): No data found for resource with given identifier
Response body is not available for a response that was navigated away from. Read response.body() before triggering any navigation.
2026-08-26T13:46:16.869Z resource:omit http://fonts.gstatic.com/s/playfairdisplay/v40/nuFiD-vYSZviVYUb_rj3ij__anPXDTzYgEM86xQ.woff2 reason=response.body: Protocol error (Network.getResponseBody): No data found for resource with given identifier
Response body is not available for a response that was navigated away from. Read response.body() before triggering any navigation.
2026-08-26T13:46:16.869Z resource:omit http://fonts.gstatic.com/s/opensans/v44/memvYaGs126MiZpBA-UvWbX2vVnXBbObj2OVTUGmu0SC55K5gw.woff2 reason=response.body: Protocol error (Network.getResponseBody): No data found for resource with given identifier
Response body is not available for a response that was navigated away from. Read response.body() before triggering any navigation.
2026-08-26T13:46:17.371Z resource:omit http://www.google-analytics.com/ga.js reason=response.body: Response body is unavailable for redirect responses
2026-08-26T13:46:17.375Z resource:omit http://www.google-analytics.com/__utm.gif?utmwv=5.7.2&utms=16&utmn=1164828984&utmhn=edwards.yale.edu&utmcs=UTF-8&utmsr=1280x720&utmvp=1280x720&utmsc=24-bit&utmul=pl&utmje=0&utmfl=-&utmdt=Search%20WJE%20Online%20%7C%20The%20Jonathan%20Edwards%20Center%20at%20Yale%20University&utmhid=14070948&utmr=-&utmp=%2Farchive%3Fpath%3DaHR0cDovL2Vkd2FyZHMueWFsZS5lZHUvY2dpLWJpbi9uZXdwaGlsby9nZXRvYmplY3QucGw%25252FYy40MzoxNS53amVv&utmht=1787751977373&utmac=UA-1489454-4&utmcc=__utma%3D258641246.1723991717.1787751788.1787751788.1787751788.1%3B%2B__utmz%3D258641246.1787751788.1.1.utmcsr%3D(direct)%7Cutmccn%3D(direct)%7Cutmcmd%3D(none)%3B&utmjid=&utmu=qAAAAAAAAAAAAAAAAAAAAAAE~ reason=response.body: Response body is unavailable for redirect responses
2026-08-26T13:46:21.455Z scroll:stable height=16845 samples=34
2026-08-26T13:46:22.507Z complete:015.html html=68298 assets=14
2026-08-26T13:46:25.009Z attempt:1/3 016.html
2026-08-26T13:46:25.009Z navigation:start http://edwards.yale.edu/archive?path=aHR0cDovL2Vkd2FyZHMueWFsZS5lZHUvY2dpLWJpbi9uZXdwaGlsby9nZXRvYmplY3QucGw%2FYy40MzoxNi53amVv
2026-08-26T13:46:25.684Z resource:omit http://fonts.gstatic.com/s/playfairdisplay/v40/nuFkD-vYSZviVYUb_rj3ij__anPXDTnogkk7yRZrPA.woff2 reason=response.body: Protocol error (Network.getResponseBody): No data found for resource with given identifier
Response body is not available for a response that was navigated away from. Read response.body() before triggering any navigation.
2026-08-26T13:46:25.684Z resource:omit http://fonts.gstatic.com/s/playfairdisplay/v40/nuFiD-vYSZviVYUb_rj3ij__anPXDTzYgEM86xQ.woff2 reason=response.body: Protocol error (Network.getResponseBody): No data found for resource with given identifier
Response body is not available for a response that was navigated away from. Read response.body() before triggering any navigation.
2026-08-26T13:46:25.685Z resource:omit http://fonts.gstatic.com/s/opensans/v44/memvYaGs126MiZpBA-UvWbX2vVnXBbObj2OVTUGmu0SC55K5gw.woff2 reason=response.body: Protocol error (Network.getResponseBody): No data found for resource with given identifier
Response body is not available for a response that was navigated away from. Read response.body() before triggering any navigation.
2026-08-26T13:46:25.685Z resource:omit http://fonts.gstatic.com/s/opensans/v44/memvYaGs126MiZpBA-UvWbX2vVnXBbObj2OVTS-mu0SC55I.woff2 reason=response.body: Protocol error (Network.getResponseBody): No data found for resource with given identifier
Response body is not available for a response that was navigated away from. Read response.body() before triggering any navigation.
2026-08-26T13:46:26.751Z resource:omit http://www.google-analytics.com/ga.js reason=response.body: Response body is unavailable for redirect responses
2026-08-26T13:46:26.760Z resource:omit http://www.google-analytics.com/__utm.gif?utmwv=5.7.2&utms=17&utmn=1161967065&utmhn=edwards.yale.edu&utmcs=UTF-8&utmsr=1280x720&utmvp=1280x720&utmsc=24-bit&utmul=pl&utmje=0&utmfl=-&utmdt=Search%20WJE%20Online%20%7C%20The%20Jonathan%20Edwards%20Center%20at%20Yale%20University&utmhid=1034189785&utmr=-&utmp=%2Farchive%3Fpath%3DaHR0cDovL2Vkd2FyZHMueWFsZS5lZHUvY2dpLWJpbi9uZXdwaGlsby9nZXRvYmplY3QucGw%25252FYy40MzoxNi53amVv&utmht=1787751986757&utmac=UA-1489454-4&utmcc=__utma%3D258641246.1723991717.1787751788.1787751788.1787751788.1%3B%2B__utmz%3D258641246.1787751788.1.1.utmcsr%3D(direct)%7Cutmccn%3D(direct)%7Cutmcmd%3D(none)%3B&utmjid=&utmu=qAAAAAAAAAAAAAAAAAAAAAAE~ reason=response.body: Response body is unavailable for redirect responses
2026-08-26T13:46:38.161Z scroll:stable height=48878 samples=94
2026-08-26T13:46:39.227Z complete:016.html html=139374 assets=14
2026-08-26T13:46:41.728Z attempt:1/3 017.html
2026-08-26T13:46:41.728Z navigation:start http://edwards.yale.edu/archive?path=aHR0cDovL2Vkd2FyZHMueWFsZS5lZHUvY2dpLWJpbi9uZXdwaGlsby9nZXRvYmplY3QucGw%2FYy40MzoxNy53amVv
2026-08-26T13:46:42.398Z resource:omit http://fonts.gstatic.com/s/playfairdisplay/v40/nuFkD-vYSZviVYUb_rj3ij__anPXDTnogkk7yRZrPA.woff2 reason=response.body: Protocol error (Network.getResponseBody): No data found for resource with given identifier
Response body is not available for a response that was navigated away from. Read response.body() before triggering any navigation.
2026-08-26T13:46:42.399Z resource:omit http://fonts.gstatic.com/s/playfairdisplay/v40/nuFiD-vYSZviVYUb_rj3ij__anPXDTzYgEM86xQ.woff2 reason=response.body: Protocol error (Network.getResponseBody): No data found for resource with given identifier
Response body is not available for a response that was navigated away from. Read response.body() before triggering any navigation.
2026-08-26T13:46:42.399Z resource:omit http://fonts.gstatic.com/s/opensans/v44/memvYaGs126MiZpBA-UvWbX2vVnXBbObj2OVTUGmu0SC55K5gw.woff2 reason=response.body: Protocol error (Network.getResponseBody): No data found for resource with given identifier
Response body is not available for a response that was navigated away from. Read response.body() before triggering any navigation.
2026-08-26T13:46:42.399Z resource:omit http://fonts.gstatic.com/s/opensans/v44/memvYaGs126MiZpBA-UvWbX2vVnXBbObj2OVTS-mu0SC55I.woff2 reason=response.body: Protocol error (Network.getResponseBody): No data found for resource with given identifier
Response body is not available for a response that was navigated away from. Read response.body() before triggering any navigation.
2026-08-26T13:46:43.001Z resource:omit http://www.google-analytics.com/ga.js reason=response.body: Response body is unavailable for redirect responses
2026-08-26T13:46:43.011Z resource:omit http://www.google-analytics.com/__utm.gif?utmwv=5.7.2&utms=18&utmn=874259423&utmhn=edwards.yale.edu&utmcs=UTF-8&utmsr=1280x720&utmvp=1280x720&utmsc=24-bit&utmul=pl&utmje=0&utmfl=-&utmdt=Search%20WJE%20Online%20%7C%20The%20Jonathan%20Edwards%20Center%20at%20Yale%20University&utmhid=1576945514&utmr=-&utmp=%2Farchive%3Fpath%3DaHR0cDovL2Vkd2FyZHMueWFsZS5lZHUvY2dpLWJpbi9uZXdwaGlsby9nZXRvYmplY3QucGw%25252FYy40MzoxNy53amVv&utmht=1787752003005&utmac=UA-1489454-4&utmcc=__utma%3D258641246.1723991717.1787751788.1787751788.1787751788.1%3B%2B__utmz%3D258641246.1787751788.1.1.utmcsr%3D(direct)%7Cutmccn%3D(direct)%7Cutmcmd%3D(none)%3B&utmjid=&utmu=qAAAAAAAAAAAAAAAAAAAAAAE~ reason=response.body: Response body is unavailable for redirect responses
2026-08-26T13:46:45.860Z scroll:stable height=11117 samples=24
2026-08-26T13:46:46.914Z complete:017.html html=57082 assets=14
2026-08-26T13:46:49.416Z attempt:1/3 018.html
2026-08-26T13:46:49.416Z navigation:start http://edwards.yale.edu/archive?path=aHR0cDovL2Vkd2FyZHMueWFsZS5lZHUvY2dpLWJpbi9uZXdwaGlsby9nZXRvYmplY3QucGw%2FYy40MzoxOC53amVv
2026-08-26T13:46:50.200Z resource:omit http://fonts.gstatic.com/s/playfairdisplay/v40/nuFkD-vYSZviVYUb_rj3ij__anPXDTnogkk7yRZrPA.woff2 reason=response.body: Protocol error (Network.getResponseBody): No data found for resource with given identifier
Response body is not available for a response that was navigated away from. Read response.body() before triggering any navigation.
2026-08-26T13:46:50.201Z resource:omit http://fonts.gstatic.com/s/opensans/v44/memvYaGs126MiZpBA-UvWbX2vVnXBbObj2OVTUGmu0SC55K5gw.woff2 reason=response.body: Protocol error (Network.getResponseBody): No data found for resource with given identifier
Response body is not available for a response that was navigated away from. Read response.body() before triggering any navigation.
2026-08-26T13:46:50.201Z resource:omit http://fonts.gstatic.com/s/playfairdisplay/v40/nuFiD-vYSZviVYUb_rj3ij__anPXDTzYgEM86xQ.woff2 reason=response.body: Protocol error (Network.getResponseBody): No data found for resource with given identifier
Response body is not available for a response that was navigated away from. Read response.body() before triggering any navigation.
2026-08-26T13:46:50.201Z resource:omit http://fonts.gstatic.com/s/opensans/v44/memvYaGs126MiZpBA-UvWbX2vVnXBbObj2OVTS-mu0SC55I.woff2 reason=response.body: Protocol error (Network.getResponseBody): No data found for resource with given identifier
Response body is not available for a response that was navigated away from. Read response.body() before triggering any navigation.
2026-08-26T13:46:51.101Z resource:omit http://www.google-analytics.com/ga.js reason=response.body: Response body is unavailable for redirect responses
2026-08-26T13:46:51.105Z resource:omit http://www.google-analytics.com/__utm.gif?utmwv=5.7.2&utms=19&utmn=1877757514&utmhn=edwards.yale.edu&utmcs=UTF-8&utmsr=1280x720&utmvp=1280x720&utmsc=24-bit&utmul=pl&utmje=0&utmfl=-&utmdt=Search%20WJE%20Online%20%7C%20The%20Jonathan%20Edwards%20Center%20at%20Yale%20University&utmhid=1299770067&utmr=-&utmp=%2Farchive%3Fpath%3DaHR0cDovL2Vkd2FyZHMueWFsZS5lZHUvY2dpLWJpbi9uZXdwaGlsby9nZXRvYmplY3QucGw%25252FYy40MzoxOC53amVv&utmht=1787752011101&utmac=UA-1489454-4&utmcc=__utma%3D258641246.1723991717.1787751788.1787751788.1787751788.1%3B%2B__utmz%3D258641246.1787751788.1.1.utmcsr%3D(direct)%7Cutmccn%3D(direct)%7Cutmcmd%3D(none)%3B&utmjid=&utmu=qAAAAAAAAAAAAAAAAAAAAAAE~ reason=response.body: Response body is unavailable for redirect responses
2026-08-26T13:46:58.070Z scroll:stable height=28834 samples=57
2026-08-26T13:46:59.126Z complete:018.html html=104299 assets=14
2026-08-26T13:47:01.626Z attempt:1/3 019.html
2026-08-26T13:47:01.626Z navigation:start http://edwards.yale.edu/archive?path=aHR0cDovL2Vkd2FyZHMueWFsZS5lZHUvY2dpLWJpbi9uZXdwaGlsby9nZXRvYmplY3QucGw%2FYy40MzoxOS53amVv
2026-08-26T13:47:02.386Z resource:omit http://fonts.gstatic.com/s/playfairdisplay/v40/nuFkD-vYSZviVYUb_rj3ij__anPXDTnogkk7yRZrPA.woff2 reason=response.body: Protocol error (Network.getResponseBody): No data found for resource with given identifier
Response body is not available for a response that was navigated away from. Read response.body() before triggering any navigation.
2026-08-26T13:47:02.387Z resource:omit http://fonts.gstatic.com/s/opensans/v44/memvYaGs126MiZpBA-UvWbX2vVnXBbObj2OVTUGmu0SC55K5gw.woff2 reason=response.body: Protocol error (Network.getResponseBody): No data found for resource with given identifier
Response body is not available for a response that was navigated away from. Read response.body() before triggering any navigation.
2026-08-26T13:47:02.387Z resource:omit http://fonts.gstatic.com/s/playfairdisplay/v40/nuFiD-vYSZviVYUb_rj3ij__anPXDTzYgEM86xQ.woff2 reason=response.body: Protocol error (Network.getResponseBody): No data found for resource with given identifier
Response body is not available for a response that was navigated away from. Read response.body() before triggering any navigation.
2026-08-26T13:47:02.387Z resource:omit http://fonts.gstatic.com/s/opensans/v44/memvYaGs126MiZpBA-UvWbX2vVnXBbObj2OVTS-mu0SC55I.woff2 reason=response.body: Protocol error (Network.getResponseBody): No data found for resource with given identifier
Response body is not available for a response that was navigated away from. Read response.body() before triggering any navigation.
2026-08-26T13:47:03.285Z resource:omit http://www.google-analytics.com/ga.js reason=response.body: Response body is unavailable for redirect responses
2026-08-26T13:47:03.291Z resource:omit http://www.google-analytics.com/__utm.gif?utmwv=5.7.2&utms=20&utmn=222140203&utmhn=edwards.yale.edu&utmcs=UTF-8&utmsr=1280x720&utmvp=1280x720&utmsc=24-bit&utmul=pl&utmje=0&utmfl=-&utmdt=Search%20WJE%20Online%20%7C%20The%20Jonathan%20Edwards%20Center%20at%20Yale%20University&utmhid=990372751&utmr=-&utmp=%2Farchive%3Fpath%3DaHR0cDovL2Vkd2FyZHMueWFsZS5lZHUvY2dpLWJpbi9uZXdwaGlsby9nZXRvYmplY3QucGw%25252FYy40MzoxOS53amVv&utmht=1787752023289&utmac=UA-1489454-4&utmcc=__utma%3D258641246.1723991717.1787751788.1787751788.1787751788.1%3B%2B__utmz%3D258641246.1787751788.1.1.utmcsr%3D(direct)%7Cutmccn%3D(direct)%7Cutmcmd%3D(none)%3B&utmjid=&utmu=qAAAAAAAAAAAAAAAAAAAAAAE~ reason=response.body: Response body is unavailable for redirect responses
2026-08-26T13:47:11.773Z scroll:stable height=36208 samples=70
2026-08-26T13:47:12.825Z complete:019.html html=108104 assets=14
2026-08-26T13:47:15.327Z attempt:1/3 020.html
2026-08-26T13:47:15.327Z navigation:start http://edwards.yale.edu/archive?path=aHR0cDovL2Vkd2FyZHMueWFsZS5lZHUvY2dpLWJpbi9uZXdwaGlsby9nZXRvYmplY3QucGw%2FYy40MzoyMC53amVv
2026-08-26T13:47:16.023Z resource:omit http://fonts.gstatic.com/s/playfairdisplay/v40/nuFiD-vYSZviVYUb_rj3ij__anPXDTzYgEM86xQ.woff2 reason=response.body: Protocol error (Network.getResponseBody): No data found for resource with given identifier
Response body is not available for a response that was navigated away from. Read response.body() before triggering any navigation.
2026-08-26T13:47:16.023Z resource:omit http://fonts.gstatic.com/s/playfairdisplay/v40/nuFkD-vYSZviVYUb_rj3ij__anPXDTnogkk7yRZrPA.woff2 reason=response.body: Protocol error (Network.getResponseBody): No data found for resource with given identifier
Response body is not available for a response that was navigated away from. Read response.body() before triggering any navigation.
2026-08-26T13:47:16.023Z resource:omit http://fonts.gstatic.com/s/opensans/v44/memvYaGs126MiZpBA-UvWbX2vVnXBbObj2OVTUGmu0SC55K5gw.woff2 reason=response.body: Protocol error (Network.getResponseBody): No data found for resource with given identifier
Response body is not available for a response that was navigated away from. Read response.body() before triggering any navigation.
2026-08-26T13:47:16.023Z resource:omit http://fonts.gstatic.com/s/opensans/v44/memvYaGs126MiZpBA-UvWbX2vVnXBbObj2OVTS-mu0SC55I.woff2 reason=response.body: Protocol error (Network.getResponseBody): No data found for resource with given identifier
Response body is not available for a response that was navigated away from. Read response.body() before triggering any navigation.
2026-08-26T13:47:16.785Z resource:omit http://www.google-analytics.com/ga.js reason=response.body: Response body is unavailable for redirect responses
2026-08-26T13:47:16.796Z resource:omit http://www.google-analytics.com/__utm.gif?utmwv=5.7.2&utms=21&utmn=1743976579&utmhn=edwards.yale.edu&utmcs=UTF-8&utmsr=1280x720&utmvp=1280x720&utmsc=24-bit&utmul=pl&utmje=0&utmfl=-&utmdt=Search%20WJE%20Online%20%7C%20The%20Jonathan%20Edwards%20Center%20at%20Yale%20University&utmhid=743344590&utmr=-&utmp=%2Farchive%3Fpath%3DaHR0cDovL2Vkd2FyZHMueWFsZS5lZHUvY2dpLWJpbi9uZXdwaGlsby9nZXRvYmplY3QucGw%25252FYy40MzoyMC53amVv&utmht=1787752036789&utmac=UA-1489454-4&utmcc=__utma%3D258641246.1723991717.1787751788.1787751788.1787751788.1%3B%2B__utmz%3D258641246.1787751788.1.1.utmcsr%3D(direct)%7Cutmccn%3D(direct)%7Cutmcmd%3D(none)%3B&utmjid=&utmu=qAAAAAAAAAAAAAAAAAAAAAAE~ reason=response.body: Response body is unavailable for redirect responses
2026-08-26T13:47:21.547Z scroll:stable height=19171 samples=39
2026-08-26T13:47:22.606Z complete:020.html html=79333 assets=14
2026-08-26T13:47:25.107Z attempt:1/3 021.html
2026-08-26T13:47:25.108Z navigation:start http://edwards.yale.edu/archive?path=aHR0cDovL2Vkd2FyZHMueWFsZS5lZHUvY2dpLWJpbi9uZXdwaGlsby9nZXRvYmplY3QucGw%2FYy40MzoyMS53amVv
2026-08-26T13:47:25.741Z resource:omit http://fonts.gstatic.com/s/playfairdisplay/v40/nuFkD-vYSZviVYUb_rj3ij__anPXDTnogkk7yRZrPA.woff2 reason=response.body: Protocol error (Network.getResponseBody): No data found for resource with given identifier
Response body is not available for a response that was navigated away from. Read response.body() before triggering any navigation.
2026-08-26T13:47:25.741Z resource:omit http://fonts.gstatic.com/s/playfairdisplay/v40/nuFiD-vYSZviVYUb_rj3ij__anPXDTzYgEM86xQ.woff2 reason=response.body: Protocol error (Network.getResponseBody): No data found for resource with given identifier
Response body is not available for a response that was navigated away from. Read response.body() before triggering any navigation.
2026-08-26T13:47:25.741Z resource:omit http://fonts.gstatic.com/s/opensans/v44/memvYaGs126MiZpBA-UvWbX2vVnXBbObj2OVTUGmu0SC55K5gw.woff2 reason=response.body: Protocol error (Network.getResponseBody): No data found for resource with given identifier
Response body is not available for a response that was navigated away from. Read response.body() before triggering any navigation.
2026-08-26T13:47:25.741Z resource:omit http://fonts.gstatic.com/s/opensans/v44/memvYaGs126MiZpBA-UvWbX2vVnXBbObj2OVTS-mu0SC55I.woff2 reason=response.body: Protocol error (Network.getResponseBody): No data found for resource with given identifier
Response body is not available for a response that was navigated away from. Read response.body() before triggering any navigation.
2026-08-26T13:47:26.530Z resource:omit http://www.google-analytics.com/ga.js reason=response.body: Response body is unavailable for redirect responses
2026-08-26T13:47:26.535Z resource:omit http://www.google-analytics.com/__utm.gif?utmwv=5.7.2&utms=22&utmn=986757589&utmhn=edwards.yale.edu&utmcs=UTF-8&utmsr=1280x720&utmvp=1280x720&utmsc=24-bit&utmul=pl&utmje=0&utmfl=-&utmdt=Search%20WJE%20Online%20%7C%20The%20Jonathan%20Edwards%20Center%20at%20Yale%20University&utmhid=217098774&utmr=-&utmp=%2Farchive%3Fpath%3DaHR0cDovL2Vkd2FyZHMueWFsZS5lZHUvY2dpLWJpbi9uZXdwaGlsby9nZXRvYmplY3QucGw%25252FYy40MzoyMS53amVv&utmht=1787752046532&utmac=UA-1489454-4&utmcc=__utma%3D258641246.1723991717.1787751788.1787751788.1787751788.1%3B%2B__utmz%3D258641246.1787751788.1.1.utmcsr%3D(direct)%7Cutmccn%3D(direct)%7Cutmcmd%3D(none)%3B&utmjid=&utmu=qAAAAAAAAAAAAAAAAAAAAAAE~ reason=response.body: Response body is unavailable for redirect responses
2026-08-26T13:47:30.970Z scroll:stable height=18091 samples=37
2026-08-26T13:47:32.024Z complete:021.html html=74894 assets=14
2026-08-26T13:47:34.525Z attempt:1/3 022.html
2026-08-26T13:47:34.526Z navigation:start http://edwards.yale.edu/archive?path=aHR0cDovL2Vkd2FyZHMueWFsZS5lZHUvY2dpLWJpbi9uZXdwaGlsby9nZXRvYmplY3QucGw%2FYy40MzoyMi53amVv
2026-08-26T13:47:35.269Z resource:omit http://fonts.gstatic.com/s/playfairdisplay/v40/nuFiD-vYSZviVYUb_rj3ij__anPXDTzYgEM86xQ.woff2 reason=response.body: Protocol error (Network.getResponseBody): No data found for resource with given identifier
Response body is not available for a response that was navigated away from. Read response.body() before triggering any navigation.
2026-08-26T13:47:35.269Z resource:omit http://fonts.gstatic.com/s/playfairdisplay/v40/nuFkD-vYSZviVYUb_rj3ij__anPXDTnogkk7yRZrPA.woff2 reason=response.body: Protocol error (Network.getResponseBody): No data found for resource with given identifier
Response body is not available for a response that was navigated away from. Read response.body() before triggering any navigation.
2026-08-26T13:47:35.269Z resource:omit http://fonts.gstatic.com/s/opensans/v44/memvYaGs126MiZpBA-UvWbX2vVnXBbObj2OVTS-mu0SC55I.woff2 reason=response.body: Protocol error (Network.getResponseBody): No data found for resource with given identifier
Response body is not available for a response that was navigated away from. Read response.body() before triggering any navigation.
2026-08-26T13:47:35.269Z resource:omit http://fonts.gstatic.com/s/opensans/v44/memvYaGs126MiZpBA-UvWbX2vVnXBbObj2OVTUGmu0SC55K5gw.woff2 reason=response.body: Protocol error (Network.getResponseBody): No data found for resource with given identifier
Response body is not available for a response that was navigated away from. Read response.body() before triggering any navigation.
2026-08-26T13:47:36.143Z resource:omit http://www.google-analytics.com/ga.js reason=response.body: Response body is unavailable for redirect responses
2026-08-26T13:47:36.147Z resource:omit http://www.google-analytics.com/__utm.gif?utmwv=5.7.2&utms=23&utmn=114252705&utmhn=edwards.yale.edu&utmcs=UTF-8&utmsr=1280x720&utmvp=1280x720&utmsc=24-bit&utmul=pl&utmje=0&utmfl=-&utmdt=Search%20WJE%20Online%20%7C%20The%20Jonathan%20Edwards%20Center%20at%20Yale%20University&utmhid=913492103&utmr=-&utmp=%2Farchive%3Fpath%3DaHR0cDovL2Vkd2FyZHMueWFsZS5lZHUvY2dpLWJpbi9uZXdwaGlsby9nZXRvYmplY3QucGw%25252FYy40MzoyMi53amVv&utmht=1787752056143&utmac=UA-1489454-4&utmcc=__utma%3D258641246.1723991717.1787751788.1787751788.1787751788.1%3B%2B__utmz%3D258641246.1787751788.1.1.utmcsr%3D(direct)%7Cutmccn%3D(direct)%7Cutmcmd%3D(none)%3B&utmjid=&utmu=qAAAAAAAAAAAAAAAAAAAAAAE~ reason=response.body: Response body is unavailable for redirect responses
2026-08-26T13:47:44.612Z scroll:stable height=36177 samples=70
2026-08-26T13:47:45.670Z complete:022.html html=110070 assets=14
2026-08-26T13:47:48.172Z attempt:1/3 023.html
2026-08-26T13:47:48.173Z navigation:start http://edwards.yale.edu/archive?path=aHR0cDovL2Vkd2FyZHMueWFsZS5lZHUvY2dpLWJpbi9uZXdwaGlsby9nZXRvYmplY3QucGw%2FYy40MzoyMy53amVv
2026-08-26T13:47:48.901Z resource:omit http://fonts.gstatic.com/s/playfairdisplay/v40/nuFkD-vYSZviVYUb_rj3ij__anPXDTnogkk7yRZrPA.woff2 reason=response.body: Protocol error (Network.getResponseBody): No data found for resource with given identifier
Response body is not available for a response that was navigated away from. Read response.body() before triggering any navigation.
2026-08-26T13:47:48.901Z resource:omit http://fonts.gstatic.com/s/playfairdisplay/v40/nuFiD-vYSZviVYUb_rj3ij__anPXDTzYgEM86xQ.woff2 reason=response.body: Protocol error (Network.getResponseBody): No data found for resource with given identifier
Response body is not available for a response that was navigated away from. Read response.body() before triggering any navigation.
2026-08-26T13:47:48.901Z resource:omit http://fonts.gstatic.com/s/opensans/v44/memvYaGs126MiZpBA-UvWbX2vVnXBbObj2OVTS-mu0SC55I.woff2 reason=response.body: Protocol error (Network.getResponseBody): No data found for resource with given identifier
Response body is not available for a response that was navigated away from. Read response.body() before triggering any navigation.
2026-08-26T13:47:48.901Z resource:omit http://fonts.gstatic.com/s/opensans/v44/memvYaGs126MiZpBA-UvWbX2vVnXBbObj2OVTUGmu0SC55K5gw.woff2 reason=response.body: Protocol error (Network.getResponseBody): No data found for resource with given identifier
Response body is not available for a response that was navigated away from. Read response.body() before triggering any navigation.
2026-08-26T13:47:49.416Z resource:omit http://www.google-analytics.com/ga.js reason=response.body: Response body is unavailable for redirect responses
2026-08-26T13:47:49.422Z resource:omit http://www.google-analytics.com/__utm.gif?utmwv=5.7.2&utms=24&utmn=1023384219&utmhn=edwards.yale.edu&utmcs=UTF-8&utmsr=1280x720&utmvp=1280x720&utmsc=24-bit&utmul=pl&utmje=0&utmfl=-&utmdt=Search%20WJE%20Online%20%7C%20The%20Jonathan%20Edwards%20Center%20at%20Yale%20University&utmhid=168447034&utmr=-&utmp=%2Farchive%3Fpath%3DaHR0cDovL2Vkd2FyZHMueWFsZS5lZHUvY2dpLWJpbi9uZXdwaGlsby9nZXRvYmplY3QucGw%25252FYy40MzoyMy53amVv&utmht=1787752069419&utmac=UA-1489454-4&utmcc=__utma%3D258641246.1723991717.1787751788.1787751788.1787751788.1%3B%2B__utmz%3D258641246.1787751788.1.1.utmcsr%3D(direct)%7Cutmccn%3D(direct)%7Cutmcmd%3D(none)%3B&utmjid=&utmu=qAAAAAAAAAAAAAAAAAAAAAAE~ reason=response.body: Response body is unavailable for redirect responses
2026-08-26T13:47:53.362Z scroll:stable height=16016 samples=33
2026-08-26T13:47:54.415Z complete:023.html html=66504 assets=14
2026-08-26T13:47:56.916Z attempt:1/3 024.html
2026-08-26T13:47:56.917Z navigation:start http://edwards.yale.edu/archive?path=aHR0cDovL2Vkd2FyZHMueWFsZS5lZHUvY2dpLWJpbi9uZXdwaGlsby9nZXRvYmplY3QucGw%2FYy40MzoyNC53amVv
2026-08-26T13:47:57.624Z resource:omit http://fonts.gstatic.com/s/playfairdisplay/v40/nuFiD-vYSZviVYUb_rj3ij__anPXDTzYgEM86xQ.woff2 reason=response.body: Protocol error (Network.getResponseBody): No data found for resource with given identifier
Response body is not available for a response that was navigated away from. Read response.body() before triggering any navigation.
2026-08-26T13:47:57.624Z resource:omit http://fonts.gstatic.com/s/playfairdisplay/v40/nuFkD-vYSZviVYUb_rj3ij__anPXDTnogkk7yRZrPA.woff2 reason=response.body: Protocol error (Network.getResponseBody): No data found for resource with given identifier
Response body is not available for a response that was navigated away from. Read response.body() before triggering any navigation.
2026-08-26T13:47:57.624Z resource:omit http://fonts.gstatic.com/s/opensans/v44/memvYaGs126MiZpBA-UvWbX2vVnXBbObj2OVTUGmu0SC55K5gw.woff2 reason=response.body: Protocol error (Network.getResponseBody): No data found for resource with given identifier
Response body is not available for a response that was navigated away from. Read response.body() before triggering any navigation.
2026-08-26T13:47:57.624Z resource:omit http://fonts.gstatic.com/s/opensans/v44/memvYaGs126MiZpBA-UvWbX2vVnXBbObj2OVTS-mu0SC55I.woff2 reason=response.body: Protocol error (Network.getResponseBody): No data found for resource with given identifier
Response body is not available for a response that was navigated away from. Read response.body() before triggering any navigation.
2026-08-26T13:47:58.706Z resource:omit http://www.google-analytics.com/ga.js reason=response.body: Response body is unavailable for redirect responses
2026-08-26T13:47:58.715Z resource:omit http://www.google-analytics.com/__utm.gif?utmwv=5.7.2&utms=25&utmn=898004802&utmhn=edwards.yale.edu&utmcs=UTF-8&utmsr=1280x720&utmvp=1280x720&utmsc=24-bit&utmul=pl&utmje=0&utmfl=-&utmdt=Search%20WJE%20Online%20%7C%20The%20Jonathan%20Edwards%20Center%20at%20Yale%20University&utmhid=668236397&utmr=-&utmp=%2Farchive%3Fpath%3DaHR0cDovL2Vkd2FyZHMueWFsZS5lZHUvY2dpLWJpbi9uZXdwaGlsby9nZXRvYmplY3QucGw%25252FYy40MzoyNC53amVv&utmht=1787752078710&utmac=UA-1489454-4&utmcc=__utma%3D258641246.1723991717.1787751788.1787751788.1787751788.1%3B%2B__utmz%3D258641246.1787751788.1.1.utmcsr%3D(direct)%7Cutmccn%3D(direct)%7Cutmcmd%3D(none)%3B&utmjid=&utmu=qAAAAAAAAAAAAAAAAAAAAAAE~ reason=response.body: Response body is unavailable for redirect responses
2026-08-26T13:48:10.630Z scroll:stable height=51336 samples=98
2026-08-26T13:48:11.698Z complete:024.html html=150197 assets=14
2026-08-26T13:48:14.199Z attempt:1/3 025.html
2026-08-26T13:48:14.199Z navigation:start http://edwards.yale.edu/archive?path=aHR0cDovL2Vkd2FyZHMueWFsZS5lZHUvY2dpLWJpbi9uZXdwaGlsby9nZXRvYmplY3QucGw%2FYy40MzoyNS53amVv
2026-08-26T13:48:14.872Z resource:omit http://fonts.gstatic.com/s/playfairdisplay/v40/nuFkD-vYSZviVYUb_rj3ij__anPXDTnogkk7yRZrPA.woff2 reason=response.body: Protocol error (Network.getResponseBody): No data found for resource with given identifier
Response body is not available for a response that was navigated away from. Read response.body() before triggering any navigation.
2026-08-26T13:48:14.872Z resource:omit http://fonts.gstatic.com/s/playfairdisplay/v40/nuFiD-vYSZviVYUb_rj3ij__anPXDTzYgEM86xQ.woff2 reason=response.body: Protocol error (Network.getResponseBody): No data found for resource with given identifier
Response body is not available for a response that was navigated away from. Read response.body() before triggering any navigation.
2026-08-26T13:48:14.872Z resource:omit http://fonts.gstatic.com/s/opensans/v44/memvYaGs126MiZpBA-UvWbX2vVnXBbObj2OVTUGmu0SC55K5gw.woff2 reason=response.body: Protocol error (Network.getResponseBody): No data found for resource with given identifier
Response body is not available for a response that was navigated away from. Read response.body() before triggering any navigation.
2026-08-26T13:48:14.872Z resource:omit http://fonts.gstatic.com/s/opensans/v44/memvYaGs126MiZpBA-UvWbX2vVnXBbObj2OVTS-mu0SC55I.woff2 reason=response.body: Protocol error (Network.getResponseBody): No data found for resource with given identifier
Response body is not available for a response that was navigated away from. Read response.body() before triggering any navigation.
2026-08-26T13:48:15.464Z resource:omit http://www.google-analytics.com/ga.js reason=response.body: Response body is unavailable for redirect responses
2026-08-26T13:48:15.470Z resource:omit http://www.google-analytics.com/__utm.gif?utmwv=5.7.2&utms=26&utmn=1553325377&utmhn=edwards.yale.edu&utmcs=UTF-8&utmsr=1280x720&utmvp=1280x720&utmsc=24-bit&utmul=pl&utmje=0&utmfl=-&utmdt=Search%20WJE%20Online%20%7C%20The%20Jonathan%20Edwards%20Center%20at%20Yale%20University&utmhid=1664208233&utmr=-&utmp=%2Farchive%3Fpath%3DaHR0cDovL2Vkd2FyZHMueWFsZS5lZHUvY2dpLWJpbi9uZXdwaGlsby9nZXRvYmplY3QucGw%25252FYy40MzoyNS53amVv&utmht=1787752095467&utmac=UA-1489454-4&utmcc=__utma%3D258641246.1723991717.1787751788.1787751788.1787751788.1%3B%2B__utmz%3D258641246.1787751788.1.1.utmcsr%3D(direct)%7Cutmccn%3D(direct)%7Cutmcmd%3D(none)%3B&utmjid=&utmu=qAAAAAAAAAAAAAAAAAAAAAAE~ reason=response.body: Response body is unavailable for redirect responses
2026-08-26T13:48:20.292Z scroll:stable height=20149 samples=40
2026-08-26T13:48:21.340Z complete:025.html html=74202 assets=14
2026-08-26T13:48:23.842Z attempt:1/3 026.html
2026-08-26T13:48:23.843Z navigation:start http://edwards.yale.edu/archive?path=aHR0cDovL2Vkd2FyZHMueWFsZS5lZHUvY2dpLWJpbi9uZXdwaGlsby9nZXRvYmplY3QucGw%2FYy40MzoyNi53amVv
2026-08-26T13:48:24.456Z resource:omit http://fonts.gstatic.com/s/playfairdisplay/v40/nuFkD-vYSZviVYUb_rj3ij__anPXDTnogkk7yRZrPA.woff2 reason=response.body: Protocol error (Network.getResponseBody): No data found for resource with given identifier
Response body is not available for a response that was navigated away from. Read response.body() before triggering any navigation.
2026-08-26T13:48:24.457Z resource:omit http://fonts.gstatic.com/s/playfairdisplay/v40/nuFiD-vYSZviVYUb_rj3ij__anPXDTzYgEM86xQ.woff2 reason=response.body: Protocol error (Network.getResponseBody): No data found for resource with given identifier
Response body is not available for a response that was navigated away from. Read response.body() before triggering any navigation.
2026-08-26T13:48:24.457Z resource:omit http://fonts.gstatic.com/s/opensans/v44/memvYaGs126MiZpBA-UvWbX2vVnXBbObj2OVTUGmu0SC55K5gw.woff2 reason=response.body: Protocol error (Network.getResponseBody): No data found for resource with given identifier
Response body is not available for a response that was navigated away from. Read response.body() before triggering any navigation.
2026-08-26T13:48:24.457Z resource:omit http://fonts.gstatic.com/s/opensans/v44/memvYaGs126MiZpBA-UvWbX2vVnXBbObj2OVTS-mu0SC55I.woff2 reason=response.body: Protocol error (Network.getResponseBody): No data found for resource with given identifier
Response body is not available for a response that was navigated away from. Read response.body() before triggering any navigation.
2026-08-26T13:48:25.264Z resource:omit http://www.google-analytics.com/ga.js reason=response.body: Response body is unavailable for redirect responses
2026-08-26T13:48:25.267Z resource:omit http://www.google-analytics.com/__utm.gif?utmwv=5.7.2&utms=27&utmn=438067966&utmhn=edwards.yale.edu&utmcs=UTF-8&utmsr=1280x720&utmvp=1280x720&utmsc=24-bit&utmul=pl&utmje=0&utmfl=-&utmdt=Search%20WJE%20Online%20%7C%20The%20Jonathan%20Edwards%20Center%20at%20Yale%20University&utmhid=65838&utmr=-&utmp=%2Farchive%3Fpath%3DaHR0cDovL2Vkd2FyZHMueWFsZS5lZHUvY2dpLWJpbi9uZXdwaGlsby9nZXRvYmplY3QucGw%25252FYy40MzoyNi53amVv&utmht=1787752105235&utmac=UA-1489454-4&utmcc=__utma%3D258641246.1723991717.1787751788.1787751788.1787751788.1%3B%2B__utmz%3D258641246.1787751788.1.1.utmcsr%3D(direct)%7Cutmccn%3D(direct)%7Cutmcmd%3D(none)%3B&utmjid=&utmu=qAAAAAAAAAAAAAAAAAAAAAAE~ reason=response.body: Response body is unavailable for redirect responses
2026-08-26T13:48:30.050Z scroll:stable height=19923 samples=40
2026-08-26T13:48:31.098Z complete:026.html html=77742 assets=14
2026-08-26T13:48:33.601Z attempt:1/3 027.html
2026-08-26T13:48:33.601Z navigation:start http://edwards.yale.edu/archive?path=aHR0cDovL2Vkd2FyZHMueWFsZS5lZHUvY2dpLWJpbi9uZXdwaGlsby9nZXRvYmplY3QucGw%2FYy40MzoyNy53amVv
2026-08-26T13:48:34.235Z resource:omit http://fonts.gstatic.com/s/playfairdisplay/v40/nuFkD-vYSZviVYUb_rj3ij__anPXDTnogkk7yRZrPA.woff2 reason=response.body: Protocol error (Network.getResponseBody): No data found for resource with given identifier
Response body is not available for a response that was navigated away from. Read response.body() before triggering any navigation.
2026-08-26T13:48:34.235Z resource:omit http://fonts.gstatic.com/s/opensans/v44/memvYaGs126MiZpBA-UvWbX2vVnXBbObj2OVTS-mu0SC55I.woff2 reason=response.body: Protocol error (Network.getResponseBody): No data found for resource with given identifier
Response body is not available for a response that was navigated away from. Read response.body() before triggering any navigation.
2026-08-26T13:48:34.235Z resource:omit http://fonts.gstatic.com/s/playfairdisplay/v40/nuFiD-vYSZviVYUb_rj3ij__anPXDTzYgEM86xQ.woff2 reason=response.body: Protocol error (Network.getResponseBody): No data found for resource with given identifier
Response body is not available for a response that was navigated away from. Read response.body() before triggering any navigation.
2026-08-26T13:48:34.235Z resource:omit http://fonts.gstatic.com/s/opensans/v44/memvYaGs126MiZpBA-UvWbX2vVnXBbObj2OVTUGmu0SC55K5gw.woff2 reason=response.body: Protocol error (Network.getResponseBody): No data found for resource with given identifier
Response body is not available for a response that was navigated away from. Read response.body() before triggering any navigation.
2026-08-26T13:48:34.747Z resource:omit http://www.google-analytics.com/ga.js reason=response.body: Response body is unavailable for redirect responses
2026-08-26T13:48:34.754Z resource:omit http://www.google-analytics.com/__utm.gif?utmwv=5.7.2&utms=28&utmn=14689843&utmhn=edwards.yale.edu&utmcs=UTF-8&utmsr=1280x720&utmvp=1280x720&utmsc=24-bit&utmul=pl&utmje=0&utmfl=-&utmdt=Search%20WJE%20Online%20%7C%20The%20Jonathan%20Edwards%20Center%20at%20Yale%20University&utmhid=544524814&utmr=-&utmp=%2Farchive%3Fpath%3DaHR0cDovL2Vkd2FyZHMueWFsZS5lZHUvY2dpLWJpbi9uZXdwaGlsby9nZXRvYmplY3QucGw%25252FYy40MzoyNy53amVv&utmht=1787752114751&utmac=UA-1489454-4&utmcc=__utma%3D258641246.1723991717.1787751788.1787751788.1787751788.1%3B%2B__utmz%3D258641246.1787751788.1.1.utmcsr%3D(direct)%7Cutmccn%3D(direct)%7Cutmcmd%3D(none)%3B&utmjid=&utmu=qAAAAAAAAAAAAAAAAAAAAAAE~ reason=response.body: Response body is unavailable for redirect responses
2026-08-26T13:48:39.067Z scroll:stable height=17796 samples=36
2026-08-26T13:48:40.124Z complete:027.html html=71032 assets=14
2026-08-26T13:48:42.626Z attempt:1/3 028.html
2026-08-26T13:48:42.626Z navigation:start http://edwards.yale.edu/archive?path=aHR0cDovL2Vkd2FyZHMueWFsZS5lZHUvY2dpLWJpbi9uZXdwaGlsby9nZXRvYmplY3QucGw%2FYy40MzoyOC53amVv
2026-08-26T13:48:43.421Z resource:omit http://fonts.gstatic.com/s/playfairdisplay/v40/nuFkD-vYSZviVYUb_rj3ij__anPXDTnogkk7yRZrPA.woff2 reason=response.body: Protocol error (Network.getResponseBody): No data found for resource with given identifier
Response body is not available for a response that was navigated away from. Read response.body() before triggering any navigation.
2026-08-26T13:48:43.422Z resource:omit http://fonts.gstatic.com/s/playfairdisplay/v40/nuFiD-vYSZviVYUb_rj3ij__anPXDTzYgEM86xQ.woff2 reason=response.body: Protocol error (Network.getResponseBody): No data found for resource with given identifier
Response body is not available for a response that was navigated away from. Read response.body() before triggering any navigation.
2026-08-26T13:48:43.422Z resource:omit http://fonts.gstatic.com/s/opensans/v44/memvYaGs126MiZpBA-UvWbX2vVnXBbObj2OVTUGmu0SC55K5gw.woff2 reason=response.body: Protocol error (Network.getResponseBody): No data found for resource with given identifier
Response body is not available for a response that was navigated away from. Read response.body() before triggering any navigation.
2026-08-26T13:48:43.423Z resource:omit http://fonts.gstatic.com/s/opensans/v44/memvYaGs126MiZpBA-UvWbX2vVnXBbObj2OVTS-mu0SC55I.woff2 reason=response.body: Protocol error (Network.getResponseBody): No data found for resource with given identifier
Response body is not available for a response that was navigated away from. Read response.body() before triggering any navigation.
2026-08-26T13:48:44.301Z resource:omit http://www.google-analytics.com/ga.js reason=response.body: Response body is unavailable for redirect responses
2026-08-26T13:48:44.308Z resource:omit http://www.google-analytics.com/__utm.gif?utmwv=5.7.2&utms=29&utmn=873001816&utmhn=edwards.yale.edu&utmcs=UTF-8&utmsr=1280x720&utmvp=1280x720&utmsc=24-bit&utmul=pl&utmje=0&utmfl=-&utmdt=Search%20WJE%20Online%20%7C%20The%20Jonathan%20Edwards%20Center%20at%20Yale%20University&utmhid=1362754848&utmr=-&utmp=%2Farchive%3Fpath%3DaHR0cDovL2Vkd2FyZHMueWFsZS5lZHUvY2dpLWJpbi9uZXdwaGlsby9nZXRvYmplY3QucGw%25252FYy40MzoyOC53amVv&utmht=1787752124306&utmac=UA-1489454-4&utmcc=__utma%3D258641246.1723991717.1787751788.1787751788.1787751788.1%3B%2B__utmz%3D258641246.1787751788.1.1.utmcsr%3D(direct)%7Cutmccn%3D(direct)%7Cutmcmd%3D(none)%3B&utmjid=&utmu=qAAAAAAAAAAAAAAAAAAAAAAE~ reason=response.body: Response body is unavailable for redirect responses
2026-08-26T13:48:52.524Z scroll:stable height=35202 samples=68
2026-08-26T13:48:53.577Z complete:028.html html=109742 assets=14
2026-08-26T13:48:56.079Z attempt:1/3 029.html
2026-08-26T13:48:56.080Z navigation:start http://edwards.yale.edu/archive?path=aHR0cDovL2Vkd2FyZHMueWFsZS5lZHUvY2dpLWJpbi9uZXdwaGlsby9nZXRvYmplY3QucGw%2FYy40MzoyOS53amVv
2026-08-26T13:48:56.552Z resource:omit http://fonts.gstatic.com/s/playfairdisplay/v40/nuFiD-vYSZviVYUb_rj3ij__anPXDTzYgEM86xQ.woff2 reason=response.body: Protocol error (Network.getResponseBody): No data found for resource with given identifier
Response body is not available for a response that was navigated away from. Read response.body() before triggering any navigation.
2026-08-26T13:48:56.552Z resource:omit http://fonts.gstatic.com/s/opensans/v44/memvYaGs126MiZpBA-UvWbX2vVnXBbObj2OVTUGmu0SC55K5gw.woff2 reason=response.body: Protocol error (Network.getResponseBody): No data found for resource with given identifier
Response body is not available for a response that was navigated away from. Read response.body() before triggering any navigation.
2026-08-26T13:48:56.552Z resource:omit http://fonts.gstatic.com/s/playfairdisplay/v40/nuFkD-vYSZviVYUb_rj3ij__anPXDTnogkk7yRZrPA.woff2 reason=response.body: Protocol error (Network.getResponseBody): No data found for resource with given identifier
Response body is not available for a response that was navigated away from. Read response.body() before triggering any navigation.
2026-08-26T13:48:56.552Z resource:omit http://fonts.gstatic.com/s/opensans/v44/memvYaGs126MiZpBA-UvWbX2vVnXBbObj2OVTS-mu0SC55I.woff2 reason=response.body: Protocol error (Network.getResponseBody): No data found for resource with given identifier
Response body is not available for a response that was navigated away from. Read response.body() before triggering any navigation.
2026-08-26T13:48:57.226Z resource:omit http://www.google-analytics.com/ga.js reason=response.body: Response body is unavailable for redirect responses
2026-08-26T13:48:57.237Z resource:omit http://www.google-analytics.com/__utm.gif?utmwv=5.7.2&utms=30&utmn=852919872&utmhn=edwards.yale.edu&utmcs=UTF-8&utmsr=1280x720&utmvp=1280x720&utmsc=24-bit&utmul=pl&utmje=0&utmfl=-&utmdt=Search%20WJE%20Online%20%7C%20The%20Jonathan%20Edwards%20Center%20at%20Yale%20University&utmhid=1680157995&utmr=-&utmp=%2Farchive%3Fpath%3DaHR0cDovL2Vkd2FyZHMueWFsZS5lZHUvY2dpLWJpbi9uZXdwaGlsby9nZXRvYmplY3QucGw%25252FYy40MzoyOS53amVv&utmht=1787752137230&utmac=UA-1489454-4&utmcc=__utma%3D258641246.1723991717.1787751788.1787751788.1787751788.1%3B%2B__utmz%3D258641246.1787751788.1.1.utmcsr%3D(direct)%7Cutmccn%3D(direct)%7Cutmcmd%3D(none)%3B&utmjid=&utmu=qAAAAAAAAAAAAAAAAAAAAAAE~ reason=response.body: Response body is unavailable for redirect responses
2026-08-26T13:49:01.539Z scroll:stable height=17748 samples=36
2026-08-26T13:49:02.591Z complete:029.html html=74855 assets=14
2026-08-26T13:49:05.092Z attempt:1/3 030.html
2026-08-26T13:49:05.093Z navigation:start http://edwards.yale.edu/archive?path=aHR0cDovL2Vkd2FyZHMueWFsZS5lZHUvY2dpLWJpbi9uZXdwaGlsby9nZXRvYmplY3QucGw%2FYy40MzozMC53amVv
2026-08-26T13:49:05.735Z resource:omit http://fonts.gstatic.com/s/playfairdisplay/v40/nuFkD-vYSZviVYUb_rj3ij__anPXDTnogkk7yRZrPA.woff2 reason=response.body: Protocol error (Network.getResponseBody): No data found for resource with given identifier
Response body is not available for a response that was navigated away from. Read response.body() before triggering any navigation.
2026-08-26T13:49:05.735Z resource:omit http://fonts.gstatic.com/s/playfairdisplay/v40/nuFiD-vYSZviVYUb_rj3ij__anPXDTzYgEM86xQ.woff2 reason=response.body: Protocol error (Network.getResponseBody): No data found for resource with given identifier
Response body is not available for a response that was navigated away from. Read response.body() before triggering any navigation.
2026-08-26T13:49:05.735Z resource:omit http://fonts.gstatic.com/s/opensans/v44/memvYaGs126MiZpBA-UvWbX2vVnXBbObj2OVTS-mu0SC55I.woff2 reason=response.body: Protocol error (Network.getResponseBody): No data found for resource with given identifier
Response body is not available for a response that was navigated away from. Read response.body() before triggering any navigation.
2026-08-26T13:49:05.735Z resource:omit http://fonts.gstatic.com/s/opensans/v44/memvYaGs126MiZpBA-UvWbX2vVnXBbObj2OVTUGmu0SC55K5gw.woff2 reason=response.body: Protocol error (Network.getResponseBody): No data found for resource with given identifier
Response body is not available for a response that was navigated away from. Read response.body() before triggering any navigation.
2026-08-26T13:49:06.302Z resource:omit http://www.google-analytics.com/ga.js reason=response.body: Response body is unavailable for redirect responses
2026-08-26T13:49:06.307Z resource:omit http://www.google-analytics.com/__utm.gif?utmwv=5.7.2&utms=31&utmn=2056441109&utmhn=edwards.yale.edu&utmcs=UTF-8&utmsr=1280x720&utmvp=1280x720&utmsc=24-bit&utmul=pl&utmje=0&utmfl=-&utmdt=Search%20WJE%20Online%20%7C%20The%20Jonathan%20Edwards%20Center%20at%20Yale%20University&utmhid=1171387006&utmr=-&utmp=%2Farchive%3Fpath%3DaHR0cDovL2Vkd2FyZHMueWFsZS5lZHUvY2dpLWJpbi9uZXdwaGlsby9nZXRvYmplY3QucGw%25252FYy40MzozMC53amVv&utmht=1787752146305&utmac=UA-1489454-4&utmcc=__utma%3D258641246.1723991717.1787751788.1787751788.1787751788.1%3B%2B__utmz%3D258641246.1787751788.1.1.utmcsr%3D(direct)%7Cutmccn%3D(direct)%7Cutmcmd%3D(none)%3B&utmjid=&utmu=qAAAAAAAAAAAAAAAAAAAAAAE~ reason=response.body: Response body is unavailable for redirect responses
2026-08-26T13:49:10.736Z scroll:stable height=18252 samples=37
2026-08-26T13:49:11.793Z complete:030.html html=72507 assets=14
2026-08-26T13:49:14.295Z attempt:1/3 031.html
2026-08-26T13:49:14.296Z navigation:start http://edwards.yale.edu/archive?path=aHR0cDovL2Vkd2FyZHMueWFsZS5lZHUvY2dpLWJpbi9uZXdwaGlsby9nZXRvYmplY3QucGw%2FYy40MzozMS53amVv
2026-08-26T13:49:14.968Z resource:omit http://fonts.gstatic.com/s/playfairdisplay/v40/nuFkD-vYSZviVYUb_rj3ij__anPXDTnogkk7yRZrPA.woff2 reason=response.body: Protocol error (Network.getResponseBody): No data found for resource with given identifier
Response body is not available for a response that was navigated away from. Read response.body() before triggering any navigation.
2026-08-26T13:49:14.968Z resource:omit http://fonts.gstatic.com/s/playfairdisplay/v40/nuFiD-vYSZviVYUb_rj3ij__anPXDTzYgEM86xQ.woff2 reason=response.body: Protocol error (Network.getResponseBody): No data found for resource with given identifier
Response body is not available for a response that was navigated away from. Read response.body() before triggering any navigation.
2026-08-26T13:49:14.968Z resource:omit http://fonts.gstatic.com/s/opensans/v44/memvYaGs126MiZpBA-UvWbX2vVnXBbObj2OVTUGmu0SC55K5gw.woff2 reason=response.body: Protocol error (Network.getResponseBody): No data found for resource with given identifier
Response body is not available for a response that was navigated away from. Read response.body() before triggering any navigation.
2026-08-26T13:49:14.968Z resource:omit http://fonts.gstatic.com/s/opensans/v44/memvYaGs126MiZpBA-UvWbX2vVnXBbObj2OVTS-mu0SC55I.woff2 reason=response.body: Protocol error (Network.getResponseBody): No data found for resource with given identifier
Response body is not available for a response that was navigated away from. Read response.body() before triggering any navigation.
2026-08-26T13:49:15.741Z resource:omit http://www.google-analytics.com/ga.js reason=response.body: Response body is unavailable for redirect responses
2026-08-26T13:49:15.746Z resource:omit http://www.google-analytics.com/__utm.gif?utmwv=5.7.2&utms=32&utmn=1599331623&utmhn=edwards.yale.edu&utmcs=UTF-8&utmsr=1280x720&utmvp=1280x720&utmsc=24-bit&utmul=pl&utmje=0&utmfl=-&utmdt=Search%20WJE%20Online%20%7C%20The%20Jonathan%20Edwards%20Center%20at%20Yale%20University&utmhid=1934050481&utmr=-&utmp=%2Farchive%3Fpath%3DaHR0cDovL2Vkd2FyZHMueWFsZS5lZHUvY2dpLWJpbi9uZXdwaGlsby9nZXRvYmplY3QucGw%25252FYy40MzozMS53amVv&utmht=1787752155743&utmac=UA-1489454-4&utmcc=__utma%3D258641246.1723991717.1787751788.1787751788.1787751788.1%3B%2B__utmz%3D258641246.1787751788.1.1.utmcsr%3D(direct)%7Cutmccn%3D(direct)%7Cutmcmd%3D(none)%3B&utmjid=&utmu=qAAAAAAAAAAAAAAAAAAAAAAE~ reason=response.body: Response body is unavailable for redirect responses
2026-08-26T13:49:21.169Z scroll:stable height=22362 samples=45
2026-08-26T13:49:22.225Z complete:031.html html=85207 assets=14
2026-08-26T13:49:24.726Z attempt:1/3 032.html
2026-08-26T13:49:24.726Z navigation:start http://edwards.yale.edu/archive?path=aHR0cDovL2Vkd2FyZHMueWFsZS5lZHUvY2dpLWJpbi9uZXdwaGlsby9nZXRvYmplY3QucGw%2FYy40MzozMi53amVv
2026-08-26T13:49:25.486Z resource:omit http://fonts.gstatic.com/s/playfairdisplay/v40/nuFkD-vYSZviVYUb_rj3ij__anPXDTnogkk7yRZrPA.woff2 reason=response.body: Protocol error (Network.getResponseBody): No data found for resource with given identifier
Response body is not available for a response that was navigated away from. Read response.body() before triggering any navigation.
2026-08-26T13:49:25.487Z resource:omit http://fonts.gstatic.com/s/playfairdisplay/v40/nuFiD-vYSZviVYUb_rj3ij__anPXDTzYgEM86xQ.woff2 reason=response.body: Protocol error (Network.getResponseBody): No data found for resource with given identifier
Response body is not available for a response that was navigated away from. Read response.body() before triggering any navigation.
2026-08-26T13:49:25.487Z resource:omit http://fonts.gstatic.com/s/opensans/v44/memvYaGs126MiZpBA-UvWbX2vVnXBbObj2OVTUGmu0SC55K5gw.woff2 reason=response.body: Protocol error (Network.getResponseBody): No data found for resource with given identifier
Response body is not available for a response that was navigated away from. Read response.body() before triggering any navigation.
2026-08-26T13:49:25.487Z resource:omit http://fonts.gstatic.com/s/opensans/v44/memvYaGs126MiZpBA-UvWbX2vVnXBbObj2OVTS-mu0SC55I.woff2 reason=response.body: Protocol error (Network.getResponseBody): No data found for resource with given identifier
Response body is not available for a response that was navigated away from. Read response.body() before triggering any navigation.
2026-08-26T13:49:26.051Z resource:omit http://www.google-analytics.com/ga.js reason=response.body: Response body is unavailable for redirect responses
2026-08-26T13:49:26.057Z resource:omit http://www.google-analytics.com/__utm.gif?utmwv=5.7.2&utms=33&utmn=482576823&utmhn=edwards.yale.edu&utmcs=UTF-8&utmsr=1280x720&utmvp=1280x720&utmsc=24-bit&utmul=pl&utmje=0&utmfl=-&utmdt=Search%20WJE%20Online%20%7C%20The%20Jonathan%20Edwards%20Center%20at%20Yale%20University&utmhid=490863225&utmr=-&utmp=%2Farchive%3Fpath%3DaHR0cDovL2Vkd2FyZHMueWFsZS5lZHUvY2dpLWJpbi9uZXdwaGlsby9nZXRvYmplY3QucGw%25252FYy40MzozMi53amVv&utmht=1787752166055&utmac=UA-1489454-4&utmcc=__utma%3D258641246.1723991717.1787751788.1787751788.1787751788.1%3B%2B__utmz%3D258641246.1787751788.1.1.utmcsr%3D(direct)%7Cutmccn%3D(direct)%7Cutmcmd%3D(none)%3B&utmjid=&utmu=qAAAAAAAAAAAAAAAAAAAAAAE~ reason=response.body: Response body is unavailable for redirect responses
2026-08-26T13:49:29.626Z scroll:stable height=14473 samples=30
2026-08-26T13:49:30.681Z complete:032.html html=61271 assets=14
2026-08-26T13:49:33.184Z attempt:1/3 033.html
2026-08-26T13:49:33.185Z navigation:start http://edwards.yale.edu/archive?path=aHR0cDovL2Vkd2FyZHMueWFsZS5lZHUvY2dpLWJpbi9uZXdwaGlsby9nZXRvYmplY3QucGw%2FYy40MzozMy53amVv
2026-08-26T13:49:33.851Z resource:omit http://fonts.gstatic.com/s/playfairdisplay/v40/nuFkD-vYSZviVYUb_rj3ij__anPXDTnogkk7yRZrPA.woff2 reason=response.body: Protocol error (Network.getResponseBody): No data found for resource with given identifier
Response body is not available for a response that was navigated away from. Read response.body() before triggering any navigation.
2026-08-26T13:49:33.851Z resource:omit http://fonts.gstatic.com/s/playfairdisplay/v40/nuFiD-vYSZviVYUb_rj3ij__anPXDTzYgEM86xQ.woff2 reason=response.body: Protocol error (Network.getResponseBody): No data found for resource with given identifier
Response body is not available for a response that was navigated away from. Read response.body() before triggering any navigation.
2026-08-26T13:49:33.852Z resource:omit http://fonts.gstatic.com/s/opensans/v44/memvYaGs126MiZpBA-UvWbX2vVnXBbObj2OVTS-mu0SC55I.woff2 reason=response.body: Protocol error (Network.getResponseBody): No data found for resource with given identifier
Response body is not available for a response that was navigated away from. Read response.body() before triggering any navigation.
2026-08-26T13:49:33.851Z resource:omit http://fonts.gstatic.com/s/opensans/v44/memvYaGs126MiZpBA-UvWbX2vVnXBbObj2OVTUGmu0SC55K5gw.woff2 reason=response.body: Protocol error (Network.getResponseBody): No data found for resource with given identifier
Response body is not available for a response that was navigated away from. Read response.body() before triggering any navigation.
2026-08-26T13:49:34.786Z resource:omit http://www.google-analytics.com/ga.js reason=response.body: Response body is unavailable for redirect responses
2026-08-26T13:49:34.794Z resource:omit http://www.google-analytics.com/__utm.gif?utmwv=5.7.2&utms=34&utmn=1190846514&utmhn=edwards.yale.edu&utmcs=UTF-8&utmsr=1280x720&utmvp=1280x720&utmsc=24-bit&utmul=pl&utmje=0&utmfl=-&utmdt=Search%20WJE%20Online%20%7C%20The%20Jonathan%20Edwards%20Center%20at%20Yale%20University&utmhid=1696417630&utmr=-&utmp=%2Farchive%3Fpath%3DaHR0cDovL2Vkd2FyZHMueWFsZS5lZHUvY2dpLWJpbi9uZXdwaGlsby9nZXRvYmplY3QucGw%25252FYy40MzozMy53amVv&utmht=1787752174792&utmac=UA-1489454-4&utmcc=__utma%3D258641246.1723991717.1787751788.1787751788.1787751788.1%3B%2B__utmz%3D258641246.1787751788.1.1.utmcsr%3D(direct)%7Cutmccn%3D(direct)%7Cutmcmd%3D(none)%3B&utmjid=&utmu=qAAAAAAAAAAAAAAAAAAAAAAE~ reason=response.body: Response body is unavailable for redirect responses
2026-08-26T13:49:39.716Z scroll:stable height=20671 samples=41
2026-08-26T13:49:40.766Z complete:033.html html=79691 assets=14
2026-08-26T13:49:43.268Z attempt:1/3 034.html
2026-08-26T13:49:43.268Z navigation:start http://edwards.yale.edu/archive?path=aHR0cDovL2Vkd2FyZHMueWFsZS5lZHUvY2dpLWJpbi9uZXdwaGlsby9nZXRvYmplY3QucGw%2FYy40MzozNC53amVv
2026-08-26T13:49:43.902Z resource:omit http://fonts.gstatic.com/s/playfairdisplay/v40/nuFkD-vYSZviVYUb_rj3ij__anPXDTnogkk7yRZrPA.woff2 reason=response.body: Protocol error (Network.getResponseBody): No data found for resource with given identifier
Response body is not available for a response that was navigated away from. Read response.body() before triggering any navigation.
2026-08-26T13:49:43.902Z resource:omit http://fonts.gstatic.com/s/playfairdisplay/v40/nuFiD-vYSZviVYUb_rj3ij__anPXDTzYgEM86xQ.woff2 reason=response.body: Protocol error (Network.getResponseBody): No data found for resource with given identifier
Response body is not available for a response that was navigated away from. Read response.body() before triggering any navigation.
2026-08-26T13:49:43.902Z resource:omit http://fonts.gstatic.com/s/opensans/v44/memvYaGs126MiZpBA-UvWbX2vVnXBbObj2OVTS-mu0SC55I.woff2 reason=response.body: Protocol error (Network.getResponseBody): No data found for resource with given identifier
Response body is not available for a response that was navigated away from. Read response.body() before triggering any navigation.
2026-08-26T13:49:43.902Z resource:omit http://fonts.gstatic.com/s/opensans/v44/memvYaGs126MiZpBA-UvWbX2vVnXBbObj2OVTUGmu0SC55K5gw.woff2 reason=response.body: Protocol error (Network.getResponseBody): No data found for resource with given identifier
Response body is not available for a response that was navigated away from. Read response.body() before triggering any navigation.
2026-08-26T13:49:44.592Z resource:omit http://www.google-analytics.com/ga.js reason=response.body: Response body is unavailable for redirect responses
2026-08-26T13:49:44.598Z resource:omit http://www.google-analytics.com/__utm.gif?utmwv=5.7.2&utms=35&utmn=164105357&utmhn=edwards.yale.edu&utmcs=UTF-8&utmsr=1280x720&utmvp=1280x720&utmsc=24-bit&utmul=pl&utmje=0&utmfl=-&utmdt=Search%20WJE%20Online%20%7C%20The%20Jonathan%20Edwards%20Center%20at%20Yale%20University&utmhid=518780753&utmr=-&utmp=%2Farchive%3Fpath%3DaHR0cDovL2Vkd2FyZHMueWFsZS5lZHUvY2dpLWJpbi9uZXdwaGlsby9nZXRvYmplY3QucGw%25252FYy40MzozNC53amVv&utmht=1787752184596&utmac=UA-1489454-4&utmcc=__utma%3D258641246.1723991717.1787751788.1787751788.1787751788.1%3B%2B__utmz%3D258641246.1787751788.1.1.utmcsr%3D(direct)%7Cutmccn%3D(direct)%7Cutmcmd%3D(none)%3B&utmjid=&utmu=qAAAAAAAAAAAAAAAAAAAAAAE~ reason=response.body: Response body is unavailable for redirect responses
2026-08-26T13:49:49.526Z scroll:stable height=20689 samples=41
2026-08-26T13:49:50.583Z complete:034.html html=79460 assets=14
2026-08-26T13:49:53.094Z attempt:1/3 035.html
2026-08-26T13:49:53.096Z navigation:start http://edwards.yale.edu/archive?path=aHR0cDovL2Vkd2FyZHMueWFsZS5lZHUvY2dpLWJpbi9uZXdwaGlsby9nZXRvYmplY3QucGw%2FYy40MzozNS53amVv
2026-08-26T13:49:53.751Z resource:omit http://fonts.gstatic.com/s/playfairdisplay/v40/nuFkD-vYSZviVYUb_rj3ij__anPXDTnogkk7yRZrPA.woff2 reason=response.body: Protocol error (Network.getResponseBody): No data found for resource with given identifier
Response body is not available for a response that was navigated away from. Read response.body() before triggering any navigation.
2026-08-26T13:49:53.751Z resource:omit http://fonts.gstatic.com/s/playfairdisplay/v40/nuFiD-vYSZviVYUb_rj3ij__anPXDTzYgEM86xQ.woff2 reason=response.body: Protocol error (Network.getResponseBody): No data found for resource with given identifier
Response body is not available for a response that was navigated away from. Read response.body() before triggering any navigation.
2026-08-26T13:49:53.752Z resource:omit http://fonts.gstatic.com/s/opensans/v44/memvYaGs126MiZpBA-UvWbX2vVnXBbObj2OVTUGmu0SC55K5gw.woff2 reason=response.body: Protocol error (Network.getResponseBody): No data found for resource with given identifier
Response body is not available for a response that was navigated away from. Read response.body() before triggering any navigation.
2026-08-26T13:49:53.752Z resource:omit http://fonts.gstatic.com/s/opensans/v44/memvYaGs126MiZpBA-UvWbX2vVnXBbObj2OVTS-mu0SC55I.woff2 reason=response.body: Protocol error (Network.getResponseBody): No data found for resource with given identifier
Response body is not available for a response that was navigated away from. Read response.body() before triggering any navigation.
2026-08-26T13:49:54.547Z resource:omit http://www.google-analytics.com/ga.js reason=response.body: Response body is unavailable for redirect responses
2026-08-26T13:49:54.552Z resource:omit http://www.google-analytics.com/__utm.gif?utmwv=5.7.2&utms=36&utmn=32017334&utmhn=edwards.yale.edu&utmcs=UTF-8&utmsr=1280x720&utmvp=1280x720&utmsc=24-bit&utmul=pl&utmje=0&utmfl=-&utmdt=Search%20WJE%20Online%20%7C%20The%20Jonathan%20Edwards%20Center%20at%20Yale%20University&utmhid=1036392524&utmr=-&utmp=%2Farchive%3Fpath%3DaHR0cDovL2Vkd2FyZHMueWFsZS5lZHUvY2dpLWJpbi9uZXdwaGlsby9nZXRvYmplY3QucGw%25252FYy40MzozNS53amVv&utmht=1787752194550&utmac=UA-1489454-4&utmcc=__utma%3D258641246.1723991717.1787751788.1787751788.1787751788.1%3B%2B__utmz%3D258641246.1787751788.1.1.utmcsr%3D(direct)%7Cutmccn%3D(direct)%7Cutmcmd%3D(none)%3B&utmjid=&utmu=qAAAAAAAAAAAAAAAAAAAAAAE~ reason=response.body: Response body is unavailable for redirect responses
2026-08-26T13:49:59.594Z scroll:stable height=21194 samples=42
2026-08-26T13:50:00.649Z complete:035.html html=78067 assets=14
2026-08-26T13:50:03.157Z attempt:1/3 036.html
2026-08-26T13:50:03.158Z navigation:start http://edwards.yale.edu/archive?path=aHR0cDovL2Vkd2FyZHMueWFsZS5lZHUvY2dpLWJpbi9uZXdwaGlsby9nZXRvYmplY3QucGw%2FYy40MzozNi53amVv
2026-08-26T13:50:03.849Z resource:omit http://fonts.gstatic.com/s/playfairdisplay/v40/nuFkD-vYSZviVYUb_rj3ij__anPXDTnogkk7yRZrPA.woff2 reason=response.body: Protocol error (Network.getResponseBody): No data found for resource with given identifier
Response body is not available for a response that was navigated away from. Read response.body() before triggering any navigation.
2026-08-26T13:50:03.851Z resource:omit http://fonts.gstatic.com/s/playfairdisplay/v40/nuFiD-vYSZviVYUb_rj3ij__anPXDTzYgEM86xQ.woff2 reason=response.body: Protocol error (Network.getResponseBody): No data found for resource with given identifier
Response body is not available for a response that was navigated away from. Read response.body() before triggering any navigation.
2026-08-26T13:50:03.851Z resource:omit http://fonts.gstatic.com/s/opensans/v44/memvYaGs126MiZpBA-UvWbX2vVnXBbObj2OVTS-mu0SC55I.woff2 reason=response.body: Protocol error (Network.getResponseBody): No data found for resource with given identifier
Response body is not available for a response that was navigated away from. Read response.body() before triggering any navigation.
2026-08-26T13:50:03.851Z resource:omit http://fonts.gstatic.com/s/opensans/v44/memvYaGs126MiZpBA-UvWbX2vVnXBbObj2OVTUGmu0SC55K5gw.woff2 reason=response.body: Protocol error (Network.getResponseBody): No data found for resource with given identifier
Response body is not available for a response that was navigated away from. Read response.body() before triggering any navigation.
2026-08-26T13:50:04.717Z resource:omit http://www.google-analytics.com/ga.js reason=response.body: Response body is unavailable for redirect responses
2026-08-26T13:50:04.720Z resource:omit http://www.google-analytics.com/__utm.gif?utmwv=5.7.2&utms=37&utmn=1375409254&utmhn=edwards.yale.edu&utmcs=UTF-8&utmsr=1280x720&utmvp=1280x720&utmsc=24-bit&utmul=pl&utmje=0&utmfl=-&utmdt=Search%20WJE%20Online%20%7C%20The%20Jonathan%20Edwards%20Center%20at%20Yale%20University&utmhid=975864131&utmr=-&utmp=%2Farchive%3Fpath%3DaHR0cDovL2Vkd2FyZHMueWFsZS5lZHUvY2dpLWJpbi9uZXdwaGlsby9nZXRvYmplY3QucGw%25252FYy40MzozNi53amVv&utmht=1787752204717&utmac=UA-1489454-4&utmcc=__utma%3D258641246.1723991717.1787751788.1787751788.1787751788.1%3B%2B__utmz%3D258641246.1787751788.1.1.utmcsr%3D(direct)%7Cutmccn%3D(direct)%7Cutmcmd%3D(none)%3B&utmjid=&utmu=qAAAAAAAAAAAAAAAAAAAAAAE~ reason=response.body: Response body is unavailable for redirect responses
2026-08-26T13:50:11.719Z scroll:stable height=29444 samples=58
2026-08-26T13:50:12.775Z complete:036.html html=101359 assets=14
2026-08-26T13:50:15.277Z attempt:1/3 037.html
2026-08-26T13:50:15.278Z navigation:start http://edwards.yale.edu/archive?path=aHR0cDovL2Vkd2FyZHMueWFsZS5lZHUvY2dpLWJpbi9uZXdwaGlsby9nZXRvYmplY3QucGw%2FYy40MzozNy53amVv
2026-08-26T13:50:15.973Z resource:omit http://fonts.gstatic.com/s/playfairdisplay/v40/nuFkD-vYSZviVYUb_rj3ij__anPXDTnogkk7yRZrPA.woff2 reason=response.body: Protocol error (Network.getResponseBody): No data found for resource with given identifier
Response body is not available for a response that was navigated away from. Read response.body() before triggering any navigation.
2026-08-26T13:50:15.974Z resource:omit http://fonts.gstatic.com/s/playfairdisplay/v40/nuFiD-vYSZviVYUb_rj3ij__anPXDTzYgEM86xQ.woff2 reason=response.body: Protocol error (Network.getResponseBody): No data found for resource with given identifier
Response body is not available for a response that was navigated away from. Read response.body() before triggering any navigation.
2026-08-26T13:50:15.974Z resource:omit http://fonts.gstatic.com/s/opensans/v44/memvYaGs126MiZpBA-UvWbX2vVnXBbObj2OVTUGmu0SC55K5gw.woff2 reason=response.body: Protocol error (Network.getResponseBody): No data found for resource with given identifier
Response body is not available for a response that was navigated away from. Read response.body() before triggering any navigation.
2026-08-26T13:50:15.974Z resource:omit http://fonts.gstatic.com/s/opensans/v44/memvYaGs126MiZpBA-UvWbX2vVnXBbObj2OVTS-mu0SC55I.woff2 reason=response.body: Protocol error (Network.getResponseBody): No data found for resource with given identifier
Response body is not available for a response that was navigated away from. Read response.body() before triggering any navigation.
2026-08-26T13:50:16.740Z resource:omit http://www.google-analytics.com/ga.js reason=response.body: Response body is unavailable for redirect responses
2026-08-26T13:50:16.745Z resource:omit http://www.google-analytics.com/__utm.gif?utmwv=5.7.2&utms=38&utmn=1886182206&utmhn=edwards.yale.edu&utmcs=UTF-8&utmsr=1280x720&utmvp=1280x720&utmsc=24-bit&utmul=pl&utmje=0&utmfl=-&utmdt=Search%20WJE%20Online%20%7C%20The%20Jonathan%20Edwards%20Center%20at%20Yale%20University&utmhid=830779009&utmr=-&utmp=%2Farchive%3Fpath%3DaHR0cDovL2Vkd2FyZHMueWFsZS5lZHUvY2dpLWJpbi9uZXdwaGlsby9nZXRvYmplY3QucGw%25252FYy40MzozNy53amVv&utmht=1787752216742&utmac=UA-1489454-4&utmcc=__utma%3D258641246.1723991717.1787751788.1787751788.1787751788.1%3B%2B__utmz%3D258641246.1787751788.1.1.utmcsr%3D(direct)%7Cutmccn%3D(direct)%7Cutmcmd%3D(none)%3B&utmjid=&utmu=qAAAAAAAAAAAAAAAAAAAAAAE~ reason=response.body: Response body is unavailable for redirect responses
2026-08-26T13:50:21.050Z scroll:stable height=17796 samples=36
2026-08-26T13:50:22.098Z complete:037.html html=73000 assets=14
2026-08-26T13:50:24.600Z attempt:1/3 038.html
2026-08-26T13:50:24.601Z navigation:start http://edwards.yale.edu/archive?path=aHR0cDovL2Vkd2FyZHMueWFsZS5lZHUvY2dpLWJpbi9uZXdwaGlsby9nZXRvYmplY3QucGw%2FYy40MzozOC53amVv
2026-08-26T13:50:25.336Z resource:omit http://fonts.gstatic.com/s/playfairdisplay/v40/nuFkD-vYSZviVYUb_rj3ij__anPXDTnogkk7yRZrPA.woff2 reason=response.body: Protocol error (Network.getResponseBody): No data found for resource with given identifier
Response body is not available for a response that was navigated away from. Read response.body() before triggering any navigation.
2026-08-26T13:50:25.336Z resource:omit http://fonts.gstatic.com/s/playfairdisplay/v40/nuFiD-vYSZviVYUb_rj3ij__anPXDTzYgEM86xQ.woff2 reason=response.body: Protocol error (Network.getResponseBody): No data found for resource with given identifier
Response body is not available for a response that was navigated away from. Read response.body() before triggering any navigation.
2026-08-26T13:50:25.338Z resource:omit http://fonts.gstatic.com/s/opensans/v44/memvYaGs126MiZpBA-UvWbX2vVnXBbObj2OVTUGmu0SC55K5gw.woff2 reason=response.body: Protocol error (Network.getResponseBody): No data found for resource with given identifier
Response body is not available for a response that was navigated away from. Read response.body() before triggering any navigation.
2026-08-26T13:50:25.338Z resource:omit http://fonts.gstatic.com/s/opensans/v44/memvYaGs126MiZpBA-UvWbX2vVnXBbObj2OVTS-mu0SC55I.woff2 reason=response.body: Protocol error (Network.getResponseBody): No data found for resource with given identifier
Response body is not available for a response that was navigated away from. Read response.body() before triggering any navigation.
2026-08-26T13:50:26.693Z resource:omit http://www.google-analytics.com/ga.js reason=response.body: Response body is unavailable for redirect responses
2026-08-26T13:50:26.700Z resource:omit http://www.google-analytics.com/__utm.gif?utmwv=5.7.2&utms=39&utmn=64102108&utmhn=edwards.yale.edu&utmcs=UTF-8&utmsr=1280x720&utmvp=1280x720&utmsc=24-bit&utmul=pl&utmje=0&utmfl=-&utmdt=Search%20WJE%20Online%20%7C%20The%20Jonathan%20Edwards%20Center%20at%20Yale%20University&utmhid=1079275126&utmr=-&utmp=%2Farchive%3Fpath%3DaHR0cDovL2Vkd2FyZHMueWFsZS5lZHUvY2dpLWJpbi9uZXdwaGlsby9nZXRvYmplY3QucGw%25252FYy40MzozOC53amVv&utmht=1787752226698&utmac=UA-1489454-4&utmcc=__utma%3D258641246.1723991717.1787751788.1787751788.1787751788.1%3B%2B__utmz%3D258641246.1787751788.1.1.utmcsr%3D(direct)%7Cutmccn%3D(direct)%7Cutmcmd%3D(none)%3B&utmjid=&utmu=qAAAAAAAAAAAAAAAAAAAAAAE~ reason=response.body: Response body is unavailable for redirect responses
2026-08-26T13:50:42.775Z scroll:stable height=69317 samples=132
2026-08-26T13:50:43.838Z complete:038.html html=188000 assets=14
2026-08-26T13:50:46.340Z attempt:1/3 039.html
2026-08-26T13:50:46.340Z navigation:start http://edwards.yale.edu/archive?path=aHR0cDovL2Vkd2FyZHMueWFsZS5lZHUvY2dpLWJpbi9uZXdwaGlsby9nZXRvYmplY3QucGw%2FYy40MzozOS53amVv
2026-08-26T13:50:47.043Z resource:omit http://fonts.gstatic.com/s/playfairdisplay/v40/nuFkD-vYSZviVYUb_rj3ij__anPXDTnogkk7yRZrPA.woff2 reason=response.body: Protocol error (Network.getResponseBody): No data found for resource with given identifier
Response body is not available for a response that was navigated away from. Read response.body() before triggering any navigation.
2026-08-26T13:50:47.043Z resource:omit http://fonts.gstatic.com/s/playfairdisplay/v40/nuFiD-vYSZviVYUb_rj3ij__anPXDTzYgEM86xQ.woff2 reason=response.body: Protocol error (Network.getResponseBody): No data found for resource with given identifier
Response body is not available for a response that was navigated away from. Read response.body() before triggering any navigation.
2026-08-26T13:50:47.043Z resource:omit http://fonts.gstatic.com/s/opensans/v44/memvYaGs126MiZpBA-UvWbX2vVnXBbObj2OVTS-mu0SC55I.woff2 reason=response.body: Protocol error (Network.getResponseBody): No data found for resource with given identifier
Response body is not available for a response that was navigated away from. Read response.body() before triggering any navigation.
2026-08-26T13:50:47.043Z resource:omit http://fonts.gstatic.com/s/opensans/v44/memvYaGs126MiZpBA-UvWbX2vVnXBbObj2OVTUGmu0SC55K5gw.woff2 reason=response.body: Protocol error (Network.getResponseBody): No data found for resource with given identifier
Response body is not available for a response that was navigated away from. Read response.body() before triggering any navigation.
2026-08-26T13:50:47.729Z resource:omit http://www.google-analytics.com/ga.js reason=response.body: Response body is unavailable for redirect responses
2026-08-26T13:50:47.735Z resource:omit http://www.google-analytics.com/__utm.gif?utmwv=5.7.2&utms=40&utmn=2002173668&utmhn=edwards.yale.edu&utmcs=UTF-8&utmsr=1280x720&utmvp=1280x720&utmsc=24-bit&utmul=pl&utmje=0&utmfl=-&utmdt=Search%20WJE%20Online%20%7C%20The%20Jonathan%20Edwards%20Center%20at%20Yale%20University&utmhid=1441579122&utmr=-&utmp=%2Farchive%3Fpath%3DaHR0cDovL2Vkd2FyZHMueWFsZS5lZHUvY2dpLWJpbi9uZXdwaGlsby9nZXRvYmplY3QucGw%25252FYy40MzozOS53amVv&utmht=1787752247733&utmac=UA-1489454-4&utmcc=__utma%3D258641246.1723991717.1787751788.1787751788.1787751788.1%3B%2B__utmz%3D258641246.1787751788.1.1.utmcsr%3D(direct)%7Cutmccn%3D(direct)%7Cutmcmd%3D(none)%3B&utmjid=&utmu=qAAAAAAAAAAAAAAAAAAAAAAE~ reason=response.body: Response body is unavailable for redirect responses
2026-08-26T13:50:52.065Z scroll:stable height=17836 samples=36
2026-08-26T13:50:53.122Z complete:039.html html=69753 assets=14
2026-08-26T13:50:53.122Z archive:complete
