2026-08-26T08:29:47.691Z archive:start volume=VOLUME25 source=http://edwards.yale.edu/archive?path=aHR0cDovL2Vkd2FyZHMueWFsZS5lZHUvY2dpLWJpbi9uZXdwaGlsby9zZWxlY3QucGw/d2plby4yNA==
2026-08-26T08:29:47.693Z attempt:1/3 000.html
2026-08-26T08:29:47.693Z navigation:start http://edwards.yale.edu/archive?path=aHR0cDovL2Vkd2FyZHMueWFsZS5lZHUvY2dpLWJpbi9uZXdwaGlsby9zZWxlY3QucGw/d2plby4yNA==
2026-08-26T08:29:49.376Z resource:omit http://www.google-analytics.com/ga.js reason=response.body: Response body is unavailable for redirect responses
2026-08-26T08:29:49.445Z resource:omit http://www.google-analytics.com/r/__utm.gif?utmwv=5.7.2&utms=1&utmn=458452137&utmhn=edwards.yale.edu&utmcs=UTF-8&utmsr=1280x720&utmvp=1280x720&utmsc=24-bit&utmul=pl&utmje=0&utmfl=-&utmdt=Search%20WJE%20Online%20%7C%20The%20Jonathan%20Edwards%20Center%20at%20Yale%20University&utmhid=406839296&utmr=-&utmp=%2Farchive%3Fpath%3DaHR0cDovL2Vkd2FyZHMueWFsZS5lZHUvY2dpLWJpbi9uZXdwaGlsby9zZWxlY3QucGw%2Fd2plby4yNA%3D%3D&utmht=1787732989442&utmac=UA-1489454-4&utmcc=__utma%3D258641246.941803938.1787732989.1787732989.1787732989.1%3B%2B__utmz%3D258641246.1787732989.1.1.utmcsr%3D(direct)%7Cutmccn%3D(direct)%7Cutmcmd%3D(none)%3B&utmjid=870390379&utmredir=1&utmu=qAAAAAAAAAAAAAAAAAAAAAAE~ reason=response.body: Response body is unavailable for redirect responses
2026-08-26T08:29:50.958Z scroll:stable height=5210 samples=13
2026-08-26T08:29:52.015Z complete:000.html html=74118 assets=18
2026-08-26T08:29:52.018Z discovery:sections 39
2026-08-26T08:29:54.521Z attempt:1/3 001.html
2026-08-26T08:29:54.521Z navigation:start http://edwards.yale.edu/archive?path=aHR0cDovL2Vkd2FyZHMueWFsZS5lZHUvY2dpLWJpbi9uZXdwaGlsby9nZXRvYmplY3QucGw%2FYy4yNDoxLndqZW8%3D
2026-08-26T08:29:54.898Z resource:omit http://fonts.gstatic.com/s/playfairdisplay/v40/nuFiD-vYSZviVYUb_rj3ij__anPXDTzYgEM86xQ.woff2 reason=response.body: Protocol error (Network.getResponseBody): No data found for resource with given identifier
Response body is not available for a response that was navigated away from. Read response.body() before triggering any navigation.
2026-08-26T08:29:54.898Z resource:omit http://fonts.gstatic.com/s/playfairdisplay/v40/nuFkD-vYSZviVYUb_rj3ij__anPXDTnogkk7yRZrPA.woff2 reason=response.body: Protocol error (Network.getResponseBody): No data found for resource with given identifier
Response body is not available for a response that was navigated away from. Read response.body() before triggering any navigation.
2026-08-26T08:29:54.898Z resource:omit http://fonts.gstatic.com/s/opensans/v44/memvYaGs126MiZpBA-UvWbX2vVnXBbObj2OVTUGmu0SC55K5gw.woff2 reason=response.body: Protocol error (Network.getResponseBody): No data found for resource with given identifier
Response body is not available for a response that was navigated away from. Read response.body() before triggering any navigation.
2026-08-26T08:29:54.898Z resource:omit http://fonts.gstatic.com/s/opensans/v44/memvYaGs126MiZpBA-UvWbX2vVnXBbObj2OVTS-mu0SC55I.woff2 reason=response.body: Protocol error (Network.getResponseBody): No data found for resource with given identifier
Response body is not available for a response that was navigated away from. Read response.body() before triggering any navigation.
2026-08-26T08:29:55.264Z resource:omit http://www.google-analytics.com/ga.js reason=response.body: Response body is unavailable for redirect responses
2026-08-26T08:29:55.271Z resource:omit http://www.google-analytics.com/__utm.gif?utmwv=5.7.2&utms=2&utmn=1898220554&utmhn=edwards.yale.edu&utmcs=UTF-8&utmsr=1280x720&utmvp=1280x720&utmsc=24-bit&utmul=pl&utmje=0&utmfl=-&utmdt=Search%20WJE%20Online%20%7C%20The%20Jonathan%20Edwards%20Center%20at%20Yale%20University&utmhid=1178930426&utmr=-&utmp=%2Farchive%3Fpath%3DaHR0cDovL2Vkd2FyZHMueWFsZS5lZHUvY2dpLWJpbi9uZXdwaGlsby9nZXRvYmplY3QucGw%25252FYy4yNDoxLndqZW8%25253D&utmht=1787732995266&utmac=UA-1489454-4&utmcc=__utma%3D258641246.941803938.1787732989.1787732989.1787732989.1%3B%2B__utmz%3D258641246.1787732989.1.1.utmcsr%3D(direct)%7Cutmccn%3D(direct)%7Cutmcmd%3D(none)%3B&utmjid=&utmu=qAAAAAAAAAAAAAAAAAAAAAAE~ reason=response.body: Response body is unavailable for redirect responses
2026-08-26T08:29:55.776Z scroll:stable height=1108 samples=5
2026-08-26T08:29:57.032Z complete:001.html html=34488 assets=14
2026-08-26T08:29:59.535Z attempt:1/3 002.html
2026-08-26T08:29:59.535Z navigation:start http://edwards.yale.edu/archive?path=aHR0cDovL2Vkd2FyZHMueWFsZS5lZHUvY2dpLWJpbi9uZXdwaGlsby9nZXRvYmplY3QucGw%2FYy4yNDoyLndqZW8%3D
2026-08-26T08:30:00.132Z resource:omit http://fonts.gstatic.com/s/playfairdisplay/v40/nuFkD-vYSZviVYUb_rj3ij__anPXDTnogkk7yRZrPA.woff2 reason=response.body: Protocol error (Network.getResponseBody): No data found for resource with given identifier
Response body is not available for a response that was navigated away from. Read response.body() before triggering any navigation.
2026-08-26T08:30:00.132Z resource:omit http://fonts.gstatic.com/s/playfairdisplay/v40/nuFiD-vYSZviVYUb_rj3ij__anPXDTzYgEM86xQ.woff2 reason=response.body: Protocol error (Network.getResponseBody): No data found for resource with given identifier
Response body is not available for a response that was navigated away from. Read response.body() before triggering any navigation.
2026-08-26T08:30:00.132Z resource:omit http://fonts.gstatic.com/s/opensans/v44/memvYaGs126MiZpBA-UvWbX2vVnXBbObj2OVTS-mu0SC55I.woff2 reason=response.body: Protocol error (Network.getResponseBody): No data found for resource with given identifier
Response body is not available for a response that was navigated away from. Read response.body() before triggering any navigation.
2026-08-26T08:30:00.132Z resource:omit http://fonts.gstatic.com/s/opensans/v44/memvYaGs126MiZpBA-UvWbX2vVnXBbObj2OVTUGmu0SC55K5gw.woff2 reason=response.body: Protocol error (Network.getResponseBody): No data found for resource with given identifier
Response body is not available for a response that was navigated away from. Read response.body() before triggering any navigation.
2026-08-26T08:30:00.676Z resource:omit http://www.google-analytics.com/ga.js reason=response.body: Response body is unavailable for redirect responses
2026-08-26T08:30:00.681Z resource:omit http://www.google-analytics.com/__utm.gif?utmwv=5.7.2&utms=3&utmn=1757426806&utmhn=edwards.yale.edu&utmcs=UTF-8&utmsr=1280x720&utmvp=1280x720&utmsc=24-bit&utmul=pl&utmje=0&utmfl=-&utmdt=Search%20WJE%20Online%20%7C%20The%20Jonathan%20Edwards%20Center%20at%20Yale%20University&utmhid=1500589071&utmr=-&utmp=%2Farchive%3Fpath%3DaHR0cDovL2Vkd2FyZHMueWFsZS5lZHUvY2dpLWJpbi9uZXdwaGlsby9nZXRvYmplY3QucGw%25252FYy4yNDoyLndqZW8%25253D&utmht=1787733000679&utmac=UA-1489454-4&utmcc=__utma%3D258641246.941803938.1787732989.1787732989.1787732989.1%3B%2B__utmz%3D258641246.1787732989.1.1.utmcsr%3D(direct)%7Cutmccn%3D(direct)%7Cutmcmd%3D(none)%3B&utmjid=&utmu=qAAAAAAAAAAAAAAAAAAAAAAE~ reason=response.body: Response body is unavailable for redirect responses
2026-08-26T08:30:03.151Z scroll:stable height=5618 samples=14
2026-08-26T08:30:04.195Z complete:002.html html=50208 assets=15
2026-08-26T08:30:06.698Z attempt:1/3 003.html
2026-08-26T08:30:06.700Z navigation:start http://edwards.yale.edu/archive?path=aHR0cDovL2Vkd2FyZHMueWFsZS5lZHUvY2dpLWJpbi9uZXdwaGlsby9nZXRvYmplY3QucGw%2FYy4yNDozLndqZW8%3D
2026-08-26T08:30:07.370Z resource:omit http://fonts.gstatic.com/s/playfairdisplay/v40/nuFkD-vYSZviVYUb_rj3ij__anPXDTnogkk7yRZrPA.woff2 reason=response.body: Protocol error (Network.getResponseBody): No data found for resource with given identifier
Response body is not available for a response that was navigated away from. Read response.body() before triggering any navigation.
2026-08-26T08:30:07.370Z resource:omit http://fonts.gstatic.com/s/playfairdisplay/v40/nuFiD-vYSZviVYUb_rj3ij__anPXDTzYgEM86xQ.woff2 reason=response.body: Protocol error (Network.getResponseBody): No data found for resource with given identifier
Response body is not available for a response that was navigated away from. Read response.body() before triggering any navigation.
2026-08-26T08:30:07.370Z resource:omit http://fonts.gstatic.com/s/opensans/v44/memvYaGs126MiZpBA-UvWbX2vVnXBbObj2OVTUGmu0SC55K5gw.woff2 reason=response.body: Protocol error (Network.getResponseBody): No data found for resource with given identifier
Response body is not available for a response that was navigated away from. Read response.body() before triggering any navigation.
2026-08-26T08:30:07.370Z resource:omit http://fonts.gstatic.com/s/opensans/v44/memvYaGs126MiZpBA-UvWbX2vVnXBbObj2OVTS-mu0SC55I.woff2 reason=response.body: Protocol error (Network.getResponseBody): No data found for resource with given identifier
Response body is not available for a response that was navigated away from. Read response.body() before triggering any navigation.
2026-08-26T08:30:08.928Z resource:omit http://www.google-analytics.com/ga.js reason=response.body: Response body is unavailable for redirect responses
2026-08-26T08:30:08.931Z resource:omit http://www.google-analytics.com/__utm.gif?utmwv=5.7.2&utms=4&utmn=1393223797&utmhn=edwards.yale.edu&utmcs=UTF-8&utmsr=1280x720&utmvp=1280x720&utmsc=24-bit&utmul=pl&utmje=0&utmfl=-&utmdt=Search%20WJE%20Online%20%7C%20The%20Jonathan%20Edwards%20Center%20at%20Yale%20University&utmhid=406018548&utmr=-&utmp=%2Farchive%3Fpath%3DaHR0cDovL2Vkd2FyZHMueWFsZS5lZHUvY2dpLWJpbi9uZXdwaGlsby9nZXRvYmplY3QucGw%25252FYy4yNDozLndqZW8%25253D&utmht=1787733008926&utmac=UA-1489454-4&utmcc=__utma%3D258641246.941803938.1787732989.1787732989.1787732989.1%3B%2B__utmz%3D258641246.1787732989.1.1.utmcsr%3D(direct)%7Cutmccn%3D(direct)%7Cutmcmd%3D(none)%3B&utmjid=&utmu=qAAAAAAAAAAAAAAAAAAAAAAE~ reason=response.body: Response body is unavailable for redirect responses
2026-08-26T08:30:16.199Z scroll:stable height=29993 samples=59
2026-08-26T08:30:17.257Z complete:003.html html=219971 assets=15
2026-08-26T08:30:19.761Z attempt:1/3 004.html
2026-08-26T08:30:19.761Z navigation:start http://edwards.yale.edu/archive?path=aHR0cDovL2Vkd2FyZHMueWFsZS5lZHUvY2dpLWJpbi9uZXdwaGlsby9nZXRvYmplY3QucGw%2FYy4yNDo0LndqZW8%3D
2026-08-26T08:30:20.330Z resource:omit http://fonts.gstatic.com/s/playfairdisplay/v40/nuFiD-vYSZviVYUb_rj3ij__anPXDTzYgEM86xQ.woff2 reason=response.body: Protocol error (Network.getResponseBody): No data found for resource with given identifier
Response body is not available for a response that was navigated away from. Read response.body() before triggering any navigation.
2026-08-26T08:30:20.330Z resource:omit http://fonts.gstatic.com/s/playfairdisplay/v40/nuFkD-vYSZviVYUb_rj3ij__anPXDTnogkk7yRZrPA.woff2 reason=response.body: Protocol error (Network.getResponseBody): No data found for resource with given identifier
Response body is not available for a response that was navigated away from. Read response.body() before triggering any navigation.
2026-08-26T08:30:20.330Z resource:omit http://fonts.gstatic.com/s/opensans/v44/memvYaGs126MiZpBA-UvWbX2vVnXBbObj2OVTUGmu0SC55K5gw.woff2 reason=response.body: Protocol error (Network.getResponseBody): No data found for resource with given identifier
Response body is not available for a response that was navigated away from. Read response.body() before triggering any navigation.
2026-08-26T08:30:20.330Z resource:omit http://fonts.gstatic.com/s/opensans/v44/memvYaGs126MiZpBA-UvWbX2vVnXBbObj2OVTS-mu0SC55I.woff2 reason=response.body: Protocol error (Network.getResponseBody): No data found for resource with given identifier
Response body is not available for a response that was navigated away from. Read response.body() before triggering any navigation.
2026-08-26T08:30:21.201Z resource:omit http://www.google-analytics.com/ga.js reason=response.body: Response body is unavailable for redirect responses
2026-08-26T08:30:21.205Z resource:omit http://www.google-analytics.com/__utm.gif?utmwv=5.7.2&utms=5&utmn=614910761&utmhn=edwards.yale.edu&utmcs=UTF-8&utmsr=1280x720&utmvp=1280x720&utmsc=24-bit&utmul=pl&utmje=0&utmfl=-&utmdt=Search%20WJE%20Online%20%7C%20The%20Jonathan%20Edwards%20Center%20at%20Yale%20University&utmhid=1430768970&utmr=-&utmp=%2Farchive%3Fpath%3DaHR0cDovL2Vkd2FyZHMueWFsZS5lZHUvY2dpLWJpbi9uZXdwaGlsby9nZXRvYmplY3QucGw%25252FYy4yNDo0LndqZW8%25253D&utmht=1787733021203&utmac=UA-1489454-4&utmcc=__utma%3D258641246.941803938.1787732989.1787732989.1787732989.1%3B%2B__utmz%3D258641246.1787732989.1.1.utmcsr%3D(direct)%7Cutmccn%3D(direct)%7Cutmcmd%3D(none)%3B&utmjid=&utmu=qAAAAAAAAAAAAAAAAAAAAAAE~ reason=response.body: Response body is unavailable for redirect responses
2026-08-26T08:30:24.263Z scroll:stable height=11622 samples=25
2026-08-26T08:30:25.312Z complete:004.html html=99293 assets=14
2026-08-26T08:30:27.813Z attempt:1/3 005.html
2026-08-26T08:30:27.814Z navigation:start http://edwards.yale.edu/archive?path=aHR0cDovL2Vkd2FyZHMueWFsZS5lZHUvY2dpLWJpbi9uZXdwaGlsby9nZXRvYmplY3QucGw%2FYy4yNDo1LndqZW8%3D
2026-08-26T08:30:28.367Z resource:omit http://fonts.gstatic.com/s/playfairdisplay/v40/nuFkD-vYSZviVYUb_rj3ij__anPXDTnogkk7yRZrPA.woff2 reason=response.body: Protocol error (Network.getResponseBody): No data found for resource with given identifier
Response body is not available for a response that was navigated away from. Read response.body() before triggering any navigation.
2026-08-26T08:30:28.367Z resource:omit http://fonts.gstatic.com/s/playfairdisplay/v40/nuFiD-vYSZviVYUb_rj3ij__anPXDTzYgEM86xQ.woff2 reason=response.body: Protocol error (Network.getResponseBody): No data found for resource with given identifier
Response body is not available for a response that was navigated away from. Read response.body() before triggering any navigation.
2026-08-26T08:30:28.369Z resource:omit http://fonts.gstatic.com/s/opensans/v44/memvYaGs126MiZpBA-UvWbX2vVnXBbObj2OVTUGmu0SC55K5gw.woff2 reason=response.body: Protocol error (Network.getResponseBody): No data found for resource with given identifier
Response body is not available for a response that was navigated away from. Read response.body() before triggering any navigation.
2026-08-26T08:30:28.369Z resource:omit http://fonts.gstatic.com/s/opensans/v44/memvYaGs126MiZpBA-UvWbX2vVnXBbObj2OVTS-mu0SC55I.woff2 reason=response.body: Protocol error (Network.getResponseBody): No data found for resource with given identifier
Response body is not available for a response that was navigated away from. Read response.body() before triggering any navigation.
2026-08-26T08:30:29.075Z resource:omit http://www.google-analytics.com/ga.js reason=response.body: Response body is unavailable for redirect responses
2026-08-26T08:30:29.081Z resource:omit http://www.google-analytics.com/__utm.gif?utmwv=5.7.2&utms=6&utmn=461212290&utmhn=edwards.yale.edu&utmcs=UTF-8&utmsr=1280x720&utmvp=1280x720&utmsc=24-bit&utmul=pl&utmje=0&utmfl=-&utmdt=Search%20WJE%20Online%20%7C%20The%20Jonathan%20Edwards%20Center%20at%20Yale%20University&utmhid=1005276730&utmr=-&utmp=%2Farchive%3Fpath%3DaHR0cDovL2Vkd2FyZHMueWFsZS5lZHUvY2dpLWJpbi9uZXdwaGlsby9nZXRvYmplY3QucGw%25252FYy4yNDo1LndqZW8%25253D&utmht=1787733029078&utmac=UA-1489454-4&utmcc=__utma%3D258641246.941803938.1787732989.1787732989.1787732989.1%3B%2B__utmz%3D258641246.1787732989.1.1.utmcsr%3D(direct)%7Cutmccn%3D(direct)%7Cutmcmd%3D(none)%3B&utmjid=&utmu=qAAAAAAAAAAAAAAAAAAAAAAE~ reason=response.body: Response body is unavailable for redirect responses
2026-08-26T08:30:31.874Z scroll:stable height=10969 samples=23
2026-08-26T08:30:32.925Z complete:005.html html=95882 assets=14
2026-08-26T08:30:35.428Z attempt:1/3 006.html
2026-08-26T08:30:35.428Z navigation:start http://edwards.yale.edu/archive?path=aHR0cDovL2Vkd2FyZHMueWFsZS5lZHUvY2dpLWJpbi9uZXdwaGlsby9nZXRvYmplY3QucGw%2FYy4yNDo2LndqZW8%3D
2026-08-26T08:30:35.995Z resource:omit http://fonts.gstatic.com/s/playfairdisplay/v40/nuFiD-vYSZviVYUb_rj3ij__anPXDTzYgEM86xQ.woff2 reason=response.body: Protocol error (Network.getResponseBody): No data found for resource with given identifier
Response body is not available for a response that was navigated away from. Read response.body() before triggering any navigation.
2026-08-26T08:30:35.995Z resource:omit http://fonts.gstatic.com/s/opensans/v44/memvYaGs126MiZpBA-UvWbX2vVnXBbObj2OVTS-mu0SC55I.woff2 reason=response.body: Protocol error (Network.getResponseBody): No data found for resource with given identifier
Response body is not available for a response that was navigated away from. Read response.body() before triggering any navigation.
2026-08-26T08:30:35.995Z resource:omit http://fonts.gstatic.com/s/playfairdisplay/v40/nuFkD-vYSZviVYUb_rj3ij__anPXDTnogkk7yRZrPA.woff2 reason=response.body: Protocol error (Network.getResponseBody): No data found for resource with given identifier
Response body is not available for a response that was navigated away from. Read response.body() before triggering any navigation.
2026-08-26T08:30:35.995Z resource:omit http://fonts.gstatic.com/s/opensans/v44/memvYaGs126MiZpBA-UvWbX2vVnXBbObj2OVTUGmu0SC55K5gw.woff2 reason=response.body: Protocol error (Network.getResponseBody): No data found for resource with given identifier
Response body is not available for a response that was navigated away from. Read response.body() before triggering any navigation.
2026-08-26T08:30:36.547Z resource:omit http://www.google-analytics.com/ga.js reason=response.body: Response body is unavailable for redirect responses
2026-08-26T08:30:36.555Z resource:omit http://www.google-analytics.com/__utm.gif?utmwv=5.7.2&utms=7&utmn=64242848&utmhn=edwards.yale.edu&utmcs=UTF-8&utmsr=1280x720&utmvp=1280x720&utmsc=24-bit&utmul=pl&utmje=0&utmfl=-&utmdt=Search%20WJE%20Online%20%7C%20The%20Jonathan%20Edwards%20Center%20at%20Yale%20University&utmhid=1774780908&utmr=-&utmp=%2Farchive%3Fpath%3DaHR0cDovL2Vkd2FyZHMueWFsZS5lZHUvY2dpLWJpbi9uZXdwaGlsby9nZXRvYmplY3QucGw%25252FYy4yNDo2LndqZW8%25253D&utmht=1787733036550&utmac=UA-1489454-4&utmcc=__utma%3D258641246.941803938.1787732989.1787732989.1787732989.1%3B%2B__utmz%3D258641246.1787732989.1.1.utmcsr%3D(direct)%7Cutmccn%3D(direct)%7Cutmcmd%3D(none)%3B&utmjid=&utmu=qAAAAAAAAAAAAAAAAAAAAAAE~ reason=response.body: Response body is unavailable for redirect responses
2026-08-26T08:30:37.917Z scroll:stable height=4515 samples=12
2026-08-26T08:30:38.967Z complete:006.html html=54204 assets=14
2026-08-26T08:30:41.469Z attempt:1/3 007.html
2026-08-26T08:30:41.470Z navigation:start http://edwards.yale.edu/archive?path=aHR0cDovL2Vkd2FyZHMueWFsZS5lZHUvY2dpLWJpbi9uZXdwaGlsby9nZXRvYmplY3QucGw%2FYy4yNDo3LndqZW8%3D
2026-08-26T08:30:42.075Z resource:omit http://fonts.gstatic.com/s/playfairdisplay/v40/nuFkD-vYSZviVYUb_rj3ij__anPXDTnogkk7yRZrPA.woff2 reason=response.body: Protocol error (Network.getResponseBody): No data found for resource with given identifier
Response body is not available for a response that was navigated away from. Read response.body() before triggering any navigation.
2026-08-26T08:30:42.077Z resource:omit http://fonts.gstatic.com/s/playfairdisplay/v40/nuFiD-vYSZviVYUb_rj3ij__anPXDTzYgEM86xQ.woff2 reason=response.body: Protocol error (Network.getResponseBody): No data found for resource with given identifier
Response body is not available for a response that was navigated away from. Read response.body() before triggering any navigation.
2026-08-26T08:30:42.077Z resource:omit http://fonts.gstatic.com/s/opensans/v44/memvYaGs126MiZpBA-UvWbX2vVnXBbObj2OVTUGmu0SC55K5gw.woff2 reason=response.body: Protocol error (Network.getResponseBody): No data found for resource with given identifier
Response body is not available for a response that was navigated away from. Read response.body() before triggering any navigation.
2026-08-26T08:30:42.077Z resource:omit http://fonts.gstatic.com/s/opensans/v44/memvYaGs126MiZpBA-UvWbX2vVnXBbObj2OVTS-mu0SC55I.woff2 reason=response.body: Protocol error (Network.getResponseBody): No data found for resource with given identifier
Response body is not available for a response that was navigated away from. Read response.body() before triggering any navigation.
2026-08-26T08:30:42.818Z resource:omit http://www.google-analytics.com/ga.js reason=response.body: Response body is unavailable for redirect responses
2026-08-26T08:30:42.823Z resource:omit http://www.google-analytics.com/__utm.gif?utmwv=5.7.2&utms=8&utmn=713083749&utmhn=edwards.yale.edu&utmcs=UTF-8&utmsr=1280x720&utmvp=1280x720&utmsc=24-bit&utmul=pl&utmje=0&utmfl=-&utmdt=Search%20WJE%20Online%20%7C%20The%20Jonathan%20Edwards%20Center%20at%20Yale%20University&utmhid=578621034&utmr=-&utmp=%2Farchive%3Fpath%3DaHR0cDovL2Vkd2FyZHMueWFsZS5lZHUvY2dpLWJpbi9uZXdwaGlsby9nZXRvYmplY3QucGw%25252FYy4yNDo3LndqZW8%25253D&utmht=1787733042820&utmac=UA-1489454-4&utmcc=__utma%3D258641246.941803938.1787732989.1787732989.1787732989.1%3B%2B__utmz%3D258641246.1787732989.1.1.utmcsr%3D(direct)%7Cutmccn%3D(direct)%7Cutmcmd%3D(none)%3B&utmjid=&utmu=qAAAAAAAAAAAAAAAAAAAAAAE~ reason=response.body: Response body is unavailable for redirect responses
2026-08-26T08:30:45.053Z scroll:stable height=8370 samples=19
2026-08-26T08:30:46.102Z complete:007.html html=82707 assets=14
2026-08-26T08:30:48.604Z attempt:1/3 008.html
2026-08-26T08:30:48.604Z navigation:start http://edwards.yale.edu/archive?path=aHR0cDovL2Vkd2FyZHMueWFsZS5lZHUvY2dpLWJpbi9uZXdwaGlsby9nZXRvYmplY3QucGw%2FYy4yNDo4LndqZW8%3D
2026-08-26T08:30:49.171Z resource:omit http://fonts.gstatic.com/s/playfairdisplay/v40/nuFkD-vYSZviVYUb_rj3ij__anPXDTnogkk7yRZrPA.woff2 reason=response.body: Protocol error (Network.getResponseBody): No data found for resource with given identifier
Response body is not available for a response that was navigated away from. Read response.body() before triggering any navigation.
2026-08-26T08:30:49.171Z resource:omit http://fonts.gstatic.com/s/playfairdisplay/v40/nuFiD-vYSZviVYUb_rj3ij__anPXDTzYgEM86xQ.woff2 reason=response.body: Protocol error (Network.getResponseBody): No data found for resource with given identifier
Response body is not available for a response that was navigated away from. Read response.body() before triggering any navigation.
2026-08-26T08:30:49.171Z resource:omit http://fonts.gstatic.com/s/opensans/v44/memvYaGs126MiZpBA-UvWbX2vVnXBbObj2OVTUGmu0SC55K5gw.woff2 reason=response.body: Protocol error (Network.getResponseBody): No data found for resource with given identifier
Response body is not available for a response that was navigated away from. Read response.body() before triggering any navigation.
2026-08-26T08:30:49.171Z resource:omit http://fonts.gstatic.com/s/opensans/v44/memvYaGs126MiZpBA-UvWbX2vVnXBbObj2OVTS-mu0SC55I.woff2 reason=response.body: Protocol error (Network.getResponseBody): No data found for resource with given identifier
Response body is not available for a response that was navigated away from. Read response.body() before triggering any navigation.
2026-08-26T08:30:49.874Z resource:omit http://www.google-analytics.com/ga.js reason=response.body: Response body is unavailable for redirect responses
2026-08-26T08:30:49.879Z resource:omit http://www.google-analytics.com/__utm.gif?utmwv=5.7.2&utms=9&utmn=2109759174&utmhn=edwards.yale.edu&utmcs=UTF-8&utmsr=1280x720&utmvp=1280x720&utmsc=24-bit&utmul=pl&utmje=0&utmfl=-&utmdt=Search%20WJE%20Online%20%7C%20The%20Jonathan%20Edwards%20Center%20at%20Yale%20University&utmhid=2096455505&utmr=-&utmp=%2Farchive%3Fpath%3DaHR0cDovL2Vkd2FyZHMueWFsZS5lZHUvY2dpLWJpbi9uZXdwaGlsby9nZXRvYmplY3QucGw%25252FYy4yNDo4LndqZW8%25253D&utmht=1787733049877&utmac=UA-1489454-4&utmcc=__utma%3D258641246.941803938.1787732989.1787732989.1787732989.1%3B%2B__utmz%3D258641246.1787732989.1.1.utmcsr%3D(direct)%7Cutmccn%3D(direct)%7Cutmcmd%3D(none)%3B&utmjid=&utmu=qAAAAAAAAAAAAAAAAAAAAAAE~ reason=response.body: Response body is unavailable for redirect responses
2026-08-26T08:30:53.553Z scroll:stable height=8920 samples=20
2026-08-26T08:30:54.604Z complete:008.html html=78516 assets=15
2026-08-26T08:30:57.107Z attempt:1/3 009.html
2026-08-26T08:30:57.108Z navigation:start http://edwards.yale.edu/archive?path=aHR0cDovL2Vkd2FyZHMueWFsZS5lZHUvY2dpLWJpbi9uZXdwaGlsby9nZXRvYmplY3QucGw%2FYy4yNDo5LndqZW8%3D
2026-08-26T08:30:57.641Z resource:omit http://fonts.gstatic.com/s/playfairdisplay/v40/nuFkD-vYSZviVYUb_rj3ij__anPXDTnogkk7yRZrPA.woff2 reason=response.body: Protocol error (Network.getResponseBody): No data found for resource with given identifier
Response body is not available for a response that was navigated away from. Read response.body() before triggering any navigation.
2026-08-26T08:30:57.641Z resource:omit http://fonts.gstatic.com/s/playfairdisplay/v40/nuFiD-vYSZviVYUb_rj3ij__anPXDTzYgEM86xQ.woff2 reason=response.body: Protocol error (Network.getResponseBody): No data found for resource with given identifier
Response body is not available for a response that was navigated away from. Read response.body() before triggering any navigation.
2026-08-26T08:30:57.641Z resource:omit http://fonts.gstatic.com/s/opensans/v44/memvYaGs126MiZpBA-UvWbX2vVnXBbObj2OVTUGmu0SC55K5gw.woff2 reason=response.body: Protocol error (Network.getResponseBody): No data found for resource with given identifier
Response body is not available for a response that was navigated away from. Read response.body() before triggering any navigation.
2026-08-26T08:30:57.641Z resource:omit http://fonts.gstatic.com/s/opensans/v44/memvYaGs126MiZpBA-UvWbX2vVnXBbObj2OVTS-mu0SC55I.woff2 reason=response.body: Protocol error (Network.getResponseBody): No data found for resource with given identifier
Response body is not available for a response that was navigated away from. Read response.body() before triggering any navigation.
2026-08-26T08:30:58.361Z resource:omit http://www.google-analytics.com/ga.js reason=response.body: Response body is unavailable for redirect responses
2026-08-26T08:30:58.367Z resource:omit http://www.google-analytics.com/__utm.gif?utmwv=5.7.2&utms=10&utmn=2058689331&utmhn=edwards.yale.edu&utmcs=UTF-8&utmsr=1280x720&utmvp=1280x720&utmsc=24-bit&utmul=pl&utmje=0&utmfl=-&utmdt=Search%20WJE%20Online%20%7C%20The%20Jonathan%20Edwards%20Center%20at%20Yale%20University&utmhid=899274376&utmr=-&utmp=%2Farchive%3Fpath%3DaHR0cDovL2Vkd2FyZHMueWFsZS5lZHUvY2dpLWJpbi9uZXdwaGlsby9nZXRvYmplY3QucGw%25252FYy4yNDo5LndqZW8%25253D&utmht=1787733058364&utmac=UA-1489454-4&utmcc=__utma%3D258641246.941803938.1787732989.1787732989.1787732989.1%3B%2B__utmz%3D258641246.1787732989.1.1.utmcsr%3D(direct)%7Cutmccn%3D(direct)%7Cutmcmd%3D(none)%3B&utmjid=&utmu=qAAAAAAAAAAAAAAAAAAAAAAE~ reason=response.body: Response body is unavailable for redirect responses
2026-08-26T08:31:00.221Z scroll:stable height=7036 samples=16
2026-08-26T08:31:01.268Z complete:009.html html=77944 assets=14
2026-08-26T08:31:03.771Z attempt:1/3 010.html
2026-08-26T08:31:03.771Z navigation:start http://edwards.yale.edu/archive?path=aHR0cDovL2Vkd2FyZHMueWFsZS5lZHUvY2dpLWJpbi9uZXdwaGlsby9nZXRvYmplY3QucGw%2FYy4yNDoxMC53amVv
2026-08-26T08:31:04.323Z resource:omit http://fonts.gstatic.com/s/playfairdisplay/v40/nuFkD-vYSZviVYUb_rj3ij__anPXDTnogkk7yRZrPA.woff2 reason=response.body: Protocol error (Network.getResponseBody): No data found for resource with given identifier
Response body is not available for a response that was navigated away from. Read response.body() before triggering any navigation.
2026-08-26T08:31:04.323Z resource:omit http://fonts.gstatic.com/s/playfairdisplay/v40/nuFiD-vYSZviVYUb_rj3ij__anPXDTzYgEM86xQ.woff2 reason=response.body: Protocol error (Network.getResponseBody): No data found for resource with given identifier
Response body is not available for a response that was navigated away from. Read response.body() before triggering any navigation.
2026-08-26T08:31:04.323Z resource:omit http://fonts.gstatic.com/s/opensans/v44/memvYaGs126MiZpBA-UvWbX2vVnXBbObj2OVTUGmu0SC55K5gw.woff2 reason=response.body: Protocol error (Network.getResponseBody): No data found for resource with given identifier
Response body is not available for a response that was navigated away from. Read response.body() before triggering any navigation.
2026-08-26T08:31:04.323Z resource:omit http://fonts.gstatic.com/s/opensans/v44/memvYaGs126MiZpBA-UvWbX2vVnXBbObj2OVTS-mu0SC55I.woff2 reason=response.body: Protocol error (Network.getResponseBody): No data found for resource with given identifier
Response body is not available for a response that was navigated away from. Read response.body() before triggering any navigation.
2026-08-26T08:31:04.860Z resource:omit http://www.google-analytics.com/ga.js reason=response.body: Response body is unavailable for redirect responses
2026-08-26T08:31:04.864Z resource:omit http://www.google-analytics.com/__utm.gif?utmwv=5.7.2&utms=11&utmn=767767260&utmhn=edwards.yale.edu&utmcs=UTF-8&utmsr=1280x720&utmvp=1280x720&utmsc=24-bit&utmul=pl&utmje=0&utmfl=-&utmdt=Search%20WJE%20Online%20%7C%20The%20Jonathan%20Edwards%20Center%20at%20Yale%20University&utmhid=2037105555&utmr=-&utmp=%2Farchive%3Fpath%3DaHR0cDovL2Vkd2FyZHMueWFsZS5lZHUvY2dpLWJpbi9uZXdwaGlsby9nZXRvYmplY3QucGw%25252FYy4yNDoxMC53amVv&utmht=1787733064862&utmac=UA-1489454-4&utmcc=__utma%3D258641246.941803938.1787732989.1787732989.1787732989.1%3B%2B__utmz%3D258641246.1787732989.1.1.utmcsr%3D(direct)%7Cutmccn%3D(direct)%7Cutmcmd%3D(none)%3B&utmjid=&utmu=qAAAAAAAAAAAAAAAAAAAAAAE~ reason=response.body: Response body is unavailable for redirect responses
2026-08-26T08:31:06.354Z scroll:stable height=5338 samples=13
2026-08-26T08:31:07.401Z complete:010.html html=59677 assets=14
2026-08-26T08:31:09.904Z attempt:1/3 011.html
2026-08-26T08:31:09.905Z navigation:start http://edwards.yale.edu/archive?path=aHR0cDovL2Vkd2FyZHMueWFsZS5lZHUvY2dpLWJpbi9uZXdwaGlsby9nZXRvYmplY3QucGw%2FYy4yNDoxMS53amVv
2026-08-26T08:31:10.462Z resource:omit http://fonts.gstatic.com/s/playfairdisplay/v40/nuFkD-vYSZviVYUb_rj3ij__anPXDTnogkk7yRZrPA.woff2 reason=response.body: Protocol error (Network.getResponseBody): No data found for resource with given identifier
Response body is not available for a response that was navigated away from. Read response.body() before triggering any navigation.
2026-08-26T08:31:10.463Z resource:omit http://fonts.gstatic.com/s/playfairdisplay/v40/nuFiD-vYSZviVYUb_rj3ij__anPXDTzYgEM86xQ.woff2 reason=response.body: Protocol error (Network.getResponseBody): No data found for resource with given identifier
Response body is not available for a response that was navigated away from. Read response.body() before triggering any navigation.
2026-08-26T08:31:10.463Z resource:omit http://fonts.gstatic.com/s/opensans/v44/memvYaGs126MiZpBA-UvWbX2vVnXBbObj2OVTUGmu0SC55K5gw.woff2 reason=response.body: Protocol error (Network.getResponseBody): No data found for resource with given identifier
Response body is not available for a response that was navigated away from. Read response.body() before triggering any navigation.
2026-08-26T08:31:10.463Z resource:omit http://fonts.gstatic.com/s/opensans/v44/memvYaGs126MiZpBA-UvWbX2vVnXBbObj2OVTS-mu0SC55I.woff2 reason=response.body: Protocol error (Network.getResponseBody): No data found for resource with given identifier
Response body is not available for a response that was navigated away from. Read response.body() before triggering any navigation.
2026-08-26T08:31:11.522Z resource:omit http://www.google-analytics.com/ga.js reason=response.body: Response body is unavailable for redirect responses
2026-08-26T08:31:11.527Z resource:omit http://www.google-analytics.com/__utm.gif?utmwv=5.7.2&utms=12&utmn=351557031&utmhn=edwards.yale.edu&utmcs=UTF-8&utmsr=1280x720&utmvp=1280x720&utmsc=24-bit&utmul=pl&utmje=0&utmfl=-&utmdt=Search%20WJE%20Online%20%7C%20The%20Jonathan%20Edwards%20Center%20at%20Yale%20University&utmhid=508567979&utmr=-&utmp=%2Farchive%3Fpath%3DaHR0cDovL2Vkd2FyZHMueWFsZS5lZHUvY2dpLWJpbi9uZXdwaGlsby9nZXRvYmplY3QucGw%25252FYy4yNDoxMS53amVv&utmht=1787733071525&utmac=UA-1489454-4&utmcc=__utma%3D258641246.941803938.1787732989.1787732989.1787732989.1%3B%2B__utmz%3D258641246.1787732989.1.1.utmcsr%3D(direct)%7Cutmccn%3D(direct)%7Cutmcmd%3D(none)%3B&utmjid=&utmu=qAAAAAAAAAAAAAAAAAAAAAAE~ reason=response.body: Response body is unavailable for redirect responses
2026-08-26T08:31:15.563Z scroll:stable height=16124 samples=33
2026-08-26T08:31:16.614Z complete:011.html html=136495 assets=14
2026-08-26T08:31:19.117Z attempt:1/3 012.html
2026-08-26T08:31:19.118Z navigation:start http://edwards.yale.edu/archive?path=aHR0cDovL2Vkd2FyZHMueWFsZS5lZHUvY2dpLWJpbi9uZXdwaGlsby9nZXRvYmplY3QucGw%2FYy4yNDoxMi53amVv
2026-08-26T08:31:20.037Z resource:omit http://fonts.gstatic.com/s/playfairdisplay/v40/nuFkD-vYSZviVYUb_rj3ij__anPXDTnogkk7yRZrPA.woff2 reason=response.body: Protocol error (Network.getResponseBody): No data found for resource with given identifier
Response body is not available for a response that was navigated away from. Read response.body() before triggering any navigation.
2026-08-26T08:31:20.037Z resource:omit http://fonts.gstatic.com/s/opensans/v44/memvYaGs126MiZpBA-UvWbX2vVnXBbObj2OVTUGmu0SC55K5gw.woff2 reason=response.body: Protocol error (Network.getResponseBody): No data found for resource with given identifier
Response body is not available for a response that was navigated away from. Read response.body() before triggering any navigation.
2026-08-26T08:31:20.037Z resource:omit http://fonts.gstatic.com/s/playfairdisplay/v40/nuFiD-vYSZviVYUb_rj3ij__anPXDTzYgEM86xQ.woff2 reason=response.body: Protocol error (Network.getResponseBody): No data found for resource with given identifier
Response body is not available for a response that was navigated away from. Read response.body() before triggering any navigation.
2026-08-26T08:31:20.037Z resource:omit http://fonts.gstatic.com/s/opensans/v44/memvYaGs126MiZpBA-UvWbX2vVnXBbObj2OVTS-mu0SC55I.woff2 reason=response.body: Protocol error (Network.getResponseBody): No data found for resource with given identifier
Response body is not available for a response that was navigated away from. Read response.body() before triggering any navigation.
2026-08-26T08:31:21.657Z resource:omit http://www.google-analytics.com/ga.js reason=response.body: Response body is unavailable for redirect responses
2026-08-26T08:31:21.662Z resource:omit http://www.google-analytics.com/__utm.gif?utmwv=5.7.2&utms=13&utmn=401262098&utmhn=edwards.yale.edu&utmcs=UTF-8&utmsr=1280x720&utmvp=1280x720&utmsc=24-bit&utmul=pl&utmje=0&utmfl=-&utmdt=Search%20WJE%20Online%20%7C%20The%20Jonathan%20Edwards%20Center%20at%20Yale%20University&utmhid=544374798&utmr=-&utmp=%2Farchive%3Fpath%3DaHR0cDovL2Vkd2FyZHMueWFsZS5lZHUvY2dpLWJpbi9uZXdwaGlsby9nZXRvYmplY3QucGw%25252FYy4yNDoxMi53amVv&utmht=1787733081659&utmac=UA-1489454-4&utmcc=__utma%3D258641246.941803938.1787732989.1787732989.1787732989.1%3B%2B__utmz%3D258641246.1787732989.1.1.utmcsr%3D(direct)%7Cutmccn%3D(direct)%7Cutmcmd%3D(none)%3B&utmjid=&utmu=qAAAAAAAAAAAAAAAAAAAAAAE~ reason=response.body: Response body is unavailable for redirect responses
2026-08-26T08:31:23.306Z scroll:stable height=5546 samples=13
2026-08-26T08:31:24.770Z complete:012.html html=64469 assets=14
2026-08-26T08:31:27.272Z attempt:1/3 013.html
2026-08-26T08:31:27.272Z navigation:start http://edwards.yale.edu/archive?path=aHR0cDovL2Vkd2FyZHMueWFsZS5lZHUvY2dpLWJpbi9uZXdwaGlsby9nZXRvYmplY3QucGw%2FYy4yNDoxMy53amVv
2026-08-26T08:31:27.902Z resource:omit http://fonts.gstatic.com/s/playfairdisplay/v40/nuFkD-vYSZviVYUb_rj3ij__anPXDTnogkk7yRZrPA.woff2 reason=response.body: Protocol error (Network.getResponseBody): No data found for resource with given identifier
Response body is not available for a response that was navigated away from. Read response.body() before triggering any navigation.
2026-08-26T08:31:27.902Z resource:omit http://fonts.gstatic.com/s/opensans/v44/memvYaGs126MiZpBA-UvWbX2vVnXBbObj2OVTUGmu0SC55K5gw.woff2 reason=response.body: Protocol error (Network.getResponseBody): No data found for resource with given identifier
Response body is not available for a response that was navigated away from. Read response.body() before triggering any navigation.
2026-08-26T08:31:27.902Z resource:omit http://fonts.gstatic.com/s/playfairdisplay/v40/nuFiD-vYSZviVYUb_rj3ij__anPXDTzYgEM86xQ.woff2 reason=response.body: Protocol error (Network.getResponseBody): No data found for resource with given identifier
Response body is not available for a response that was navigated away from. Read response.body() before triggering any navigation.
2026-08-26T08:31:27.904Z resource:omit http://fonts.gstatic.com/s/opensans/v44/memvYaGs126MiZpBA-UvWbX2vVnXBbObj2OVTS-mu0SC55I.woff2 reason=response.body: Protocol error (Network.getResponseBody): No data found for resource with given identifier
Response body is not available for a response that was navigated away from. Read response.body() before triggering any navigation.
2026-08-26T08:31:28.772Z resource:omit http://www.google-analytics.com/ga.js reason=response.body: Response body is unavailable for redirect responses
2026-08-26T08:31:28.776Z resource:omit http://www.google-analytics.com/__utm.gif?utmwv=5.7.2&utms=14&utmn=763322549&utmhn=edwards.yale.edu&utmcs=UTF-8&utmsr=1280x720&utmvp=1280x720&utmsc=24-bit&utmul=pl&utmje=0&utmfl=-&utmdt=Search%20WJE%20Online%20%7C%20The%20Jonathan%20Edwards%20Center%20at%20Yale%20University&utmhid=290223454&utmr=-&utmp=%2Farchive%3Fpath%3DaHR0cDovL2Vkd2FyZHMueWFsZS5lZHUvY2dpLWJpbi9uZXdwaGlsby9nZXRvYmplY3QucGw%25252FYy4yNDoxMy53amVv&utmht=1787733088774&utmac=UA-1489454-4&utmcc=__utma%3D258641246.941803938.1787732989.1787732989.1787732989.1%3B%2B__utmz%3D258641246.1787732989.1.1.utmcsr%3D(direct)%7Cutmccn%3D(direct)%7Cutmcmd%3D(none)%3B&utmjid=&utmu=qAAAAAAAAAAAAAAAAAAAAAAE~ reason=response.body: Response body is unavailable for redirect responses
2026-08-26T08:31:30.871Z scroll:stable height=7882 samples=18
2026-08-26T08:31:31.919Z complete:013.html html=78765 assets=14
2026-08-26T08:31:34.421Z attempt:1/3 014.html
2026-08-26T08:31:34.421Z navigation:start http://edwards.yale.edu/archive?path=aHR0cDovL2Vkd2FyZHMueWFsZS5lZHUvY2dpLWJpbi9uZXdwaGlsby9nZXRvYmplY3QucGw%2FYy4yNDoxNC53amVv
2026-08-26T08:31:35.096Z resource:omit http://fonts.gstatic.com/s/playfairdisplay/v40/nuFkD-vYSZviVYUb_rj3ij__anPXDTnogkk7yRZrPA.woff2 reason=response.body: Protocol error (Network.getResponseBody): No data found for resource with given identifier
Response body is not available for a response that was navigated away from. Read response.body() before triggering any navigation.
2026-08-26T08:31:35.096Z resource:omit http://fonts.gstatic.com/s/playfairdisplay/v40/nuFiD-vYSZviVYUb_rj3ij__anPXDTzYgEM86xQ.woff2 reason=response.body: Protocol error (Network.getResponseBody): No data found for resource with given identifier
Response body is not available for a response that was navigated away from. Read response.body() before triggering any navigation.
2026-08-26T08:31:35.097Z resource:omit http://fonts.gstatic.com/s/opensans/v44/memvYaGs126MiZpBA-UvWbX2vVnXBbObj2OVTS-mu0SC55I.woff2 reason=response.body: Protocol error (Network.getResponseBody): No data found for resource with given identifier
Response body is not available for a response that was navigated away from. Read response.body() before triggering any navigation.
2026-08-26T08:31:35.096Z resource:omit http://fonts.gstatic.com/s/opensans/v44/memvYaGs126MiZpBA-UvWbX2vVnXBbObj2OVTUGmu0SC55K5gw.woff2 reason=response.body: Protocol error (Network.getResponseBody): No data found for resource with given identifier
Response body is not available for a response that was navigated away from. Read response.body() before triggering any navigation.
2026-08-26T08:31:36.147Z resource:omit http://www.google-analytics.com/ga.js reason=response.body: Response body is unavailable for redirect responses
2026-08-26T08:31:36.154Z resource:omit http://www.google-analytics.com/__utm.gif?utmwv=5.7.2&utms=15&utmn=1578396330&utmhn=edwards.yale.edu&utmcs=UTF-8&utmsr=1280x720&utmvp=1280x720&utmsc=24-bit&utmul=pl&utmje=0&utmfl=-&utmdt=Search%20WJE%20Online%20%7C%20The%20Jonathan%20Edwards%20Center%20at%20Yale%20University&utmhid=1510941262&utmr=-&utmp=%2Farchive%3Fpath%3DaHR0cDovL2Vkd2FyZHMueWFsZS5lZHUvY2dpLWJpbi9uZXdwaGlsby9nZXRvYmplY3QucGw%25252FYy4yNDoxNC53amVv&utmht=1787733096150&utmac=UA-1489454-4&utmcc=__utma%3D258641246.941803938.1787732989.1787732989.1787732989.1%3B%2B__utmz%3D258641246.1787732989.1.1.utmcsr%3D(direct)%7Cutmccn%3D(direct)%7Cutmcmd%3D(none)%3B&utmjid=&utmu=qAAAAAAAAAAAAAAAAAAAAAAE~ reason=response.body: Response body is unavailable for redirect responses
2026-08-26T08:31:40.343Z scroll:stable height=16983 samples=35
2026-08-26T08:31:41.399Z complete:014.html html=145967 assets=14
2026-08-26T08:31:43.902Z attempt:1/3 015.html
2026-08-26T08:31:43.902Z navigation:start http://edwards.yale.edu/archive?path=aHR0cDovL2Vkd2FyZHMueWFsZS5lZHUvY2dpLWJpbi9uZXdwaGlsby9nZXRvYmplY3QucGw%2FYy4yNDoxNS53amVv
2026-08-26T08:31:44.492Z resource:omit http://fonts.gstatic.com/s/playfairdisplay/v40/nuFiD-vYSZviVYUb_rj3ij__anPXDTzYgEM86xQ.woff2 reason=response.body: Protocol error (Network.getResponseBody): No data found for resource with given identifier
Response body is not available for a response that was navigated away from. Read response.body() before triggering any navigation.
2026-08-26T08:31:44.492Z resource:omit http://fonts.gstatic.com/s/playfairdisplay/v40/nuFkD-vYSZviVYUb_rj3ij__anPXDTnogkk7yRZrPA.woff2 reason=response.body: Protocol error (Network.getResponseBody): No data found for resource with given identifier
Response body is not available for a response that was navigated away from. Read response.body() before triggering any navigation.
2026-08-26T08:31:44.492Z resource:omit http://fonts.gstatic.com/s/opensans/v44/memvYaGs126MiZpBA-UvWbX2vVnXBbObj2OVTUGmu0SC55K5gw.woff2 reason=response.body: Protocol error (Network.getResponseBody): No data found for resource with given identifier
Response body is not available for a response that was navigated away from. Read response.body() before triggering any navigation.
2026-08-26T08:31:44.492Z resource:omit http://fonts.gstatic.com/s/opensans/v44/memvYaGs126MiZpBA-UvWbX2vVnXBbObj2OVTS-mu0SC55I.woff2 reason=response.body: Protocol error (Network.getResponseBody): No data found for resource with given identifier
Response body is not available for a response that was navigated away from. Read response.body() before triggering any navigation.
2026-08-26T08:31:45.194Z resource:omit http://www.google-analytics.com/ga.js reason=response.body: Response body is unavailable for redirect responses
2026-08-26T08:31:45.196Z resource:omit http://www.google-analytics.com/__utm.gif?utmwv=5.7.2&utms=16&utmn=1247371241&utmhn=edwards.yale.edu&utmcs=UTF-8&utmsr=1280x720&utmvp=1280x720&utmsc=24-bit&utmul=pl&utmje=0&utmfl=-&utmdt=Search%20WJE%20Online%20%7C%20The%20Jonathan%20Edwards%20Center%20at%20Yale%20University&utmhid=1886256067&utmr=-&utmp=%2Farchive%3Fpath%3DaHR0cDovL2Vkd2FyZHMueWFsZS5lZHUvY2dpLWJpbi9uZXdwaGlsby9nZXRvYmplY3QucGw%25252FYy4yNDoxNS53amVv&utmht=1787733105194&utmac=UA-1489454-4&utmcc=__utma%3D258641246.941803938.1787732989.1787732989.1787732989.1%3B%2B__utmz%3D258641246.1787732989.1.1.utmcsr%3D(direct)%7Cutmccn%3D(direct)%7Cutmcmd%3D(none)%3B&utmjid=&utmu=qAAAAAAAAAAAAAAAAAAAAAAE~ reason=response.body: Response body is unavailable for redirect responses
2026-08-26T08:31:47.552Z scroll:stable height=8980 samples=20
2026-08-26T08:31:48.613Z complete:015.html html=87711 assets=14
2026-08-26T08:31:51.114Z attempt:1/3 016.html
2026-08-26T08:31:51.115Z navigation:start http://edwards.yale.edu/archive?path=aHR0cDovL2Vkd2FyZHMueWFsZS5lZHUvY2dpLWJpbi9uZXdwaGlsby9nZXRvYmplY3QucGw%2FYy4yNDoxNi53amVv
2026-08-26T08:31:51.671Z resource:omit http://fonts.gstatic.com/s/playfairdisplay/v40/nuFkD-vYSZviVYUb_rj3ij__anPXDTnogkk7yRZrPA.woff2 reason=response.body: Protocol error (Network.getResponseBody): No data found for resource with given identifier
Response body is not available for a response that was navigated away from. Read response.body() before triggering any navigation.
2026-08-26T08:31:51.674Z resource:omit http://fonts.gstatic.com/s/playfairdisplay/v40/nuFiD-vYSZviVYUb_rj3ij__anPXDTzYgEM86xQ.woff2 reason=response.body: Protocol error (Network.getResponseBody): No data found for resource with given identifier
Response body is not available for a response that was navigated away from. Read response.body() before triggering any navigation.
2026-08-26T08:31:51.674Z resource:omit http://fonts.gstatic.com/s/opensans/v44/memvYaGs126MiZpBA-UvWbX2vVnXBbObj2OVTS-mu0SC55I.woff2 reason=response.body: Protocol error (Network.getResponseBody): No data found for resource with given identifier
Response body is not available for a response that was navigated away from. Read response.body() before triggering any navigation.
2026-08-26T08:31:51.674Z resource:omit http://fonts.gstatic.com/s/opensans/v44/memvYaGs126MiZpBA-UvWbX2vVnXBbObj2OVTUGmu0SC55K5gw.woff2 reason=response.body: Protocol error (Network.getResponseBody): No data found for resource with given identifier
Response body is not available for a response that was navigated away from. Read response.body() before triggering any navigation.
2026-08-26T08:31:52.702Z resource:omit http://www.google-analytics.com/ga.js reason=response.body: Response body is unavailable for redirect responses
2026-08-26T08:31:52.706Z resource:omit http://www.google-analytics.com/__utm.gif?utmwv=5.7.2&utms=17&utmn=170564511&utmhn=edwards.yale.edu&utmcs=UTF-8&utmsr=1280x720&utmvp=1280x720&utmsc=24-bit&utmul=pl&utmje=0&utmfl=-&utmdt=Search%20WJE%20Online%20%7C%20The%20Jonathan%20Edwards%20Center%20at%20Yale%20University&utmhid=781117885&utmr=-&utmp=%2Farchive%3Fpath%3DaHR0cDovL2Vkd2FyZHMueWFsZS5lZHUvY2dpLWJpbi9uZXdwaGlsby9nZXRvYmplY3QucGw%25252FYy4yNDoxNi53amVv&utmht=1787733112704&utmac=UA-1489454-4&utmcc=__utma%3D258641246.941803938.1787732989.1787732989.1787732989.1%3B%2B__utmz%3D258641246.1787732989.1.1.utmcsr%3D(direct)%7Cutmccn%3D(direct)%7Cutmcmd%3D(none)%3B&utmjid=&utmu=qAAAAAAAAAAAAAAAAAAAAAAE~ reason=response.body: Response body is unavailable for redirect responses
2026-08-26T08:31:57.428Z scroll:stable height=18810 samples=38
2026-08-26T08:31:58.489Z complete:016.html html=155813 assets=14
2026-08-26T08:32:00.992Z attempt:1/3 017.html
2026-08-26T08:32:00.993Z navigation:start http://edwards.yale.edu/archive?path=aHR0cDovL2Vkd2FyZHMueWFsZS5lZHUvY2dpLWJpbi9uZXdwaGlsby9nZXRvYmplY3QucGw%2FYy4yNDoxNy53amVv
2026-08-26T08:32:01.533Z resource:omit http://fonts.gstatic.com/s/playfairdisplay/v40/nuFkD-vYSZviVYUb_rj3ij__anPXDTnogkk7yRZrPA.woff2 reason=response.body: Protocol error (Network.getResponseBody): No data found for resource with given identifier
Response body is not available for a response that was navigated away from. Read response.body() before triggering any navigation.
2026-08-26T08:32:01.534Z resource:omit http://fonts.gstatic.com/s/playfairdisplay/v40/nuFiD-vYSZviVYUb_rj3ij__anPXDTzYgEM86xQ.woff2 reason=response.body: Protocol error (Network.getResponseBody): No data found for resource with given identifier
Response body is not available for a response that was navigated away from. Read response.body() before triggering any navigation.
2026-08-26T08:32:01.534Z resource:omit http://fonts.gstatic.com/s/opensans/v44/memvYaGs126MiZpBA-UvWbX2vVnXBbObj2OVTUGmu0SC55K5gw.woff2 reason=response.body: Protocol error (Network.getResponseBody): No data found for resource with given identifier
Response body is not available for a response that was navigated away from. Read response.body() before triggering any navigation.
2026-08-26T08:32:01.534Z resource:omit http://fonts.gstatic.com/s/opensans/v44/memvYaGs126MiZpBA-UvWbX2vVnXBbObj2OVTS-mu0SC55I.woff2 reason=response.body: Protocol error (Network.getResponseBody): No data found for resource with given identifier
Response body is not available for a response that was navigated away from. Read response.body() before triggering any navigation.
2026-08-26T08:32:02.221Z resource:omit http://www.google-analytics.com/ga.js reason=response.body: Response body is unavailable for redirect responses
2026-08-26T08:32:02.225Z resource:omit http://www.google-analytics.com/__utm.gif?utmwv=5.7.2&utms=18&utmn=362144256&utmhn=edwards.yale.edu&utmcs=UTF-8&utmsr=1280x720&utmvp=1280x720&utmsc=24-bit&utmul=pl&utmje=0&utmfl=-&utmdt=Search%20WJE%20Online%20%7C%20The%20Jonathan%20Edwards%20Center%20at%20Yale%20University&utmhid=155021400&utmr=-&utmp=%2Farchive%3Fpath%3DaHR0cDovL2Vkd2FyZHMueWFsZS5lZHUvY2dpLWJpbi9uZXdwaGlsby9nZXRvYmplY3QucGw%25252FYy4yNDoxNy53amVv&utmht=1787733122223&utmac=UA-1489454-4&utmcc=__utma%3D258641246.941803938.1787732989.1787732989.1787732989.1%3B%2B__utmz%3D258641246.1787732989.1.1.utmcsr%3D(direct)%7Cutmccn%3D(direct)%7Cutmcmd%3D(none)%3B&utmjid=&utmu=qAAAAAAAAAAAAAAAAAAAAAAE~ reason=response.body: Response body is unavailable for redirect responses
2026-08-26T08:32:04.706Z scroll:stable height=9584 samples=21
2026-08-26T08:32:05.769Z complete:017.html html=85436 assets=14
2026-08-26T08:32:08.271Z attempt:1/3 018.html
2026-08-26T08:32:08.271Z navigation:start http://edwards.yale.edu/archive?path=aHR0cDovL2Vkd2FyZHMueWFsZS5lZHUvY2dpLWJpbi9uZXdwaGlsby9nZXRvYmplY3QucGw%2FYy4yNDoxOC53amVv
2026-08-26T08:32:08.799Z resource:omit http://fonts.gstatic.com/s/playfairdisplay/v40/nuFkD-vYSZviVYUb_rj3ij__anPXDTnogkk7yRZrPA.woff2 reason=response.body: Protocol error (Network.getResponseBody): No data found for resource with given identifier
Response body is not available for a response that was navigated away from. Read response.body() before triggering any navigation.
2026-08-26T08:32:08.799Z resource:omit http://fonts.gstatic.com/s/playfairdisplay/v40/nuFiD-vYSZviVYUb_rj3ij__anPXDTzYgEM86xQ.woff2 reason=response.body: Protocol error (Network.getResponseBody): No data found for resource with given identifier
Response body is not available for a response that was navigated away from. Read response.body() before triggering any navigation.
2026-08-26T08:32:08.799Z resource:omit http://fonts.gstatic.com/s/opensans/v44/memvYaGs126MiZpBA-UvWbX2vVnXBbObj2OVTUGmu0SC55K5gw.woff2 reason=response.body: Protocol error (Network.getResponseBody): No data found for resource with given identifier
Response body is not available for a response that was navigated away from. Read response.body() before triggering any navigation.
2026-08-26T08:32:08.800Z resource:omit http://fonts.gstatic.com/s/opensans/v44/memvYaGs126MiZpBA-UvWbX2vVnXBbObj2OVTS-mu0SC55I.woff2 reason=response.body: Protocol error (Network.getResponseBody): No data found for resource with given identifier
Response body is not available for a response that was navigated away from. Read response.body() before triggering any navigation.
2026-08-26T08:32:09.477Z resource:omit http://www.google-analytics.com/ga.js reason=response.body: Response body is unavailable for redirect responses
2026-08-26T08:32:09.483Z resource:omit http://www.google-analytics.com/__utm.gif?utmwv=5.7.2&utms=19&utmn=495448518&utmhn=edwards.yale.edu&utmcs=UTF-8&utmsr=1280x720&utmvp=1280x720&utmsc=24-bit&utmul=pl&utmje=0&utmfl=-&utmdt=Search%20WJE%20Online%20%7C%20The%20Jonathan%20Edwards%20Center%20at%20Yale%20University&utmhid=1283024860&utmr=-&utmp=%2Farchive%3Fpath%3DaHR0cDovL2Vkd2FyZHMueWFsZS5lZHUvY2dpLWJpbi9uZXdwaGlsby9nZXRvYmplY3QucGw%25252FYy4yNDoxOC53amVv&utmht=1787733129480&utmac=UA-1489454-4&utmcc=__utma%3D258641246.941803938.1787732989.1787732989.1787732989.1%3B%2B__utmz%3D258641246.1787732989.1.1.utmcsr%3D(direct)%7Cutmccn%3D(direct)%7Cutmcmd%3D(none)%3B&utmjid=&utmu=qAAAAAAAAAAAAAAAAAAAAAAE~ reason=response.body: Response body is unavailable for redirect responses
2026-08-26T08:32:11.952Z scroll:stable height=9467 samples=21
2026-08-26T08:32:12.996Z complete:018.html html=89540 assets=14
2026-08-26T08:32:15.498Z attempt:1/3 019.html
2026-08-26T08:32:15.499Z navigation:start http://edwards.yale.edu/archive?path=aHR0cDovL2Vkd2FyZHMueWFsZS5lZHUvY2dpLWJpbi9uZXdwaGlsby9nZXRvYmplY3QucGw%2FYy4yNDoxOS53amVv
2026-08-26T08:32:16.184Z resource:omit http://fonts.gstatic.com/s/playfairdisplay/v40/nuFkD-vYSZviVYUb_rj3ij__anPXDTnogkk7yRZrPA.woff2 reason=response.body: Protocol error (Network.getResponseBody): No data found for resource with given identifier
Response body is not available for a response that was navigated away from. Read response.body() before triggering any navigation.
2026-08-26T08:32:16.184Z resource:omit http://fonts.gstatic.com/s/opensans/v44/memvYaGs126MiZpBA-UvWbX2vVnXBbObj2OVTUGmu0SC55K5gw.woff2 reason=response.body: Protocol error (Network.getResponseBody): No data found for resource with given identifier
Response body is not available for a response that was navigated away from. Read response.body() before triggering any navigation.
2026-08-26T08:32:16.184Z resource:omit http://fonts.gstatic.com/s/playfairdisplay/v40/nuFiD-vYSZviVYUb_rj3ij__anPXDTzYgEM86xQ.woff2 reason=response.body: Protocol error (Network.getResponseBody): No data found for resource with given identifier
Response body is not available for a response that was navigated away from. Read response.body() before triggering any navigation.
2026-08-26T08:32:16.184Z resource:omit http://fonts.gstatic.com/s/opensans/v44/memvYaGs126MiZpBA-UvWbX2vVnXBbObj2OVTS-mu0SC55I.woff2 reason=response.body: Protocol error (Network.getResponseBody): No data found for resource with given identifier
Response body is not available for a response that was navigated away from. Read response.body() before triggering any navigation.
2026-08-26T08:32:18.103Z resource:omit http://www.google-analytics.com/ga.js reason=response.body: Response body is unavailable for redirect responses
2026-08-26T08:32:18.110Z resource:omit http://www.google-analytics.com/__utm.gif?utmwv=5.7.2&utms=20&utmn=589469290&utmhn=edwards.yale.edu&utmcs=UTF-8&utmsr=1280x720&utmvp=1280x720&utmsc=24-bit&utmul=pl&utmje=0&utmfl=-&utmdt=Search%20WJE%20Online%20%7C%20The%20Jonathan%20Edwards%20Center%20at%20Yale%20University&utmhid=861635716&utmr=-&utmp=%2Farchive%3Fpath%3DaHR0cDovL2Vkd2FyZHMueWFsZS5lZHUvY2dpLWJpbi9uZXdwaGlsby9nZXRvYmplY3QucGw%25252FYy4yNDoxOS53amVv&utmht=1787733138108&utmac=UA-1489454-4&utmcc=__utma%3D258641246.941803938.1787732989.1787732989.1787732989.1%3B%2B__utmz%3D258641246.1787732989.1.1.utmcsr%3D(direct)%7Cutmccn%3D(direct)%7Cutmcmd%3D(none)%3B&utmjid=&utmu=qAAAAAAAAAAAAAAAAAAAAAAE~ reason=response.body: Response body is unavailable for redirect responses
2026-08-26T08:32:29.452Z scroll:stable height=48417 samples=93
2026-08-26T08:32:30.517Z complete:019.html html=330390 assets=14
2026-08-26T08:32:33.020Z attempt:1/3 020.html
2026-08-26T08:32:33.020Z navigation:start http://edwards.yale.edu/archive?path=aHR0cDovL2Vkd2FyZHMueWFsZS5lZHUvY2dpLWJpbi9uZXdwaGlsby9nZXRvYmplY3QucGw%2FYy4yNDoyMC53amVv
2026-08-26T08:32:33.540Z resource:omit http://fonts.gstatic.com/s/playfairdisplay/v40/nuFkD-vYSZviVYUb_rj3ij__anPXDTnogkk7yRZrPA.woff2 reason=response.body: Protocol error (Network.getResponseBody): No data found for resource with given identifier
Response body is not available for a response that was navigated away from. Read response.body() before triggering any navigation.
2026-08-26T08:32:33.540Z resource:omit http://fonts.gstatic.com/s/playfairdisplay/v40/nuFiD-vYSZviVYUb_rj3ij__anPXDTzYgEM86xQ.woff2 reason=response.body: Protocol error (Network.getResponseBody): No data found for resource with given identifier
Response body is not available for a response that was navigated away from. Read response.body() before triggering any navigation.
2026-08-26T08:32:33.541Z resource:omit http://fonts.gstatic.com/s/opensans/v44/memvYaGs126MiZpBA-UvWbX2vVnXBbObj2OVTUGmu0SC55K5gw.woff2 reason=response.body: Protocol error (Network.getResponseBody): No data found for resource with given identifier
Response body is not available for a response that was navigated away from. Read response.body() before triggering any navigation.
2026-08-26T08:32:33.541Z resource:omit http://fonts.gstatic.com/s/opensans/v44/memvYaGs126MiZpBA-UvWbX2vVnXBbObj2OVTS-mu0SC55I.woff2 reason=response.body: Protocol error (Network.getResponseBody): No data found for resource with given identifier
Response body is not available for a response that was navigated away from. Read response.body() before triggering any navigation.
2026-08-26T08:32:34.299Z resource:omit http://www.google-analytics.com/ga.js reason=response.body: Response body is unavailable for redirect responses
2026-08-26T08:32:34.304Z resource:omit http://www.google-analytics.com/__utm.gif?utmwv=5.7.2&utms=21&utmn=1280489800&utmhn=edwards.yale.edu&utmcs=UTF-8&utmsr=1280x720&utmvp=1280x720&utmsc=24-bit&utmul=pl&utmje=0&utmfl=-&utmdt=Search%20WJE%20Online%20%7C%20The%20Jonathan%20Edwards%20Center%20at%20Yale%20University&utmhid=483945435&utmr=-&utmp=%2Farchive%3Fpath%3DaHR0cDovL2Vkd2FyZHMueWFsZS5lZHUvY2dpLWJpbi9uZXdwaGlsby9nZXRvYmplY3QucGw%25252FYy4yNDoyMC53amVv&utmht=1787733154301&utmac=UA-1489454-4&utmcc=__utma%3D258641246.941803938.1787732989.1787732989.1787732989.1%3B%2B__utmz%3D258641246.1787732989.1.1.utmcsr%3D(direct)%7Cutmccn%3D(direct)%7Cutmcmd%3D(none)%3B&utmjid=&utmu=qAAAAAAAAAAAAAAAAAAAAAAE~ reason=response.body: Response body is unavailable for redirect responses
2026-08-26T08:32:36.413Z scroll:stable height=8246 samples=18
2026-08-26T08:32:37.464Z complete:020.html html=82920 assets=14
2026-08-26T08:32:39.966Z attempt:1/3 021.html
2026-08-26T08:32:39.967Z navigation:start http://edwards.yale.edu/archive?path=aHR0cDovL2Vkd2FyZHMueWFsZS5lZHUvY2dpLWJpbi9uZXdwaGlsby9nZXRvYmplY3QucGw%2FYy4yNDoyMS53amVv
2026-08-26T08:32:40.589Z resource:omit http://fonts.gstatic.com/s/playfairdisplay/v40/nuFkD-vYSZviVYUb_rj3ij__anPXDTnogkk7yRZrPA.woff2 reason=response.body: Protocol error (Network.getResponseBody): No data found for resource with given identifier
Response body is not available for a response that was navigated away from. Read response.body() before triggering any navigation.
2026-08-26T08:32:40.589Z resource:omit http://fonts.gstatic.com/s/playfairdisplay/v40/nuFiD-vYSZviVYUb_rj3ij__anPXDTzYgEM86xQ.woff2 reason=response.body: Protocol error (Network.getResponseBody): No data found for resource with given identifier
Response body is not available for a response that was navigated away from. Read response.body() before triggering any navigation.
2026-08-26T08:32:40.590Z resource:omit http://fonts.gstatic.com/s/opensans/v44/memvYaGs126MiZpBA-UvWbX2vVnXBbObj2OVTUGmu0SC55K5gw.woff2 reason=response.body: Protocol error (Network.getResponseBody): No data found for resource with given identifier
Response body is not available for a response that was navigated away from. Read response.body() before triggering any navigation.
2026-08-26T08:32:40.590Z resource:omit http://fonts.gstatic.com/s/opensans/v44/memvYaGs126MiZpBA-UvWbX2vVnXBbObj2OVTS-mu0SC55I.woff2 reason=response.body: Protocol error (Network.getResponseBody): No data found for resource with given identifier
Response body is not available for a response that was navigated away from. Read response.body() before triggering any navigation.
2026-08-26T08:32:41.636Z resource:omit http://www.google-analytics.com/ga.js reason=response.body: Response body is unavailable for redirect responses
2026-08-26T08:32:41.641Z resource:omit http://www.google-analytics.com/__utm.gif?utmwv=5.7.2&utms=22&utmn=501742437&utmhn=edwards.yale.edu&utmcs=UTF-8&utmsr=1280x720&utmvp=1280x720&utmsc=24-bit&utmul=pl&utmje=0&utmfl=-&utmdt=Search%20WJE%20Online%20%7C%20The%20Jonathan%20Edwards%20Center%20at%20Yale%20University&utmhid=451173124&utmr=-&utmp=%2Farchive%3Fpath%3DaHR0cDovL2Vkd2FyZHMueWFsZS5lZHUvY2dpLWJpbi9uZXdwaGlsby9nZXRvYmplY3QucGw%25252FYy4yNDoyMS53amVv&utmht=1787733161639&utmac=UA-1489454-4&utmcc=__utma%3D258641246.941803938.1787732989.1787732989.1787732989.1%3B%2B__utmz%3D258641246.1787732989.1.1.utmcsr%3D(direct)%7Cutmccn%3D(direct)%7Cutmcmd%3D(none)%3B&utmjid=&utmu=qAAAAAAAAAAAAAAAAAAAAAAE~ reason=response.body: Response body is unavailable for redirect responses
2026-08-26T08:32:47.761Z scroll:stable height=18782 samples=38
2026-08-26T08:32:48.829Z complete:021.html html=139200 assets=15
2026-08-26T08:32:51.330Z attempt:1/3 022.html
2026-08-26T08:32:51.331Z navigation:start http://edwards.yale.edu/archive?path=aHR0cDovL2Vkd2FyZHMueWFsZS5lZHUvY2dpLWJpbi9uZXdwaGlsby9nZXRvYmplY3QucGw%2FYy4yNDoyMi53amVv
2026-08-26T08:32:51.898Z resource:omit http://fonts.gstatic.com/s/playfairdisplay/v40/nuFkD-vYSZviVYUb_rj3ij__anPXDTnogkk7yRZrPA.woff2 reason=response.body: Protocol error (Network.getResponseBody): No data found for resource with given identifier
Response body is not available for a response that was navigated away from. Read response.body() before triggering any navigation.
2026-08-26T08:32:51.904Z resource:omit http://fonts.gstatic.com/s/playfairdisplay/v40/nuFiD-vYSZviVYUb_rj3ij__anPXDTzYgEM86xQ.woff2 reason=response.body: Protocol error (Network.getResponseBody): No data found for resource with given identifier
Response body is not available for a response that was navigated away from. Read response.body() before triggering any navigation.
2026-08-26T08:32:51.904Z resource:omit http://fonts.gstatic.com/s/opensans/v44/memvYaGs126MiZpBA-UvWbX2vVnXBbObj2OVTUGmu0SC55K5gw.woff2 reason=response.body: Protocol error (Network.getResponseBody): No data found for resource with given identifier
Response body is not available for a response that was navigated away from. Read response.body() before triggering any navigation.
2026-08-26T08:32:51.904Z resource:omit http://fonts.gstatic.com/s/opensans/v44/memvYaGs126MiZpBA-UvWbX2vVnXBbObj2OVTS-mu0SC55I.woff2 reason=response.body: Protocol error (Network.getResponseBody): No data found for resource with given identifier
Response body is not available for a response that was navigated away from. Read response.body() before triggering any navigation.
2026-08-26T08:32:53.197Z resource:omit http://www.google-analytics.com/ga.js reason=response.body: Response body is unavailable for redirect responses
2026-08-26T08:32:53.202Z resource:omit http://www.google-analytics.com/__utm.gif?utmwv=5.7.2&utms=23&utmn=196593037&utmhn=edwards.yale.edu&utmcs=UTF-8&utmsr=1280x720&utmvp=1280x720&utmsc=24-bit&utmul=pl&utmje=0&utmfl=-&utmdt=Search%20WJE%20Online%20%7C%20The%20Jonathan%20Edwards%20Center%20at%20Yale%20University&utmhid=1521383306&utmr=-&utmp=%2Farchive%3Fpath%3DaHR0cDovL2Vkd2FyZHMueWFsZS5lZHUvY2dpLWJpbi9uZXdwaGlsby9nZXRvYmplY3QucGw%25252FYy4yNDoyMi53amVv&utmht=1787733173200&utmac=UA-1489454-4&utmcc=__utma%3D258641246.941803938.1787732989.1787732989.1787732989.1%3B%2B__utmz%3D258641246.1787732989.1.1.utmcsr%3D(direct)%7Cutmccn%3D(direct)%7Cutmcmd%3D(none)%3B&utmjid=&utmu=qAAAAAAAAAAAAAAAAAAAAAAE~ reason=response.body: Response body is unavailable for redirect responses
2026-08-26T08:32:58.378Z scroll:stable height=21608 samples=43
2026-08-26T08:32:59.434Z complete:022.html html=172660 assets=14
2026-08-26T08:33:01.936Z attempt:1/3 023.html
2026-08-26T08:33:01.937Z navigation:start http://edwards.yale.edu/archive?path=aHR0cDovL2Vkd2FyZHMueWFsZS5lZHUvY2dpLWJpbi9uZXdwaGlsby9nZXRvYmplY3QucGw%2FYy4yNDoyMy53amVv
2026-08-26T08:33:02.522Z resource:omit http://fonts.gstatic.com/s/playfairdisplay/v40/nuFkD-vYSZviVYUb_rj3ij__anPXDTnogkk7yRZrPA.woff2 reason=response.body: Protocol error (Network.getResponseBody): No data found for resource with given identifier
Response body is not available for a response that was navigated away from. Read response.body() before triggering any navigation.
2026-08-26T08:33:02.525Z resource:omit http://fonts.gstatic.com/s/playfairdisplay/v40/nuFiD-vYSZviVYUb_rj3ij__anPXDTzYgEM86xQ.woff2 reason=response.body: Protocol error (Network.getResponseBody): No data found for resource with given identifier
Response body is not available for a response that was navigated away from. Read response.body() before triggering any navigation.
2026-08-26T08:33:02.525Z resource:omit http://fonts.gstatic.com/s/opensans/v44/memvYaGs126MiZpBA-UvWbX2vVnXBbObj2OVTUGmu0SC55K5gw.woff2 reason=response.body: Protocol error (Network.getResponseBody): No data found for resource with given identifier
Response body is not available for a response that was navigated away from. Read response.body() before triggering any navigation.
2026-08-26T08:33:02.525Z resource:omit http://fonts.gstatic.com/s/opensans/v44/memvYaGs126MiZpBA-UvWbX2vVnXBbObj2OVTS-mu0SC55I.woff2 reason=response.body: Protocol error (Network.getResponseBody): No data found for resource with given identifier
Response body is not available for a response that was navigated away from. Read response.body() before triggering any navigation.
2026-08-26T08:33:03.332Z resource:omit http://www.google-analytics.com/ga.js reason=response.body: Response body is unavailable for redirect responses
2026-08-26T08:33:03.338Z resource:omit http://www.google-analytics.com/__utm.gif?utmwv=5.7.2&utms=24&utmn=898800376&utmhn=edwards.yale.edu&utmcs=UTF-8&utmsr=1280x720&utmvp=1280x720&utmsc=24-bit&utmul=pl&utmje=0&utmfl=-&utmdt=Search%20WJE%20Online%20%7C%20The%20Jonathan%20Edwards%20Center%20at%20Yale%20University&utmhid=1749297590&utmr=-&utmp=%2Farchive%3Fpath%3DaHR0cDovL2Vkd2FyZHMueWFsZS5lZHUvY2dpLWJpbi9uZXdwaGlsby9nZXRvYmplY3QucGw%25252FYy4yNDoyMy53amVv&utmht=1787733183335&utmac=UA-1489454-4&utmcc=__utma%3D258641246.941803938.1787732989.1787732989.1787732989.1%3B%2B__utmz%3D258641246.1787732989.1.1.utmcsr%3D(direct)%7Cutmccn%3D(direct)%7Cutmcmd%3D(none)%3B&utmjid=&utmu=qAAAAAAAAAAAAAAAAAAAAAAE~ reason=response.body: Response body is unavailable for redirect responses
2026-08-26T08:33:05.682Z scroll:stable height=9077 samples=20
2026-08-26T08:33:06.729Z complete:023.html html=87144 assets=14
2026-08-26T08:33:09.230Z attempt:1/3 024.html
2026-08-26T08:33:09.230Z navigation:start http://edwards.yale.edu/archive?path=aHR0cDovL2Vkd2FyZHMueWFsZS5lZHUvY2dpLWJpbi9uZXdwaGlsby9nZXRvYmplY3QucGw%2FYy4yNDoyNC53amVv
2026-08-26T08:33:09.786Z resource:omit http://fonts.gstatic.com/s/playfairdisplay/v40/nuFiD-vYSZviVYUb_rj3ij__anPXDTzYgEM86xQ.woff2 reason=response.body: Protocol error (Network.getResponseBody): No data found for resource with given identifier
Response body is not available for a response that was navigated away from. Read response.body() before triggering any navigation.
2026-08-26T08:33:09.786Z resource:omit http://fonts.gstatic.com/s/playfairdisplay/v40/nuFkD-vYSZviVYUb_rj3ij__anPXDTnogkk7yRZrPA.woff2 reason=response.body: Protocol error (Network.getResponseBody): No data found for resource with given identifier
Response body is not available for a response that was navigated away from. Read response.body() before triggering any navigation.
2026-08-26T08:33:09.786Z resource:omit http://fonts.gstatic.com/s/opensans/v44/memvYaGs126MiZpBA-UvWbX2vVnXBbObj2OVTUGmu0SC55K5gw.woff2 reason=response.body: Protocol error (Network.getResponseBody): No data found for resource with given identifier
Response body is not available for a response that was navigated away from. Read response.body() before triggering any navigation.
2026-08-26T08:33:09.786Z resource:omit http://fonts.gstatic.com/s/opensans/v44/memvYaGs126MiZpBA-UvWbX2vVnXBbObj2OVTS-mu0SC55I.woff2 reason=response.body: Protocol error (Network.getResponseBody): No data found for resource with given identifier
Response body is not available for a response that was navigated away from. Read response.body() before triggering any navigation.
2026-08-26T08:33:10.351Z resource:omit http://www.google-analytics.com/ga.js reason=response.body: Response body is unavailable for redirect responses
2026-08-26T08:33:10.356Z resource:omit http://www.google-analytics.com/__utm.gif?utmwv=5.7.2&utms=25&utmn=635819364&utmhn=edwards.yale.edu&utmcs=UTF-8&utmsr=1280x720&utmvp=1280x720&utmsc=24-bit&utmul=pl&utmje=0&utmfl=-&utmdt=Search%20WJE%20Online%20%7C%20The%20Jonathan%20Edwards%20Center%20at%20Yale%20University&utmhid=581457783&utmr=-&utmp=%2Farchive%3Fpath%3DaHR0cDovL2Vkd2FyZHMueWFsZS5lZHUvY2dpLWJpbi9uZXdwaGlsby9nZXRvYmplY3QucGw%25252FYy4yNDoyNC53amVv&utmht=1787733190353&utmac=UA-1489454-4&utmcc=__utma%3D258641246.941803938.1787732989.1787732989.1787732989.1%3B%2B__utmz%3D258641246.1787732989.1.1.utmcsr%3D(direct)%7Cutmccn%3D(direct)%7Cutmcmd%3D(none)%3B&utmjid=&utmu=qAAAAAAAAAAAAAAAAAAAAAAE~ reason=response.body: Response body is unavailable for redirect responses
2026-08-26T08:33:12.345Z scroll:stable height=7349 samples=17
2026-08-26T08:33:13.399Z complete:024.html html=70961 assets=14
2026-08-26T08:33:15.902Z attempt:1/3 025.html
2026-08-26T08:33:15.903Z navigation:start http://edwards.yale.edu/archive?path=aHR0cDovL2Vkd2FyZHMueWFsZS5lZHUvY2dpLWJpbi9uZXdwaGlsby9nZXRvYmplY3QucGw%2FYy4yNDoyNS53amVv
2026-08-26T08:33:16.429Z resource:omit http://fonts.gstatic.com/s/playfairdisplay/v40/nuFkD-vYSZviVYUb_rj3ij__anPXDTnogkk7yRZrPA.woff2 reason=response.body: Protocol error (Network.getResponseBody): No data found for resource with given identifier
Response body is not available for a response that was navigated away from. Read response.body() before triggering any navigation.
2026-08-26T08:33:16.431Z resource:omit http://fonts.gstatic.com/s/playfairdisplay/v40/nuFiD-vYSZviVYUb_rj3ij__anPXDTzYgEM86xQ.woff2 reason=response.body: Protocol error (Network.getResponseBody): No data found for resource with given identifier
Response body is not available for a response that was navigated away from. Read response.body() before triggering any navigation.
2026-08-26T08:33:16.431Z resource:omit http://fonts.gstatic.com/s/opensans/v44/memvYaGs126MiZpBA-UvWbX2vVnXBbObj2OVTS-mu0SC55I.woff2 reason=response.body: Protocol error (Network.getResponseBody): No data found for resource with given identifier
Response body is not available for a response that was navigated away from. Read response.body() before triggering any navigation.
2026-08-26T08:33:16.431Z resource:omit http://fonts.gstatic.com/s/opensans/v44/memvYaGs126MiZpBA-UvWbX2vVnXBbObj2OVTUGmu0SC55K5gw.woff2 reason=response.body: Protocol error (Network.getResponseBody): No data found for resource with given identifier
Response body is not available for a response that was navigated away from. Read response.body() before triggering any navigation.
2026-08-26T08:33:16.951Z resource:omit http://www.google-analytics.com/ga.js reason=response.body: Response body is unavailable for redirect responses
2026-08-26T08:33:16.952Z resource:omit http://www.google-analytics.com/__utm.gif?utmwv=5.7.2&utms=26&utmn=884230737&utmhn=edwards.yale.edu&utmcs=UTF-8&utmsr=1280x720&utmvp=1280x720&utmsc=24-bit&utmul=pl&utmje=0&utmfl=-&utmdt=Search%20WJE%20Online%20%7C%20The%20Jonathan%20Edwards%20Center%20at%20Yale%20University&utmhid=465050369&utmr=-&utmp=%2Farchive%3Fpath%3DaHR0cDovL2Vkd2FyZHMueWFsZS5lZHUvY2dpLWJpbi9uZXdwaGlsby9nZXRvYmplY3QucGw%25252FYy4yNDoyNS53amVv&utmht=1787733196950&utmac=UA-1489454-4&utmcc=__utma%3D258641246.941803938.1787732989.1787732989.1787732989.1%3B%2B__utmz%3D258641246.1787732989.1.1.utmcsr%3D(direct)%7Cutmccn%3D(direct)%7Cutmcmd%3D(none)%3B&utmjid=&utmu=qAAAAAAAAAAAAAAAAAAAAAAE~ reason=response.body: Response body is unavailable for redirect responses
2026-08-26T08:33:19.831Z scroll:stable height=6801 samples=16
2026-08-26T08:33:20.903Z complete:025.html html=52594 assets=15
2026-08-26T08:33:23.405Z attempt:1/3 026.html
2026-08-26T08:33:23.406Z navigation:start http://edwards.yale.edu/archive?path=aHR0cDovL2Vkd2FyZHMueWFsZS5lZHUvY2dpLWJpbi9uZXdwaGlsby9nZXRvYmplY3QucGw%2FYy4yNDoyNi53amVv
2026-08-26T08:33:23.925Z resource:omit http://fonts.gstatic.com/s/playfairdisplay/v40/nuFkD-vYSZviVYUb_rj3ij__anPXDTnogkk7yRZrPA.woff2 reason=response.body: Protocol error (Network.getResponseBody): No data found for resource with given identifier
Response body is not available for a response that was navigated away from. Read response.body() before triggering any navigation.
2026-08-26T08:33:23.926Z resource:omit http://fonts.gstatic.com/s/opensans/v44/memvYaGs126MiZpBA-UvWbX2vVnXBbObj2OVTUGmu0SC55K5gw.woff2 reason=response.body: Protocol error (Network.getResponseBody): No data found for resource with given identifier
Response body is not available for a response that was navigated away from. Read response.body() before triggering any navigation.
2026-08-26T08:33:23.925Z resource:omit http://fonts.gstatic.com/s/playfairdisplay/v40/nuFiD-vYSZviVYUb_rj3ij__anPXDTzYgEM86xQ.woff2 reason=response.body: Protocol error (Network.getResponseBody): No data found for resource with given identifier
Response body is not available for a response that was navigated away from. Read response.body() before triggering any navigation.
2026-08-26T08:33:23.926Z resource:omit http://fonts.gstatic.com/s/opensans/v44/memvYaGs126MiZpBA-UvWbX2vVnXBbObj2OVTS-mu0SC55I.woff2 reason=response.body: Protocol error (Network.getResponseBody): No data found for resource with given identifier
Response body is not available for a response that was navigated away from. Read response.body() before triggering any navigation.
2026-08-26T08:33:24.446Z resource:omit http://www.google-analytics.com/ga.js reason=response.body: Response body is unavailable for redirect responses
2026-08-26T08:33:24.452Z resource:omit http://www.google-analytics.com/__utm.gif?utmwv=5.7.2&utms=27&utmn=666244091&utmhn=edwards.yale.edu&utmcs=UTF-8&utmsr=1280x720&utmvp=1280x720&utmsc=24-bit&utmul=pl&utmje=0&utmfl=-&utmdt=Search%20WJE%20Online%20%7C%20The%20Jonathan%20Edwards%20Center%20at%20Yale%20University&utmhid=1907871705&utmr=-&utmp=%2Farchive%3Fpath%3DaHR0cDovL2Vkd2FyZHMueWFsZS5lZHUvY2dpLWJpbi9uZXdwaGlsby9nZXRvYmplY3QucGw%25252FYy4yNDoyNi53amVv&utmht=1787733204449&utmac=UA-1489454-4&utmcc=__utma%3D258641246.941803938.1787732989.1787732989.1787732989.1%3B%2B__utmz%3D258641246.1787732989.1.1.utmcsr%3D(direct)%7Cutmccn%3D(direct)%7Cutmcmd%3D(none)%3B&utmjid=&utmu=qAAAAAAAAAAAAAAAAAAAAAAE~ reason=response.body: Response body is unavailable for redirect responses
2026-08-26T08:33:25.693Z scroll:stable height=4319 samples=11
2026-08-26T08:33:26.776Z complete:026.html html=49227 assets=14
2026-08-26T08:33:29.279Z attempt:1/3 027.html
2026-08-26T08:33:29.280Z navigation:start http://edwards.yale.edu/archive?path=aHR0cDovL2Vkd2FyZHMueWFsZS5lZHUvY2dpLWJpbi9uZXdwaGlsby9nZXRvYmplY3QucGw%2FYy4yNDoyNy53amVv
2026-08-26T08:33:29.867Z resource:omit http://fonts.gstatic.com/s/playfairdisplay/v40/nuFkD-vYSZviVYUb_rj3ij__anPXDTnogkk7yRZrPA.woff2 reason=response.body: Protocol error (Network.getResponseBody): No data found for resource with given identifier
Response body is not available for a response that was navigated away from. Read response.body() before triggering any navigation.
2026-08-26T08:33:29.867Z resource:omit http://fonts.gstatic.com/s/playfairdisplay/v40/nuFiD-vYSZviVYUb_rj3ij__anPXDTzYgEM86xQ.woff2 reason=response.body: Protocol error (Network.getResponseBody): No data found for resource with given identifier
Response body is not available for a response that was navigated away from. Read response.body() before triggering any navigation.
2026-08-26T08:33:29.868Z resource:omit http://fonts.gstatic.com/s/opensans/v44/memvYaGs126MiZpBA-UvWbX2vVnXBbObj2OVTUGmu0SC55K5gw.woff2 reason=response.body: Protocol error (Network.getResponseBody): No data found for resource with given identifier
Response body is not available for a response that was navigated away from. Read response.body() before triggering any navigation.
2026-08-26T08:33:29.869Z resource:omit http://fonts.gstatic.com/s/opensans/v44/memvYaGs126MiZpBA-UvWbX2vVnXBbObj2OVTS-mu0SC55I.woff2 reason=response.body: Protocol error (Network.getResponseBody): No data found for resource with given identifier
Response body is not available for a response that was navigated away from. Read response.body() before triggering any navigation.
2026-08-26T08:33:30.405Z resource:omit http://www.google-analytics.com/ga.js reason=response.body: Response body is unavailable for redirect responses
2026-08-26T08:33:30.410Z resource:omit http://www.google-analytics.com/__utm.gif?utmwv=5.7.2&utms=28&utmn=305623067&utmhn=edwards.yale.edu&utmcs=UTF-8&utmsr=1280x720&utmvp=1280x720&utmsc=24-bit&utmul=pl&utmje=0&utmfl=-&utmdt=Search%20WJE%20Online%20%7C%20The%20Jonathan%20Edwards%20Center%20at%20Yale%20University&utmhid=1588318051&utmr=-&utmp=%2Farchive%3Fpath%3DaHR0cDovL2Vkd2FyZHMueWFsZS5lZHUvY2dpLWJpbi9uZXdwaGlsby9nZXRvYmplY3QucGw%25252FYy4yNDoyNy53amVv&utmht=1787733210407&utmac=UA-1489454-4&utmcc=__utma%3D258641246.941803938.1787732989.1787732989.1787732989.1%3B%2B__utmz%3D258641246.1787732989.1.1.utmcsr%3D(direct)%7Cutmccn%3D(direct)%7Cutmcmd%3D(none)%3B&utmjid=&utmu=qAAAAAAAAAAAAAAAAAAAAAAE~ reason=response.body: Response body is unavailable for redirect responses
2026-08-26T08:33:31.774Z scroll:stable height=4684 samples=12
2026-08-26T08:33:32.825Z complete:027.html html=54351 assets=14
2026-08-26T08:33:35.328Z attempt:1/3 028.html
2026-08-26T08:33:35.328Z navigation:start http://edwards.yale.edu/archive?path=aHR0cDovL2Vkd2FyZHMueWFsZS5lZHUvY2dpLWJpbi9uZXdwaGlsby9nZXRvYmplY3QucGw%2FYy4yNDoyOC53amVv
2026-08-26T08:33:35.858Z resource:omit http://fonts.gstatic.com/s/playfairdisplay/v40/nuFkD-vYSZviVYUb_rj3ij__anPXDTnogkk7yRZrPA.woff2 reason=response.body: Protocol error (Network.getResponseBody): No data found for resource with given identifier
Response body is not available for a response that was navigated away from. Read response.body() before triggering any navigation.
2026-08-26T08:33:35.858Z resource:omit http://fonts.gstatic.com/s/opensans/v44/memvYaGs126MiZpBA-UvWbX2vVnXBbObj2OVTUGmu0SC55K5gw.woff2 reason=response.body: Protocol error (Network.getResponseBody): No data found for resource with given identifier
Response body is not available for a response that was navigated away from. Read response.body() before triggering any navigation.
2026-08-26T08:33:35.858Z resource:omit http://fonts.gstatic.com/s/playfairdisplay/v40/nuFiD-vYSZviVYUb_rj3ij__anPXDTzYgEM86xQ.woff2 reason=response.body: Protocol error (Network.getResponseBody): No data found for resource with given identifier
Response body is not available for a response that was navigated away from. Read response.body() before triggering any navigation.
2026-08-26T08:33:35.858Z resource:omit http://fonts.gstatic.com/s/opensans/v44/memvYaGs126MiZpBA-UvWbX2vVnXBbObj2OVTS-mu0SC55I.woff2 reason=response.body: Protocol error (Network.getResponseBody): No data found for resource with given identifier
Response body is not available for a response that was navigated away from. Read response.body() before triggering any navigation.
2026-08-26T08:33:36.360Z resource:omit http://www.google-analytics.com/ga.js reason=response.body: Response body is unavailable for redirect responses
2026-08-26T08:33:36.365Z resource:omit http://www.google-analytics.com/__utm.gif?utmwv=5.7.2&utms=29&utmn=1328539894&utmhn=edwards.yale.edu&utmcs=UTF-8&utmsr=1280x720&utmvp=1280x720&utmsc=24-bit&utmul=pl&utmje=0&utmfl=-&utmdt=Search%20WJE%20Online%20%7C%20The%20Jonathan%20Edwards%20Center%20at%20Yale%20University&utmhid=925990366&utmr=-&utmp=%2Farchive%3Fpath%3DaHR0cDovL2Vkd2FyZHMueWFsZS5lZHUvY2dpLWJpbi9uZXdwaGlsby9nZXRvYmplY3QucGw%25252FYy4yNDoyOC53amVv&utmht=1787733216363&utmac=UA-1489454-4&utmcc=__utma%3D258641246.941803938.1787732989.1787732989.1787732989.1%3B%2B__utmz%3D258641246.1787732989.1.1.utmcsr%3D(direct)%7Cutmccn%3D(direct)%7Cutmcmd%3D(none)%3B&utmjid=&utmu=qAAAAAAAAAAAAAAAAAAAAAAE~ reason=response.body: Response body is unavailable for redirect responses
2026-08-26T08:33:38.242Z scroll:stable height=6747 samples=16
2026-08-26T08:33:39.296Z complete:028.html html=57533 assets=14
2026-08-26T08:33:41.799Z attempt:1/3 029.html
2026-08-26T08:33:41.800Z navigation:start http://edwards.yale.edu/archive?path=aHR0cDovL2Vkd2FyZHMueWFsZS5lZHUvY2dpLWJpbi9uZXdwaGlsby9nZXRvYmplY3QucGw%2FYy4yNDoyOS53amVv
2026-08-26T08:33:42.310Z resource:omit http://fonts.gstatic.com/s/playfairdisplay/v40/nuFkD-vYSZviVYUb_rj3ij__anPXDTnogkk7yRZrPA.woff2 reason=response.body: Protocol error (Network.getResponseBody): No data found for resource with given identifier
Response body is not available for a response that was navigated away from. Read response.body() before triggering any navigation.
2026-08-26T08:33:42.311Z resource:omit http://fonts.gstatic.com/s/opensans/v44/memvYaGs126MiZpBA-UvWbX2vVnXBbObj2OVTUGmu0SC55K5gw.woff2 reason=response.body: Protocol error (Network.getResponseBody): No data found for resource with given identifier
Response body is not available for a response that was navigated away from. Read response.body() before triggering any navigation.
2026-08-26T08:33:42.311Z resource:omit http://fonts.gstatic.com/s/opensans/v44/memvYaGs126MiZpBA-UvWbX2vVnXBbObj2OVTS-mu0SC55I.woff2 reason=response.body: Protocol error (Network.getResponseBody): No data found for resource with given identifier
Response body is not available for a response that was navigated away from. Read response.body() before triggering any navigation.
2026-08-26T08:33:42.311Z resource:omit http://fonts.gstatic.com/s/playfairdisplay/v40/nuFiD-vYSZviVYUb_rj3ij__anPXDTzYgEM86xQ.woff2 reason=response.body: Protocol error (Network.getResponseBody): No data found for resource with given identifier
Response body is not available for a response that was navigated away from. Read response.body() before triggering any navigation.
2026-08-26T08:33:42.647Z resource:omit http://www.google-analytics.com/ga.js reason=response.body: Response body is unavailable for redirect responses
2026-08-26T08:33:42.652Z resource:omit http://www.google-analytics.com/__utm.gif?utmwv=5.7.2&utms=30&utmn=924484731&utmhn=edwards.yale.edu&utmcs=UTF-8&utmsr=1280x720&utmvp=1280x720&utmsc=24-bit&utmul=pl&utmje=0&utmfl=-&utmdt=Search%20WJE%20Online%20%7C%20The%20Jonathan%20Edwards%20Center%20at%20Yale%20University&utmhid=989300411&utmr=-&utmp=%2Farchive%3Fpath%3DaHR0cDovL2Vkd2FyZHMueWFsZS5lZHUvY2dpLWJpbi9uZXdwaGlsby9nZXRvYmplY3QucGw%25252FYy4yNDoyOS53amVv&utmht=1787733222649&utmac=UA-1489454-4&utmcc=__utma%3D258641246.941803938.1787732989.1787732989.1787732989.1%3B%2B__utmz%3D258641246.1787732989.1.1.utmcsr%3D(direct)%7Cutmccn%3D(direct)%7Cutmcmd%3D(none)%3B&utmjid=&utmu=qAAAAAAAAAAAAAAAAAAAAAAE~ reason=response.body: Response body is unavailable for redirect responses
2026-08-26T08:33:43.892Z scroll:stable height=3965 samples=11
2026-08-26T08:33:44.945Z complete:029.html html=47002 assets=14
2026-08-26T08:33:47.448Z attempt:1/3 030.html
2026-08-26T08:33:47.449Z navigation:start http://edwards.yale.edu/archive?path=aHR0cDovL2Vkd2FyZHMueWFsZS5lZHUvY2dpLWJpbi9uZXdwaGlsby9nZXRvYmplY3QucGw%2FYy4yNDozMC53amVv
2026-08-26T08:33:48.015Z resource:omit http://fonts.gstatic.com/s/playfairdisplay/v40/nuFkD-vYSZviVYUb_rj3ij__anPXDTnogkk7yRZrPA.woff2 reason=response.body: Protocol error (Network.getResponseBody): No data found for resource with given identifier
Response body is not available for a response that was navigated away from. Read response.body() before triggering any navigation.
2026-08-26T08:33:48.015Z resource:omit http://fonts.gstatic.com/s/playfairdisplay/v40/nuFiD-vYSZviVYUb_rj3ij__anPXDTzYgEM86xQ.woff2 reason=response.body: Protocol error (Network.getResponseBody): No data found for resource with given identifier
Response body is not available for a response that was navigated away from. Read response.body() before triggering any navigation.
2026-08-26T08:33:48.015Z resource:omit http://fonts.gstatic.com/s/opensans/v44/memvYaGs126MiZpBA-UvWbX2vVnXBbObj2OVTUGmu0SC55K5gw.woff2 reason=response.body: Protocol error (Network.getResponseBody): No data found for resource with given identifier
Response body is not available for a response that was navigated away from. Read response.body() before triggering any navigation.
2026-08-26T08:33:48.015Z resource:omit http://fonts.gstatic.com/s/opensans/v44/memvYaGs126MiZpBA-UvWbX2vVnXBbObj2OVTS-mu0SC55I.woff2 reason=response.body: Protocol error (Network.getResponseBody): No data found for resource with given identifier
Response body is not available for a response that was navigated away from. Read response.body() before triggering any navigation.
2026-08-26T08:33:49.277Z resource:omit http://www.google-analytics.com/ga.js reason=response.body: Response body is unavailable for redirect responses
2026-08-26T08:33:49.283Z resource:omit http://www.google-analytics.com/__utm.gif?utmwv=5.7.2&utms=31&utmn=1213668351&utmhn=edwards.yale.edu&utmcs=UTF-8&utmsr=1280x720&utmvp=1280x720&utmsc=24-bit&utmul=pl&utmje=0&utmfl=-&utmdt=Search%20WJE%20Online%20%7C%20The%20Jonathan%20Edwards%20Center%20at%20Yale%20University&utmhid=2079266125&utmr=-&utmp=%2Farchive%3Fpath%3DaHR0cDovL2Vkd2FyZHMueWFsZS5lZHUvY2dpLWJpbi9uZXdwaGlsby9nZXRvYmplY3QucGw%25252FYy4yNDozMC53amVv&utmht=1787733229280&utmac=UA-1489454-4&utmcc=__utma%3D258641246.941803938.1787732989.1787732989.1787732989.1%3B%2B__utmz%3D258641246.1787732989.1.1.utmcsr%3D(direct)%7Cutmccn%3D(direct)%7Cutmcmd%3D(none)%3B&utmjid=&utmu=qAAAAAAAAAAAAAAAAAAAAAAE~ reason=response.body: Response body is unavailable for redirect responses
2026-08-26T08:33:53.598Z scroll:stable height=17659 samples=36
2026-08-26T08:33:54.653Z complete:030.html html=143249 assets=14
2026-08-26T08:33:57.156Z attempt:1/3 031.html
2026-08-26T08:33:57.157Z navigation:start http://edwards.yale.edu/archive?path=aHR0cDovL2Vkd2FyZHMueWFsZS5lZHUvY2dpLWJpbi9uZXdwaGlsby9nZXRvYmplY3QucGw%2FYy4yNDozMS53amVv
2026-08-26T08:33:57.662Z resource:omit http://fonts.gstatic.com/s/playfairdisplay/v40/nuFkD-vYSZviVYUb_rj3ij__anPXDTnogkk7yRZrPA.woff2 reason=response.body: Protocol error (Network.getResponseBody): No data found for resource with given identifier
Response body is not available for a response that was navigated away from. Read response.body() before triggering any navigation.
2026-08-26T08:33:57.663Z resource:omit http://fonts.gstatic.com/s/playfairdisplay/v40/nuFiD-vYSZviVYUb_rj3ij__anPXDTzYgEM86xQ.woff2 reason=response.body: Protocol error (Network.getResponseBody): No data found for resource with given identifier
Response body is not available for a response that was navigated away from. Read response.body() before triggering any navigation.
2026-08-26T08:33:57.663Z resource:omit http://fonts.gstatic.com/s/opensans/v44/memvYaGs126MiZpBA-UvWbX2vVnXBbObj2OVTUGmu0SC55K5gw.woff2 reason=response.body: Protocol error (Network.getResponseBody): No data found for resource with given identifier
Response body is not available for a response that was navigated away from. Read response.body() before triggering any navigation.
2026-08-26T08:33:57.664Z resource:omit http://fonts.gstatic.com/s/opensans/v44/memvYaGs126MiZpBA-UvWbX2vVnXBbObj2OVTS-mu0SC55I.woff2 reason=response.body: Protocol error (Network.getResponseBody): No data found for resource with given identifier
Response body is not available for a response that was navigated away from. Read response.body() before triggering any navigation.
2026-08-26T08:33:58.005Z resource:omit http://www.google-analytics.com/ga.js reason=response.body: Response body is unavailable for redirect responses
2026-08-26T08:33:58.010Z resource:omit http://www.google-analytics.com/__utm.gif?utmwv=5.7.2&utms=32&utmn=1034733750&utmhn=edwards.yale.edu&utmcs=UTF-8&utmsr=1280x720&utmvp=1280x720&utmsc=24-bit&utmul=pl&utmje=0&utmfl=-&utmdt=Search%20WJE%20Online%20%7C%20The%20Jonathan%20Edwards%20Center%20at%20Yale%20University&utmhid=1293837744&utmr=-&utmp=%2Farchive%3Fpath%3DaHR0cDovL2Vkd2FyZHMueWFsZS5lZHUvY2dpLWJpbi9uZXdwaGlsby9nZXRvYmplY3QucGw%25252FYy4yNDozMS53amVv&utmht=1787733238007&utmac=UA-1489454-4&utmcc=__utma%3D258641246.941803938.1787732989.1787732989.1787732989.1%3B%2B__utmz%3D258641246.1787732989.1.1.utmcsr%3D(direct)%7Cutmccn%3D(direct)%7Cutmcmd%3D(none)%3B&utmjid=&utmu=qAAAAAAAAAAAAAAAAAAAAAAE~ reason=response.body: Response body is unavailable for redirect responses
2026-08-26T08:33:59.133Z scroll:stable height=3534 samples=10
2026-08-26T08:34:00.180Z complete:031.html html=48407 assets=14
2026-08-26T08:34:02.682Z attempt:1/3 032.html
2026-08-26T08:34:02.682Z navigation:start http://edwards.yale.edu/archive?path=aHR0cDovL2Vkd2FyZHMueWFsZS5lZHUvY2dpLWJpbi9uZXdwaGlsby9nZXRvYmplY3QucGw%2FYy4yNDozMi53amVv
2026-08-26T08:34:03.208Z resource:omit http://fonts.gstatic.com/s/playfairdisplay/v40/nuFkD-vYSZviVYUb_rj3ij__anPXDTnogkk7yRZrPA.woff2 reason=response.body: Protocol error (Network.getResponseBody): No data found for resource with given identifier
Response body is not available for a response that was navigated away from. Read response.body() before triggering any navigation.
2026-08-26T08:34:03.210Z resource:omit http://fonts.gstatic.com/s/playfairdisplay/v40/nuFiD-vYSZviVYUb_rj3ij__anPXDTzYgEM86xQ.woff2 reason=response.body: Protocol error (Network.getResponseBody): No data found for resource with given identifier
Response body is not available for a response that was navigated away from. Read response.body() before triggering any navigation.
2026-08-26T08:34:03.210Z resource:omit http://fonts.gstatic.com/s/opensans/v44/memvYaGs126MiZpBA-UvWbX2vVnXBbObj2OVTUGmu0SC55K5gw.woff2 reason=response.body: Protocol error (Network.getResponseBody): No data found for resource with given identifier
Response body is not available for a response that was navigated away from. Read response.body() before triggering any navigation.
2026-08-26T08:34:03.210Z resource:omit http://fonts.gstatic.com/s/opensans/v44/memvYaGs126MiZpBA-UvWbX2vVnXBbObj2OVTS-mu0SC55I.woff2 reason=response.body: Protocol error (Network.getResponseBody): No data found for resource with given identifier
Response body is not available for a response that was navigated away from. Read response.body() before triggering any navigation.
2026-08-26T08:34:03.772Z resource:omit http://www.google-analytics.com/ga.js reason=response.body: Response body is unavailable for redirect responses
2026-08-26T08:34:03.777Z resource:omit http://www.google-analytics.com/__utm.gif?utmwv=5.7.2&utms=33&utmn=2101152368&utmhn=edwards.yale.edu&utmcs=UTF-8&utmsr=1280x720&utmvp=1280x720&utmsc=24-bit&utmul=pl&utmje=0&utmfl=-&utmdt=Search%20WJE%20Online%20%7C%20The%20Jonathan%20Edwards%20Center%20at%20Yale%20University&utmhid=1895672382&utmr=-&utmp=%2Farchive%3Fpath%3DaHR0cDovL2Vkd2FyZHMueWFsZS5lZHUvY2dpLWJpbi9uZXdwaGlsby9nZXRvYmplY3QucGw%25252FYy4yNDozMi53amVv&utmht=1787733243774&utmac=UA-1489454-4&utmcc=__utma%3D258641246.941803938.1787732989.1787732989.1787732989.1%3B%2B__utmz%3D258641246.1787732989.1.1.utmcsr%3D(direct)%7Cutmccn%3D(direct)%7Cutmcmd%3D(none)%3B&utmjid=&utmu=qAAAAAAAAAAAAAAAAAAAAAAE~ reason=response.body: Response body is unavailable for redirect responses
2026-08-26T08:34:05.012Z scroll:stable height=4052 samples=11
2026-08-26T08:34:06.062Z complete:032.html html=51467 assets=14
2026-08-26T08:34:08.565Z attempt:1/3 033.html
2026-08-26T08:34:08.565Z navigation:start http://edwards.yale.edu/archive?path=aHR0cDovL2Vkd2FyZHMueWFsZS5lZHUvY2dpLWJpbi9uZXdwaGlsby9nZXRvYmplY3QucGw%2FYy4yNDozMy53amVv
2026-08-26T08:34:09.196Z resource:omit http://fonts.gstatic.com/s/playfairdisplay/v40/nuFiD-vYSZviVYUb_rj3ij__anPXDTzYgEM86xQ.woff2 reason=response.body: Protocol error (Network.getResponseBody): No data found for resource with given identifier
Response body is not available for a response that was navigated away from. Read response.body() before triggering any navigation.
2026-08-26T08:34:09.197Z resource:omit http://fonts.gstatic.com/s/opensans/v44/memvYaGs126MiZpBA-UvWbX2vVnXBbObj2OVTUGmu0SC55K5gw.woff2 reason=response.body: Protocol error (Network.getResponseBody): No data found for resource with given identifier
Response body is not available for a response that was navigated away from. Read response.body() before triggering any navigation.
2026-08-26T08:34:09.197Z resource:omit http://fonts.gstatic.com/s/opensans/v44/memvYaGs126MiZpBA-UvWbX2vVnXBbObj2OVTS-mu0SC55I.woff2 reason=response.body: Protocol error (Network.getResponseBody): No data found for resource with given identifier
Response body is not available for a response that was navigated away from. Read response.body() before triggering any navigation.
2026-08-26T08:34:09.196Z resource:omit http://fonts.gstatic.com/s/playfairdisplay/v40/nuFkD-vYSZviVYUb_rj3ij__anPXDTnogkk7yRZrPA.woff2 reason=response.body: Protocol error (Network.getResponseBody): No data found for resource with given identifier
Response body is not available for a response that was navigated away from. Read response.body() before triggering any navigation.
2026-08-26T08:34:10.060Z resource:omit http://www.google-analytics.com/ga.js reason=response.body: Response body is unavailable for redirect responses
2026-08-26T08:34:10.065Z resource:omit http://www.google-analytics.com/__utm.gif?utmwv=5.7.2&utms=34&utmn=1702640982&utmhn=edwards.yale.edu&utmcs=UTF-8&utmsr=1280x720&utmvp=1280x720&utmsc=24-bit&utmul=pl&utmje=0&utmfl=-&utmdt=Search%20WJE%20Online%20%7C%20The%20Jonathan%20Edwards%20Center%20at%20Yale%20University&utmhid=545382785&utmr=-&utmp=%2Farchive%3Fpath%3DaHR0cDovL2Vkd2FyZHMueWFsZS5lZHUvY2dpLWJpbi9uZXdwaGlsby9nZXRvYmplY3QucGw%25252FYy4yNDozMy53amVv&utmht=1787733250063&utmac=UA-1489454-4&utmcc=__utma%3D258641246.941803938.1787732989.1787732989.1787732989.1%3B%2B__utmz%3D258641246.1787732989.1.1.utmcsr%3D(direct)%7Cutmccn%3D(direct)%7Cutmcmd%3D(none)%3B&utmjid=&utmu=qAAAAAAAAAAAAAAAAAAAAAAE~ reason=response.body: Response body is unavailable for redirect responses
2026-08-26T08:34:13.274Z scroll:stable height=12629 samples=27
2026-08-26T08:34:14.332Z complete:033.html html=107972 assets=14
2026-08-26T08:34:16.842Z attempt:1/3 034.html
2026-08-26T08:34:16.842Z navigation:start http://edwards.yale.edu/archive?path=aHR0cDovL2Vkd2FyZHMueWFsZS5lZHUvY2dpLWJpbi9uZXdwaGlsby9nZXRvYmplY3QucGw%2FYy4yNDozNC53amVv
2026-08-26T08:34:17.341Z resource:omit http://fonts.gstatic.com/s/playfairdisplay/v40/nuFkD-vYSZviVYUb_rj3ij__anPXDTnogkk7yRZrPA.woff2 reason=response.body: Protocol error (Network.getResponseBody): No data found for resource with given identifier
Response body is not available for a response that was navigated away from. Read response.body() before triggering any navigation.
2026-08-26T08:34:17.344Z resource:omit http://fonts.gstatic.com/s/playfairdisplay/v40/nuFiD-vYSZviVYUb_rj3ij__anPXDTzYgEM86xQ.woff2 reason=response.body: Protocol error (Network.getResponseBody): No data found for resource with given identifier
Response body is not available for a response that was navigated away from. Read response.body() before triggering any navigation.
2026-08-26T08:34:17.344Z resource:omit http://fonts.gstatic.com/s/opensans/v44/memvYaGs126MiZpBA-UvWbX2vVnXBbObj2OVTS-mu0SC55I.woff2 reason=response.body: Protocol error (Network.getResponseBody): No data found for resource with given identifier
Response body is not available for a response that was navigated away from. Read response.body() before triggering any navigation.
2026-08-26T08:34:17.344Z resource:omit http://fonts.gstatic.com/s/opensans/v44/memvYaGs126MiZpBA-UvWbX2vVnXBbObj2OVTUGmu0SC55K5gw.woff2 reason=response.body: Protocol error (Network.getResponseBody): No data found for resource with given identifier
Response body is not available for a response that was navigated away from. Read response.body() before triggering any navigation.
2026-08-26T08:34:17.754Z resource:omit http://www.google-analytics.com/ga.js reason=response.body: Response body is unavailable for redirect responses
2026-08-26T08:34:17.757Z resource:omit http://www.google-analytics.com/__utm.gif?utmwv=5.7.2&utms=35&utmn=1132656549&utmhn=edwards.yale.edu&utmcs=UTF-8&utmsr=1280x720&utmvp=1280x720&utmsc=24-bit&utmul=pl&utmje=0&utmfl=-&utmdt=Search%20WJE%20Online%20%7C%20The%20Jonathan%20Edwards%20Center%20at%20Yale%20University&utmhid=366502426&utmr=-&utmp=%2Farchive%3Fpath%3DaHR0cDovL2Vkd2FyZHMueWFsZS5lZHUvY2dpLWJpbi9uZXdwaGlsby9nZXRvYmplY3QucGw%25252FYy4yNDozNC53amVv&utmht=1787733257754&utmac=UA-1489454-4&utmcc=__utma%3D258641246.941803938.1787732989.1787732989.1787732989.1%3B%2B__utmz%3D258641246.1787732989.1.1.utmcsr%3D(direct)%7Cutmccn%3D(direct)%7Cutmcmd%3D(none)%3B&utmjid=&utmu=qAAAAAAAAAAAAAAAAAAAAAAE~ reason=response.body: Response body is unavailable for redirect responses
2026-08-26T08:34:18.751Z scroll:stable height=2971 samples=9
2026-08-26T08:34:19.795Z complete:034.html html=43039 assets=14
2026-08-26T08:34:22.296Z attempt:1/3 035.html
2026-08-26T08:34:22.296Z navigation:start http://edwards.yale.edu/archive?path=aHR0cDovL2Vkd2FyZHMueWFsZS5lZHUvY2dpLWJpbi9uZXdwaGlsby9nZXRvYmplY3QucGw%2FYy4yNDozNS53amVv
2026-08-26T08:34:23.008Z resource:omit http://fonts.gstatic.com/s/playfairdisplay/v40/nuFkD-vYSZviVYUb_rj3ij__anPXDTnogkk7yRZrPA.woff2 reason=response.body: Protocol error (Network.getResponseBody): No data found for resource with given identifier
Response body is not available for a response that was navigated away from. Read response.body() before triggering any navigation.
2026-08-26T08:34:23.008Z resource:omit http://fonts.gstatic.com/s/opensans/v44/memvYaGs126MiZpBA-UvWbX2vVnXBbObj2OVTUGmu0SC55K5gw.woff2 reason=response.body: Protocol error (Network.getResponseBody): No data found for resource with given identifier
Response body is not available for a response that was navigated away from. Read response.body() before triggering any navigation.
2026-08-26T08:34:23.008Z resource:omit http://fonts.gstatic.com/s/playfairdisplay/v40/nuFiD-vYSZviVYUb_rj3ij__anPXDTzYgEM86xQ.woff2 reason=response.body: Protocol error (Network.getResponseBody): No data found for resource with given identifier
Response body is not available for a response that was navigated away from. Read response.body() before triggering any navigation.
2026-08-26T08:34:23.008Z resource:omit http://fonts.gstatic.com/s/opensans/v44/memvYaGs126MiZpBA-UvWbX2vVnXBbObj2OVTS-mu0SC55I.woff2 reason=response.body: Protocol error (Network.getResponseBody): No data found for resource with given identifier
Response body is not available for a response that was navigated away from. Read response.body() before triggering any navigation.
2026-08-26T08:34:23.521Z resource:omit http://www.google-analytics.com/ga.js reason=response.body: Response body is unavailable for redirect responses
2026-08-26T08:34:23.525Z resource:omit http://www.google-analytics.com/__utm.gif?utmwv=5.7.2&utms=36&utmn=1130358968&utmhn=edwards.yale.edu&utmcs=UTF-8&utmsr=1280x720&utmvp=1280x720&utmsc=24-bit&utmul=pl&utmje=0&utmfl=-&utmdt=Search%20WJE%20Online%20%7C%20The%20Jonathan%20Edwards%20Center%20at%20Yale%20University&utmhid=1556666133&utmr=-&utmp=%2Farchive%3Fpath%3DaHR0cDovL2Vkd2FyZHMueWFsZS5lZHUvY2dpLWJpbi9uZXdwaGlsby9nZXRvYmplY3QucGw%25252FYy4yNDozNS53amVv&utmht=1787733263523&utmac=UA-1489454-4&utmcc=__utma%3D258641246.941803938.1787732989.1787732989.1787732989.1%3B%2B__utmz%3D258641246.1787732989.1.1.utmcsr%3D(direct)%7Cutmccn%3D(direct)%7Cutmcmd%3D(none)%3B&utmjid=&utmu=qAAAAAAAAAAAAAAAAAAAAAAE~ reason=response.body: Response body is unavailable for redirect responses
2026-08-26T08:34:24.521Z scroll:stable height=3284 samples=9
2026-08-26T08:34:25.574Z complete:035.html html=46472 assets=14
2026-08-26T08:34:28.077Z attempt:1/3 036.html
2026-08-26T08:34:28.077Z navigation:start http://edwards.yale.edu/archive?path=aHR0cDovL2Vkd2FyZHMueWFsZS5lZHUvY2dpLWJpbi9uZXdwaGlsby9nZXRvYmplY3QucGw%2FYy4yNDozNi53amVv
2026-08-26T08:34:28.602Z resource:omit http://fonts.gstatic.com/s/playfairdisplay/v40/nuFkD-vYSZviVYUb_rj3ij__anPXDTnogkk7yRZrPA.woff2 reason=response.body: Protocol error (Network.getResponseBody): No data found for resource with given identifier
Response body is not available for a response that was navigated away from. Read response.body() before triggering any navigation.
2026-08-26T08:34:28.602Z resource:omit http://fonts.gstatic.com/s/playfairdisplay/v40/nuFiD-vYSZviVYUb_rj3ij__anPXDTzYgEM86xQ.woff2 reason=response.body: Protocol error (Network.getResponseBody): No data found for resource with given identifier
Response body is not available for a response that was navigated away from. Read response.body() before triggering any navigation.
2026-08-26T08:34:28.602Z resource:omit http://fonts.gstatic.com/s/opensans/v44/memvYaGs126MiZpBA-UvWbX2vVnXBbObj2OVTUGmu0SC55K5gw.woff2 reason=response.body: Protocol error (Network.getResponseBody): No data found for resource with given identifier
Response body is not available for a response that was navigated away from. Read response.body() before triggering any navigation.
2026-08-26T08:34:28.602Z resource:omit http://fonts.gstatic.com/s/opensans/v44/memvYaGs126MiZpBA-UvWbX2vVnXBbObj2OVTS-mu0SC55I.woff2 reason=response.body: Protocol error (Network.getResponseBody): No data found for resource with given identifier
Response body is not available for a response that was navigated away from. Read response.body() before triggering any navigation.
2026-08-26T08:34:29.290Z resource:omit http://www.google-analytics.com/ga.js reason=response.body: Response body is unavailable for redirect responses
2026-08-26T08:34:29.293Z resource:omit http://www.google-analytics.com/__utm.gif?utmwv=5.7.2&utms=37&utmn=239594575&utmhn=edwards.yale.edu&utmcs=UTF-8&utmsr=1280x720&utmvp=1280x720&utmsc=24-bit&utmul=pl&utmje=0&utmfl=-&utmdt=Search%20WJE%20Online%20%7C%20The%20Jonathan%20Edwards%20Center%20at%20Yale%20University&utmhid=621357236&utmr=-&utmp=%2Farchive%3Fpath%3DaHR0cDovL2Vkd2FyZHMueWFsZS5lZHUvY2dpLWJpbi9uZXdwaGlsby9nZXRvYmplY3QucGw%25252FYy4yNDozNi53amVv&utmht=1787733269291&utmac=UA-1489454-4&utmcc=__utma%3D258641246.941803938.1787732989.1787732989.1787732989.1%3B%2B__utmz%3D258641246.1787732989.1.1.utmcsr%3D(direct)%7Cutmccn%3D(direct)%7Cutmcmd%3D(none)%3B&utmjid=&utmu=qAAAAAAAAAAAAAAAAAAAAAAE~ reason=response.body: Response body is unavailable for redirect responses
2026-08-26T08:34:31.151Z scroll:stable height=6998 samples=16
2026-08-26T08:34:32.199Z complete:036.html html=73504 assets=14
2026-08-26T08:34:34.700Z attempt:1/3 037.html
2026-08-26T08:34:34.700Z navigation:start http://edwards.yale.edu/archive?path=aHR0cDovL2Vkd2FyZHMueWFsZS5lZHUvY2dpLWJpbi9uZXdwaGlsby9nZXRvYmplY3QucGw%2FYy4yNDozNy53amVv
2026-08-26T08:34:35.232Z resource:omit http://fonts.gstatic.com/s/playfairdisplay/v40/nuFkD-vYSZviVYUb_rj3ij__anPXDTnogkk7yRZrPA.woff2 reason=response.body: Protocol error (Network.getResponseBody): No data found for resource with given identifier
Response body is not available for a response that was navigated away from. Read response.body() before triggering any navigation.
2026-08-26T08:34:35.233Z resource:omit http://fonts.gstatic.com/s/opensans/v44/memvYaGs126MiZpBA-UvWbX2vVnXBbObj2OVTUGmu0SC55K5gw.woff2 reason=response.body: Protocol error (Network.getResponseBody): No data found for resource with given identifier
Response body is not available for a response that was navigated away from. Read response.body() before triggering any navigation.
2026-08-26T08:34:35.233Z resource:omit http://fonts.gstatic.com/s/playfairdisplay/v40/nuFiD-vYSZviVYUb_rj3ij__anPXDTzYgEM86xQ.woff2 reason=response.body: Protocol error (Network.getResponseBody): No data found for resource with given identifier
Response body is not available for a response that was navigated away from. Read response.body() before triggering any navigation.
2026-08-26T08:34:35.233Z resource:omit http://fonts.gstatic.com/s/opensans/v44/memvYaGs126MiZpBA-UvWbX2vVnXBbObj2OVTS-mu0SC55I.woff2 reason=response.body: Protocol error (Network.getResponseBody): No data found for resource with given identifier
Response body is not available for a response that was navigated away from. Read response.body() before triggering any navigation.
2026-08-26T08:34:35.940Z resource:omit http://www.google-analytics.com/ga.js reason=response.body: Response body is unavailable for redirect responses
2026-08-26T08:34:35.944Z resource:omit http://www.google-analytics.com/__utm.gif?utmwv=5.7.2&utms=38&utmn=367118709&utmhn=edwards.yale.edu&utmcs=UTF-8&utmsr=1280x720&utmvp=1280x720&utmsc=24-bit&utmul=pl&utmje=0&utmfl=-&utmdt=Search%20WJE%20Online%20%7C%20The%20Jonathan%20Edwards%20Center%20at%20Yale%20University&utmhid=1794059659&utmr=-&utmp=%2Farchive%3Fpath%3DaHR0cDovL2Vkd2FyZHMueWFsZS5lZHUvY2dpLWJpbi9uZXdwaGlsby9nZXRvYmplY3QucGw%25252FYy4yNDozNy53amVv&utmht=1787733275940&utmac=UA-1489454-4&utmcc=__utma%3D258641246.941803938.1787732989.1787732989.1787732989.1%3B%2B__utmz%3D258641246.1787732989.1.1.utmcsr%3D(direct)%7Cutmccn%3D(direct)%7Cutmcmd%3D(none)%3B&utmjid=&utmu=qAAAAAAAAAAAAAAAAAAAAAAE~ reason=response.body: Response body is unavailable for redirect responses
2026-08-26T08:34:37.923Z scroll:stable height=7476 samples=17
2026-08-26T08:34:38.972Z complete:037.html html=70913 assets=14
2026-08-26T08:34:41.473Z attempt:1/3 038.html
2026-08-26T08:34:41.474Z navigation:start http://edwards.yale.edu/archive?path=aHR0cDovL2Vkd2FyZHMueWFsZS5lZHUvY2dpLWJpbi9uZXdwaGlsby9nZXRvYmplY3QucGw%2FYy4yNDozOC53amVv
2026-08-26T08:34:41.995Z resource:omit http://fonts.gstatic.com/s/playfairdisplay/v40/nuFkD-vYSZviVYUb_rj3ij__anPXDTnogkk7yRZrPA.woff2 reason=response.body: Protocol error (Network.getResponseBody): No data found for resource with given identifier
Response body is not available for a response that was navigated away from. Read response.body() before triggering any navigation.
2026-08-26T08:34:41.995Z resource:omit http://fonts.gstatic.com/s/opensans/v44/memvYaGs126MiZpBA-UvWbX2vVnXBbObj2OVTUGmu0SC55K5gw.woff2 reason=response.body: Protocol error (Network.getResponseBody): No data found for resource with given identifier
Response body is not available for a response that was navigated away from. Read response.body() before triggering any navigation.
2026-08-26T08:34:41.995Z resource:omit http://fonts.gstatic.com/s/playfairdisplay/v40/nuFiD-vYSZviVYUb_rj3ij__anPXDTzYgEM86xQ.woff2 reason=response.body: Protocol error (Network.getResponseBody): No data found for resource with given identifier
Response body is not available for a response that was navigated away from. Read response.body() before triggering any navigation.
2026-08-26T08:34:41.995Z resource:omit http://fonts.gstatic.com/s/opensans/v44/memvYaGs126MiZpBA-UvWbX2vVnXBbObj2OVTS-mu0SC55I.woff2 reason=response.body: Protocol error (Network.getResponseBody): No data found for resource with given identifier
Response body is not available for a response that was navigated away from. Read response.body() before triggering any navigation.
2026-08-26T08:34:42.394Z resource:omit http://www.google-analytics.com/ga.js reason=response.body: Response body is unavailable for redirect responses
2026-08-26T08:34:42.399Z resource:omit http://www.google-analytics.com/__utm.gif?utmwv=5.7.2&utms=39&utmn=994566238&utmhn=edwards.yale.edu&utmcs=UTF-8&utmsr=1280x720&utmvp=1280x720&utmsc=24-bit&utmul=pl&utmje=0&utmfl=-&utmdt=Search%20WJE%20Online%20%7C%20The%20Jonathan%20Edwards%20Center%20at%20Yale%20University&utmhid=1613808639&utmr=-&utmp=%2Farchive%3Fpath%3DaHR0cDovL2Vkd2FyZHMueWFsZS5lZHUvY2dpLWJpbi9uZXdwaGlsby9nZXRvYmplY3QucGw%25252FYy4yNDozOC53amVv&utmht=1787733282396&utmac=UA-1489454-4&utmcc=__utma%3D258641246.941803938.1787732989.1787732989.1787732989.1%3B%2B__utmz%3D258641246.1787732989.1.1.utmcsr%3D(direct)%7Cutmccn%3D(direct)%7Cutmcmd%3D(none)%3B&utmjid=&utmu=qAAAAAAAAAAAAAAAAAAAAAAE~ reason=response.body: Response body is unavailable for redirect responses
2026-08-26T08:34:45.658Z scroll:stable height=5558 samples=13
2026-08-26T08:34:46.707Z complete:038.html html=47426 assets=15
2026-08-26T08:34:49.208Z attempt:1/3 039.html
2026-08-26T08:34:49.209Z navigation:start http://edwards.yale.edu/archive?path=aHR0cDovL2Vkd2FyZHMueWFsZS5lZHUvY2dpLWJpbi9uZXdwaGlsby9nZXRvYmplY3QucGw%2FYy4yNDozOS53amVv
2026-08-26T08:34:49.871Z resource:omit http://fonts.gstatic.com/s/playfairdisplay/v40/nuFkD-vYSZviVYUb_rj3ij__anPXDTnogkk7yRZrPA.woff2 reason=response.body: Protocol error (Network.getResponseBody): No data found for resource with given identifier
Response body is not available for a response that was navigated away from. Read response.body() before triggering any navigation.
2026-08-26T08:34:49.871Z resource:omit http://fonts.gstatic.com/s/playfairdisplay/v40/nuFiD-vYSZviVYUb_rj3ij__anPXDTzYgEM86xQ.woff2 reason=response.body: Protocol error (Network.getResponseBody): No data found for resource with given identifier
Response body is not available for a response that was navigated away from. Read response.body() before triggering any navigation.
2026-08-26T08:34:49.871Z resource:omit http://fonts.gstatic.com/s/opensans/v44/memvYaGs126MiZpBA-UvWbX2vVnXBbObj2OVTUGmu0SC55K5gw.woff2 reason=response.body: Protocol error (Network.getResponseBody): No data found for resource with given identifier
Response body is not available for a response that was navigated away from. Read response.body() before triggering any navigation.
2026-08-26T08:34:49.871Z resource:omit http://fonts.gstatic.com/s/opensans/v44/memvYaGs126MiZpBA-UvWbX2vVnXBbObj2OVTS-mu0SC55I.woff2 reason=response.body: Protocol error (Network.getResponseBody): No data found for resource with given identifier
Response body is not available for a response that was navigated away from. Read response.body() before triggering any navigation.
2026-08-26T08:34:51.315Z resource:omit http://www.google-analytics.com/ga.js reason=response.body: Response body is unavailable for redirect responses
2026-08-26T08:34:51.319Z resource:omit http://www.google-analytics.com/__utm.gif?utmwv=5.7.2&utms=40&utmn=950435510&utmhn=edwards.yale.edu&utmcs=UTF-8&utmsr=1280x720&utmvp=1280x720&utmsc=24-bit&utmul=pl&utmje=0&utmfl=-&utmdt=Search%20WJE%20Online%20%7C%20The%20Jonathan%20Edwards%20Center%20at%20Yale%20University&utmhid=1165848912&utmr=-&utmp=%2Farchive%3Fpath%3DaHR0cDovL2Vkd2FyZHMueWFsZS5lZHUvY2dpLWJpbi9uZXdwaGlsby9nZXRvYmplY3QucGw%25252FYy4yNDozOS53amVv&utmht=1787733291317&utmac=UA-1489454-4&utmcc=__utma%3D258641246.941803938.1787732989.1787732989.1787732989.1%3B%2B__utmz%3D258641246.1787732989.1.1.utmcsr%3D(direct)%7Cutmccn%3D(direct)%7Cutmcmd%3D(none)%3B&utmjid=&utmu=qAAAAAAAAAAAAAAAAAAAAAAE~ reason=response.body: Response body is unavailable for redirect responses
2026-08-26T08:34:57.487Z scroll:stable height=26091 samples=51
2026-08-26T08:34:58.549Z complete:039.html html=207947 assets=14
2026-08-26T08:34:58.549Z archive:complete
