2026-08-26T05:01:41.829Z archive:start volume=VOLUME20 source=http://edwards.yale.edu/archive?path=aHR0cDovL2Vkd2FyZHMueWFsZS5lZHUvY2dpLWJpbi9uZXdwaGlsby9zZWxlY3QucGw/d2plby4xOQ==
2026-08-26T05:01:41.831Z attempt:1/3 000.html
2026-08-26T05:01:41.832Z navigation:start http://edwards.yale.edu/archive?path=aHR0cDovL2Vkd2FyZHMueWFsZS5lZHUvY2dpLWJpbi9uZXdwaGlsby9zZWxlY3QucGw/d2plby4xOQ==
2026-08-26T05:01:43.258Z resource:omit http://fonts.gstatic.com/s/opensans/v44/memvYaGs126MiZpBA-UvWbX2vVnXBbObj2OVTS-mu0SC55I.woff2 reason=response.body: Response body is unavailable for redirect responses
2026-08-26T05:01:43.258Z resource:omit http://fonts.gstatic.com/s/playfairdisplay/v40/nuFiD-vYSZviVYUb_rj3ij__anPXDTzYgEM86xQ.woff2 reason=response.body: Response body is unavailable for redirect responses
2026-08-26T05:01:43.258Z resource:omit http://fonts.gstatic.com/s/opensans/v44/memvYaGs126MiZpBA-UvWbX2vVnXBbObj2OVTUGmu0SC55K5gw.woff2 reason=response.body: Response body is unavailable for redirect responses
2026-08-26T05:01:44.001Z resource:omit http://www.google-analytics.com/ga.js reason=response.body: Response body is unavailable for redirect responses
2026-08-26T05:01:44.002Z resource:omit http://fonts.gstatic.com/s/playfairdisplay/v40/nuFkD-vYSZviVYUb_rj3ij__anPXDTnogkk7yRZrPA.woff2 reason=response.body: Response body is unavailable for redirect responses
2026-08-26T05:01:44.119Z resource:omit http://www.google-analytics.com/r/__utm.gif?utmwv=5.7.2&utms=1&utmn=403282865&utmhn=edwards.yale.edu&utmcs=UTF-8&utmsr=1280x720&utmvp=1280x720&utmsc=24-bit&utmul=pl&utmje=0&utmfl=-&utmdt=Search%20WJE%20Online%20%7C%20The%20Jonathan%20Edwards%20Center%20at%20Yale%20University&utmhid=1799031878&utmr=-&utmp=%2Farchive%3Fpath%3DaHR0cDovL2Vkd2FyZHMueWFsZS5lZHUvY2dpLWJpbi9uZXdwaGlsby9zZWxlY3QucGw%2Fd2plby4xOQ%3D%3D&utmht=1787720504116&utmac=UA-1489454-4&utmcc=__utma%3D258641246.2106400100.1787720504.1787720504.1787720504.1%3B%2B__utmz%3D258641246.1787720504.1.1.utmcsr%3D(direct)%7Cutmccn%3D(direct)%7Cutmcmd%3D(none)%3B&utmjid=1711751813&utmredir=1&utmu=qAAAAAAAAAAAAAAAAAAAAAAE~ reason=response.body: Response body is unavailable for redirect responses
2026-08-26T05:01:44.502Z resource:omit http://www.google-analytics.com/__utm.gif?utmwv=5.7.2&utms=2&utmn=1863083295&utmhn=edwards.yale.edu&utmt=event&utme=14(2660*30*170*370*1390*0*2160*2160)(2663*36*172*374*1390*2*2165*2165)&utmcs=UTF-8&utmsr=1280x720&utmvp=1280x720&utmsc=24-bit&utmul=pl&utmje=0&utmfl=-&utmdt=Search%20WJE%20Online%20%7C%20The%20Jonathan%20Edwards%20Center%20at%20Yale%20University&utmhid=1799031878&utmr=-&utmp=%2Farchive%3Fpath%3DaHR0cDovL2Vkd2FyZHMueWFsZS5lZHUvY2dpLWJpbi9uZXdwaGlsby9zZWxlY3QucGw%2Fd2plby4xOQ%3D%3D&utmht=1787720504498&utmac=UA-1489454-4&utmcc=__utma%3D258641246.2106400100.1787720504.1787720504.1787720504.1%3B%2B__utmz%3D258641246.1787720504.1.1.utmcsr%3D(direct)%7Cutmccn%3D(direct)%7Cutmcmd%3D(none)%3B&utmjid=&utmu=qAAAAAAAAAAAAAAAAAAAAAAE~ reason=response.body: Response body is unavailable for redirect responses
2026-08-26T05:01:46.832Z scroll:stable height=9015 samples=20
2026-08-26T05:01:47.897Z complete:000.html html=123797 assets=19
2026-08-26T05:01:47.902Z discovery:sections 3
2026-08-26T05:01:50.403Z attempt:1/3 001.html
2026-08-26T05:01:50.403Z navigation:start http://edwards.yale.edu/archive?path=aHR0cDovL2Vkd2FyZHMueWFsZS5lZHUvY2dpLWJpbi9uZXdwaGlsby9nZXRvYmplY3QucGw%2FYy4xOToxLndqZW8%3D
2026-08-26T05:01:50.812Z resource:omit http://fonts.gstatic.com/s/opensans/v44/memvYaGs126MiZpBA-UvWbX2vVnXBbObj2OVTS-mu0SC55I.woff2 reason=response.body: Response body is unavailable for redirect responses
2026-08-26T05:01:50.812Z resource:omit http://fonts.gstatic.com/s/playfairdisplay/v40/nuFiD-vYSZviVYUb_rj3ij__anPXDTzYgEM86xQ.woff2 reason=response.body: Response body is unavailable for redirect responses
2026-08-26T05:01:50.813Z resource:omit http://fonts.gstatic.com/s/opensans/v44/memvYaGs126MiZpBA-UvWbX2vVnXBbObj2OVTUGmu0SC55K5gw.woff2 reason=response.body: Response body is unavailable for redirect responses
2026-08-26T05:01:50.991Z resource:omit http://fonts.gstatic.com/s/playfairdisplay/v40/nuFkD-vYSZviVYUb_rj3ij__anPXDTnogkk7yRZrPA.woff2 reason=response.body: Response body is unavailable for redirect responses
2026-08-26T05:01:51.156Z resource:omit http://www.google-analytics.com/ga.js reason=response.body: Response body is unavailable for redirect responses
2026-08-26T05:01:51.161Z resource:omit http://www.google-analytics.com/__utm.gif?utmwv=5.7.2&utms=3&utmn=765811000&utmhn=edwards.yale.edu&utmcs=UTF-8&utmsr=1280x720&utmvp=1280x720&utmsc=24-bit&utmul=pl&utmje=0&utmfl=-&utmdt=Search%20WJE%20Online%20%7C%20The%20Jonathan%20Edwards%20Center%20at%20Yale%20University&utmhid=64221509&utmr=-&utmp=%2Farchive%3Fpath%3DaHR0cDovL2Vkd2FyZHMueWFsZS5lZHUvY2dpLWJpbi9uZXdwaGlsby9nZXRvYmplY3QucGw%25252FYy4xOToxLndqZW8%25253D&utmht=1787720511159&utmac=UA-1489454-4&utmcc=__utma%3D258641246.2106400100.1787720504.1787720504.1787720504.1%3B%2B__utmz%3D258641246.1787720504.1.1.utmcsr%3D(direct)%7Cutmccn%3D(direct)%7Cutmcmd%3D(none)%3B&utmjid=&utmu=qAAAAAAAAAAAAAAAAAAAAAAE~ reason=response.body: Response body is unavailable for redirect responses
2026-08-26T05:01:51.193Z resource:omit http://www.google-analytics.com/__utm.gif?utmwv=5.7.2&utms=4&utmn=1279362750&utmhn=edwards.yale.edu&utmt=event&utme=14(780*0*0*370*360*0*740*740)(784*0*0*372*361*1*749*749)&utmcs=UTF-8&utmsr=1280x720&utmvp=1280x720&utmsc=24-bit&utmul=pl&utmje=0&utmfl=-&utmdt=Search%20WJE%20Online%20%7C%20The%20Jonathan%20Edwards%20Center%20at%20Yale%20University&utmhid=64221509&utmr=-&utmp=%2Farchive%3Fpath%3DaHR0cDovL2Vkd2FyZHMueWFsZS5lZHUvY2dpLWJpbi9uZXdwaGlsby9nZXRvYmplY3QucGw%25252FYy4xOToxLndqZW8%25253D&utmht=1787720511190&utmac=UA-1489454-4&utmcc=__utma%3D258641246.2106400100.1787720504.1787720504.1787720504.1%3B%2B__utmz%3D258641246.1787720504.1.1.utmcsr%3D(direct)%7Cutmccn%3D(direct)%7Cutmcmd%3D(none)%3B&utmjid=&utmu=qAAAAAAAAAAAAAAAAAAAAAAE~ reason=response.body: Response body is unavailable for redirect responses
2026-08-26T05:01:51.683Z scroll:stable height=1108 samples=5
2026-08-26T05:01:53.054Z complete:001.html html=34482 assets=19
2026-08-26T05:01:55.555Z attempt:1/3 002.html
2026-08-26T05:01:55.555Z navigation:start http://edwards.yale.edu/archive?path=aHR0cDovL2Vkd2FyZHMueWFsZS5lZHUvY2dpLWJpbi9uZXdwaGlsby9nZXRvYmplY3QucGw%2FYy4xOToyLndqZW8%3D
2026-08-26T05:01:56.092Z resource:omit http://fonts.gstatic.com/s/opensans/v44/memvYaGs126MiZpBA-UvWbX2vVnXBbObj2OVTUGmu0SC55K5gw.woff2 reason=response.body: Response body is unavailable for redirect responses
2026-08-26T05:01:56.092Z resource:omit http://fonts.gstatic.com/s/playfairdisplay/v40/nuFiD-vYSZviVYUb_rj3ij__anPXDTzYgEM86xQ.woff2 reason=response.body: Response body is unavailable for redirect responses
2026-08-26T05:01:56.091Z resource:omit http://fonts.gstatic.com/s/opensans/v44/memvYaGs126MiZpBA-UvWbX2vVnXBbObj2OVTS-mu0SC55I.woff2 reason=response.body: Response body is unavailable for redirect responses
2026-08-26T05:01:56.428Z resource:omit http://fonts.gstatic.com/s/playfairdisplay/v40/nuFkD-vYSZviVYUb_rj3ij__anPXDTnogkk7yRZrPA.woff2 reason=response.body: Response body is unavailable for redirect responses
2026-08-26T05:01:58.183Z resource:omit http://www.google-analytics.com/ga.js reason=response.body: Response body is unavailable for redirect responses
2026-08-26T05:01:58.189Z resource:omit http://www.google-analytics.com/__utm.gif?utmwv=5.7.2&utms=5&utmn=238740316&utmhn=edwards.yale.edu&utmcs=UTF-8&utmsr=1280x720&utmvp=1280x720&utmsc=24-bit&utmul=pl&utmje=0&utmfl=-&utmdt=Search%20WJE%20Online%20%7C%20The%20Jonathan%20Edwards%20Center%20at%20Yale%20University&utmhid=266094423&utmr=-&utmp=%2Farchive%3Fpath%3DaHR0cDovL2Vkd2FyZHMueWFsZS5lZHUvY2dpLWJpbi9uZXdwaGlsby9nZXRvYmplY3QucGw%25252FYy4xOToyLndqZW8%25253D&utmht=1787720518186&utmac=UA-1489454-4&utmcc=__utma%3D258641246.2106400100.1787720504.1787720504.1787720504.1%3B%2B__utmz%3D258641246.1787720504.1.1.utmcsr%3D(direct)%7Cutmccn%3D(direct)%7Cutmcmd%3D(none)%3B&utmjid=&utmu=qAAAAAAAAAAAAAAAAAAAAAAE~ reason=response.body: Response body is unavailable for redirect responses
2026-08-26T05:01:58.220Z resource:omit http://www.google-analytics.com/__utm.gif?utmwv=5.7.2&utms=6&utmn=1920437698&utmhn=edwards.yale.edu&utmt=event&utme=14(2650*0*160*340*2090*0*2610*2610)(2659*0*161*346*2098*1*2619*2619)&utmcs=UTF-8&utmsr=1280x720&utmvp=1280x720&utmsc=24-bit&utmul=pl&utmje=0&utmfl=-&utmdt=Search%20WJE%20Online%20%7C%20The%20Jonathan%20Edwards%20Center%20at%20Yale%20University&utmhid=266094423&utmr=-&utmp=%2Farchive%3Fpath%3DaHR0cDovL2Vkd2FyZHMueWFsZS5lZHUvY2dpLWJpbi9uZXdwaGlsby9nZXRvYmplY3QucGw%25252FYy4xOToyLndqZW8%25253D&utmht=1787720518218&utmac=UA-1489454-4&utmcc=__utma%3D258641246.2106400100.1787720504.1787720504.1787720504.1%3B%2B__utmz%3D258641246.1787720504.1.1.utmcsr%3D(direct)%7Cutmccn%3D(direct)%7Cutmcmd%3D(none)%3B&utmjid=&utmu=qAAAAAAAAAAAAAAAAAAAAAAE~ reason=response.body: Response body is unavailable for redirect responses
2026-08-26T05:02:03.725Z scroll:stable height=23217 samples=46
2026-08-26T05:02:04.796Z complete:002.html html=185721 assets=19
2026-08-26T05:02:07.297Z attempt:1/3 003.html
2026-08-26T05:02:07.298Z navigation:start http://edwards.yale.edu/archive?path=aHR0cDovL2Vkd2FyZHMueWFsZS5lZHUvY2dpLWJpbi9uZXdwaGlsby9nZXRvYmplY3QucGw%2FYy4xOTozLndqZW8%3D
2026-08-26T05:02:10.248Z resource:omit http://fonts.gstatic.com/s/opensans/v44/memvYaGs126MiZpBA-UvWbX2vVnXBbObj2OVTS-mu0SC55I.woff2 reason=response.body: Response body is unavailable for redirect responses
2026-08-26T05:02:10.249Z resource:omit http://fonts.gstatic.com/s/playfairdisplay/v40/nuFiD-vYSZviVYUb_rj3ij__anPXDTzYgEM86xQ.woff2 reason=response.body: Response body is unavailable for redirect responses
2026-08-26T05:02:10.249Z resource:omit http://fonts.gstatic.com/s/opensans/v44/memvYaGs126MiZpBA-UvWbX2vVnXBbObj2OVTUGmu0SC55K5gw.woff2 reason=response.body: Response body is unavailable for redirect responses
2026-08-26T05:02:10.576Z resource:omit http://fonts.gstatic.com/s/playfairdisplay/v40/nuFkD-vYSZviVYUb_rj3ij__anPXDTnogkk7yRZrPA.woff2 reason=response.body: Response body is unavailable for redirect responses
2026-08-26T05:02:17.214Z resource:omit http://www.google-analytics.com/ga.js reason=response.body: Response body is unavailable for redirect responses
2026-08-26T05:02:17.222Z resource:omit http://www.google-analytics.com/__utm.gif?utmwv=5.7.2&utms=7&utmn=533881704&utmhn=edwards.yale.edu&utmcs=UTF-8&utmsr=1280x720&utmvp=1280x720&utmsc=24-bit&utmul=pl&utmje=0&utmfl=-&utmdt=Search%20WJE%20Online%20%7C%20The%20Jonathan%20Edwards%20Center%20at%20Yale%20University&utmhid=907566814&utmr=-&utmp=%2Farchive%3Fpath%3DaHR0cDovL2Vkd2FyZHMueWFsZS5lZHUvY2dpLWJpbi9uZXdwaGlsby9nZXRvYmplY3QucGw%25252FYy4xOTozLndqZW8%25253D&utmht=1787720537216&utmac=UA-1489454-4&utmcc=__utma%3D258641246.2106400100.1787720504.1787720504.1787720504.1%3B%2B__utmz%3D258641246.1787720504.1.1.utmcsr%3D(direct)%7Cutmccn%3D(direct)%7Cutmcmd%3D(none)%3B&utmjid=&utmu=qAAAAAAAAAAAAAAAAAAAAAAE~ reason=response.body: Response body is unavailable for redirect responses
2026-08-26T05:02:17.533Z resource:omit http://www.google-analytics.com/__utm.gif?utmwv=5.7.2&utms=8&utmn=954456691&utmhn=edwards.yale.edu&utmt=event&utme=14(10200*0*160*2740*6900*0*9800*9800)(10229*0*161*2749*6960*1*9888*9888)&utmcs=UTF-8&utmsr=1280x720&utmvp=1280x720&utmsc=24-bit&utmul=pl&utmje=0&utmfl=-&utmdt=Search%20WJE%20Online%20%7C%20The%20Jonathan%20Edwards%20Center%20at%20Yale%20University&utmhid=907566814&utmr=-&utmp=%2Farchive%3Fpath%3DaHR0cDovL2Vkd2FyZHMueWFsZS5lZHUvY2dpLWJpbi9uZXdwaGlsby9nZXRvYmplY3QucGw%25252FYy4xOTozLndqZW8%25253D&utmht=1787720537530&utmac=UA-1489454-4&utmcc=__utma%3D258641246.2106400100.1787720504.1787720504.1787720504.1%3B%2B__utmz%3D258641246.1787720504.1.1.utmcsr%3D(direct)%7Cutmccn%3D(direct)%7Cutmcmd%3D(none)%3B&utmjid=&utmu=qAAAAAAAAAAAAAAAAAAAAAAE~ reason=response.body: Response body is unavailable for redirect responses
2026-08-26T05:03:05.037Z scroll:stable height=208292 samples=389
2026-08-26T05:03:06.152Z complete:003.html html=1511261 assets=19
2026-08-26T05:03:06.153Z archive:complete
2026-08-26T05:06:21.276Z archive:start volume=VOLUME20 source=http://edwards.yale.edu/archive?path=aHR0cDovL2Vkd2FyZHMueWFsZS5lZHUvY2dpLWJpbi9uZXdwaGlsby9zZWxlY3QucGw/d2plby4xOQ==
2026-08-26T05:06:21.278Z resume:skip 000.html
2026-08-26T05:06:21.284Z discovery:descendants 65 from="1085. JUSTIFICATION."
2026-08-26T05:06:21.285Z discovery:sections 68
2026-08-26T05:06:23.794Z resume:skip 001.html
2026-08-26T05:06:26.297Z resume:skip 002.html
2026-08-26T05:06:28.800Z resume:skip 003.html
2026-08-26T05:06:31.300Z resume:retry 004.html reason=manifest-incomplete
2026-08-26T05:06:31.302Z attempt:1/3 004.html
2026-08-26T05:06:31.302Z navigation:start http://edwards.yale.edu/archive?path=aHR0cDovL2Vkd2FyZHMueWFsZS5lZHUvY2dpLWJpbi9uZXdwaGlsby9nZXRvYmplY3QucGw/Yy4xOTozOjI0OC53amVv
2026-08-26T05:06:32.647Z resource:omit http://fonts.gstatic.com/s/opensans/v44/memvYaGs126MiZpBA-UvWbX2vVnXBbObj2OVTS-mu0SC55I.woff2 reason=response.body: Response body is unavailable for redirect responses
2026-08-26T05:06:32.647Z resource:omit http://fonts.gstatic.com/s/playfairdisplay/v40/nuFiD-vYSZviVYUb_rj3ij__anPXDTzYgEM86xQ.woff2 reason=response.body: Response body is unavailable for redirect responses
2026-08-26T05:06:32.647Z resource:omit http://fonts.gstatic.com/s/opensans/v44/memvYaGs126MiZpBA-UvWbX2vVnXBbObj2OVTUGmu0SC55K5gw.woff2 reason=response.body: Response body is unavailable for redirect responses
2026-08-26T05:06:33.286Z resource:omit http://www.google-analytics.com/ga.js reason=response.body: Response body is unavailable for redirect responses
2026-08-26T05:06:33.286Z resource:omit http://fonts.gstatic.com/s/playfairdisplay/v40/nuFkD-vYSZviVYUb_rj3ij__anPXDTnogkk7yRZrPA.woff2 reason=response.body: Response body is unavailable for redirect responses
2026-08-26T05:06:33.497Z resource:omit http://www.google-analytics.com/r/__utm.gif?utmwv=5.7.2&utms=1&utmn=703643424&utmhn=edwards.yale.edu&utmcs=UTF-8&utmsr=1280x720&utmvp=1280x720&utmsc=24-bit&utmul=pl&utmje=0&utmfl=-&utmdt=Search%20WJE%20Online%20%7C%20The%20Jonathan%20Edwards%20Center%20at%20Yale%20University&utmhid=737386755&utmr=-&utmp=%2Farchive%3Fpath%3DaHR0cDovL2Vkd2FyZHMueWFsZS5lZHUvY2dpLWJpbi9uZXdwaGlsby9nZXRvYmplY3QucGw%2FYy4xOTozOjI0OC53amVv&utmht=1787720793493&utmac=UA-1489454-4&utmcc=__utma%3D258641246.309779702.1787720793.1787720793.1787720793.1%3B%2B__utmz%3D258641246.1787720793.1.1.utmcsr%3D(direct)%7Cutmccn%3D(direct)%7Cutmcmd%3D(none)%3B&utmjid=1477468120&utmredir=1&utmu=qAAAAAAAAAAAAAAAAAAAAAAE~ reason=response.body: Response body is unavailable for redirect responses
2026-08-26T05:06:34.041Z scroll:stable height=1156 samples=5
2026-08-26T05:06:35.338Z complete:004.html html=35038 assets=18
2026-08-26T05:06:37.840Z resume:retry 005.html reason=manifest-incomplete
2026-08-26T05:06:37.841Z attempt:1/3 005.html
2026-08-26T05:06:37.841Z navigation:start http://edwards.yale.edu/archive?path=aHR0cDovL2Vkd2FyZHMueWFsZS5lZHUvY2dpLWJpbi9uZXdwaGlsby9nZXRvYmplY3QucGw/Yy4xOTozOjI0OS53amVv
2026-08-26T05:06:38.193Z resource:omit http://fonts.gstatic.com/s/opensans/v44/memvYaGs126MiZpBA-UvWbX2vVnXBbObj2OVTS-mu0SC55I.woff2 reason=response.body: Response body is unavailable for redirect responses
2026-08-26T05:06:38.193Z resource:omit http://fonts.gstatic.com/s/opensans/v44/memvYaGs126MiZpBA-UvWbX2vVnXBbObj2OVTUGmu0SC55K5gw.woff2 reason=response.body: Response body is unavailable for redirect responses
2026-08-26T05:06:38.193Z resource:omit http://fonts.gstatic.com/s/playfairdisplay/v40/nuFiD-vYSZviVYUb_rj3ij__anPXDTzYgEM86xQ.woff2 reason=response.body: Response body is unavailable for redirect responses
2026-08-26T05:06:38.383Z resource:omit http://fonts.gstatic.com/s/playfairdisplay/v40/nuFkD-vYSZviVYUb_rj3ij__anPXDTnogkk7yRZrPA.woff2 reason=response.body: Response body is unavailable for redirect responses
2026-08-26T05:06:38.623Z resource:omit http://www.google-analytics.com/ga.js reason=response.body: Response body is unavailable for redirect responses
2026-08-26T05:06:38.631Z resource:omit http://www.google-analytics.com/__utm.gif?utmwv=5.7.2&utms=2&utmn=108281898&utmhn=edwards.yale.edu&utmcs=UTF-8&utmsr=1280x720&utmvp=1280x720&utmsc=24-bit&utmul=pl&utmje=0&utmfl=-&utmdt=Search%20WJE%20Online%20%7C%20The%20Jonathan%20Edwards%20Center%20at%20Yale%20University&utmhid=810522078&utmr=-&utmp=%2Farchive%3Fpath%3DaHR0cDovL2Vkd2FyZHMueWFsZS5lZHUvY2dpLWJpbi9uZXdwaGlsby9nZXRvYmplY3QucGw%2FYy4xOTozOjI0OS53amVv&utmht=1787720798625&utmac=UA-1489454-4&utmcc=__utma%3D258641246.309779702.1787720793.1787720793.1787720793.1%3B%2B__utmz%3D258641246.1787720793.1.1.utmcsr%3D(direct)%7Cutmccn%3D(direct)%7Cutmcmd%3D(none)%3B&utmjid=&utmu=qAAAAAAAAAAAAAAAAAAAAAAE~ reason=response.body: Response body is unavailable for redirect responses
2026-08-26T05:06:39.276Z scroll:stable height=1200 samples=6
2026-08-26T05:06:40.422Z complete:005.html html=35323 assets=18
2026-08-26T05:06:42.922Z resume:retry 006.html reason=manifest-incomplete
2026-08-26T05:06:42.924Z attempt:1/3 006.html
2026-08-26T05:06:42.924Z navigation:start http://edwards.yale.edu/archive?path=aHR0cDovL2Vkd2FyZHMueWFsZS5lZHUvY2dpLWJpbi9uZXdwaGlsby9nZXRvYmplY3QucGw/Yy4xOTozOjI1MC53amVv
2026-08-26T05:06:43.428Z resource:omit http://fonts.gstatic.com/s/playfairdisplay/v40/nuFiD-vYSZviVYUb_rj3ij__anPXDTzYgEM86xQ.woff2 reason=response.body: Response body is unavailable for redirect responses
2026-08-26T05:06:43.428Z resource:omit http://fonts.gstatic.com/s/opensans/v44/memvYaGs126MiZpBA-UvWbX2vVnXBbObj2OVTS-mu0SC55I.woff2 reason=response.body: Response body is unavailable for redirect responses
2026-08-26T05:06:43.428Z resource:omit http://fonts.gstatic.com/s/opensans/v44/memvYaGs126MiZpBA-UvWbX2vVnXBbObj2OVTUGmu0SC55K5gw.woff2 reason=response.body: Response body is unavailable for redirect responses
2026-08-26T05:06:43.608Z resource:omit http://fonts.gstatic.com/s/playfairdisplay/v40/nuFkD-vYSZviVYUb_rj3ij__anPXDTnogkk7yRZrPA.woff2 reason=response.body: Response body is unavailable for redirect responses
2026-08-26T05:06:43.765Z resource:omit http://www.google-analytics.com/ga.js reason=response.body: Response body is unavailable for redirect responses
2026-08-26T05:06:43.770Z resource:omit http://www.google-analytics.com/__utm.gif?utmwv=5.7.2&utms=3&utmn=1144086149&utmhn=edwards.yale.edu&utmcs=UTF-8&utmsr=1280x720&utmvp=1280x720&utmsc=24-bit&utmul=pl&utmje=0&utmfl=-&utmdt=Search%20WJE%20Online%20%7C%20The%20Jonathan%20Edwards%20Center%20at%20Yale%20University&utmhid=1098876622&utmr=-&utmp=%2Farchive%3Fpath%3DaHR0cDovL2Vkd2FyZHMueWFsZS5lZHUvY2dpLWJpbi9uZXdwaGlsby9nZXRvYmplY3QucGw%2FYy4xOTozOjI1MC53amVv&utmht=1787720803767&utmac=UA-1489454-4&utmcc=__utma%3D258641246.309779702.1787720793.1787720793.1787720793.1%3B%2B__utmz%3D258641246.1787720793.1.1.utmcsr%3D(direct)%7Cutmccn%3D(direct)%7Cutmcmd%3D(none)%3B&utmjid=&utmu=qAAAAAAAAAAAAAAAAAAAAAAE~ reason=response.body: Response body is unavailable for redirect responses
2026-08-26T05:06:44.370Z scroll:stable height=1176 samples=5
2026-08-26T05:06:45.659Z complete:006.html html=34833 assets=18
2026-08-26T05:06:48.160Z resume:retry 007.html reason=manifest-incomplete
2026-08-26T05:06:48.161Z attempt:1/3 007.html
2026-08-26T05:06:48.161Z navigation:start http://edwards.yale.edu/archive?path=aHR0cDovL2Vkd2FyZHMueWFsZS5lZHUvY2dpLWJpbi9uZXdwaGlsby9nZXRvYmplY3QucGw/Yy4xOTozOjI1MS53amVv
2026-08-26T05:06:48.686Z resource:omit http://fonts.gstatic.com/s/opensans/v44/memvYaGs126MiZpBA-UvWbX2vVnXBbObj2OVTS-mu0SC55I.woff2 reason=response.body: Response body is unavailable for redirect responses
2026-08-26T05:06:48.686Z resource:omit http://fonts.gstatic.com/s/playfairdisplay/v40/nuFiD-vYSZviVYUb_rj3ij__anPXDTzYgEM86xQ.woff2 reason=response.body: Response body is unavailable for redirect responses
2026-08-26T05:06:48.686Z resource:omit http://fonts.gstatic.com/s/opensans/v44/memvYaGs126MiZpBA-UvWbX2vVnXBbObj2OVTUGmu0SC55K5gw.woff2 reason=response.body: Response body is unavailable for redirect responses
2026-08-26T05:06:48.875Z resource:omit http://fonts.gstatic.com/s/playfairdisplay/v40/nuFkD-vYSZviVYUb_rj3ij__anPXDTnogkk7yRZrPA.woff2 reason=response.body: Response body is unavailable for redirect responses
2026-08-26T05:06:49.106Z resource:omit http://www.google-analytics.com/ga.js reason=response.body: Response body is unavailable for redirect responses
2026-08-26T05:06:49.110Z resource:omit http://www.google-analytics.com/__utm.gif?utmwv=5.7.2&utms=4&utmn=1646954558&utmhn=edwards.yale.edu&utmcs=UTF-8&utmsr=1280x720&utmvp=1280x720&utmsc=24-bit&utmul=pl&utmje=0&utmfl=-&utmdt=Search%20WJE%20Online%20%7C%20The%20Jonathan%20Edwards%20Center%20at%20Yale%20University&utmhid=2099954762&utmr=-&utmp=%2Farchive%3Fpath%3DaHR0cDovL2Vkd2FyZHMueWFsZS5lZHUvY2dpLWJpbi9uZXdwaGlsby9nZXRvYmplY3QucGw%2FYy4xOTozOjI1MS53amVv&utmht=1787720809108&utmac=UA-1489454-4&utmcc=__utma%3D258641246.309779702.1787720793.1787720793.1787720793.1%3B%2B__utmz%3D258641246.1787720793.1.1.utmcsr%3D(direct)%7Cutmccn%3D(direct)%7Cutmcmd%3D(none)%3B&utmjid=&utmu=qAAAAAAAAAAAAAAAAAAAAAAE~ reason=response.body: Response body is unavailable for redirect responses
2026-08-26T05:06:49.751Z scroll:stable height=1499 samples=6
2026-08-26T05:06:50.905Z complete:007.html html=37316 assets=18
2026-08-26T05:06:53.406Z resume:retry 008.html reason=manifest-incomplete
2026-08-26T05:06:53.407Z attempt:1/3 008.html
2026-08-26T05:06:53.407Z navigation:start http://edwards.yale.edu/archive?path=aHR0cDovL2Vkd2FyZHMueWFsZS5lZHUvY2dpLWJpbi9uZXdwaGlsby9nZXRvYmplY3QucGw/Yy4xOTozOjI1Mi53amVv
2026-08-26T05:06:53.900Z resource:omit http://fonts.gstatic.com/s/playfairdisplay/v40/nuFiD-vYSZviVYUb_rj3ij__anPXDTzYgEM86xQ.woff2 reason=response.body: Response body is unavailable for redirect responses
2026-08-26T05:06:53.900Z resource:omit http://fonts.gstatic.com/s/opensans/v44/memvYaGs126MiZpBA-UvWbX2vVnXBbObj2OVTS-mu0SC55I.woff2 reason=response.body: Response body is unavailable for redirect responses
2026-08-26T05:06:53.900Z resource:omit http://fonts.gstatic.com/s/opensans/v44/memvYaGs126MiZpBA-UvWbX2vVnXBbObj2OVTUGmu0SC55K5gw.woff2 reason=response.body: Response body is unavailable for redirect responses
2026-08-26T05:06:54.092Z resource:omit http://fonts.gstatic.com/s/playfairdisplay/v40/nuFkD-vYSZviVYUb_rj3ij__anPXDTnogkk7yRZrPA.woff2 reason=response.body: Response body is unavailable for redirect responses
2026-08-26T05:06:54.417Z resource:omit http://www.google-analytics.com/ga.js reason=response.body: Response body is unavailable for redirect responses
2026-08-26T05:06:54.423Z resource:omit http://www.google-analytics.com/__utm.gif?utmwv=5.7.2&utms=5&utmn=837829283&utmhn=edwards.yale.edu&utmcs=UTF-8&utmsr=1280x720&utmvp=1280x720&utmsc=24-bit&utmul=pl&utmje=0&utmfl=-&utmdt=Search%20WJE%20Online%20%7C%20The%20Jonathan%20Edwards%20Center%20at%20Yale%20University&utmhid=1972234668&utmr=-&utmp=%2Farchive%3Fpath%3DaHR0cDovL2Vkd2FyZHMueWFsZS5lZHUvY2dpLWJpbi9uZXdwaGlsby9nZXRvYmplY3QucGw%2FYy4xOTozOjI1Mi53amVv&utmht=1787720814420&utmac=UA-1489454-4&utmcc=__utma%3D258641246.309779702.1787720793.1787720793.1787720793.1%3B%2B__utmz%3D258641246.1787720793.1.1.utmcsr%3D(direct)%7Cutmccn%3D(direct)%7Cutmcmd%3D(none)%3B&utmjid=&utmu=qAAAAAAAAAAAAAAAAAAAAAAE~ reason=response.body: Response body is unavailable for redirect responses
2026-08-26T05:06:55.560Z scroll:stable height=3452 samples=10
2026-08-26T05:06:56.612Z complete:008.html html=52290 assets=18
2026-08-26T05:06:59.113Z resume:retry 009.html reason=manifest-incomplete
2026-08-26T05:06:59.114Z attempt:1/3 009.html
2026-08-26T05:06:59.115Z navigation:start http://edwards.yale.edu/archive?path=aHR0cDovL2Vkd2FyZHMueWFsZS5lZHUvY2dpLWJpbi9uZXdwaGlsby9nZXRvYmplY3QucGw/Yy4xOTozOjI1My53amVv
2026-08-26T05:06:59.644Z resource:omit http://fonts.gstatic.com/s/opensans/v44/memvYaGs126MiZpBA-UvWbX2vVnXBbObj2OVTS-mu0SC55I.woff2 reason=response.body: Response body is unavailable for redirect responses
2026-08-26T05:06:59.644Z resource:omit http://fonts.gstatic.com/s/playfairdisplay/v40/nuFiD-vYSZviVYUb_rj3ij__anPXDTzYgEM86xQ.woff2 reason=response.body: Response body is unavailable for redirect responses
2026-08-26T05:06:59.644Z resource:omit http://fonts.gstatic.com/s/opensans/v44/memvYaGs126MiZpBA-UvWbX2vVnXBbObj2OVTUGmu0SC55K5gw.woff2 reason=response.body: Response body is unavailable for redirect responses
2026-08-26T05:06:59.833Z resource:omit http://fonts.gstatic.com/s/playfairdisplay/v40/nuFkD-vYSZviVYUb_rj3ij__anPXDTnogkk7yRZrPA.woff2 reason=response.body: Response body is unavailable for redirect responses
2026-08-26T05:06:59.999Z resource:omit http://www.google-analytics.com/ga.js reason=response.body: Response body is unavailable for redirect responses
2026-08-26T05:07:00.004Z resource:omit http://www.google-analytics.com/__utm.gif?utmwv=5.7.2&utms=6&utmn=286881055&utmhn=edwards.yale.edu&utmcs=UTF-8&utmsr=1280x720&utmvp=1280x720&utmsc=24-bit&utmul=pl&utmje=0&utmfl=-&utmdt=Search%20WJE%20Online%20%7C%20The%20Jonathan%20Edwards%20Center%20at%20Yale%20University&utmhid=1446687568&utmr=-&utmp=%2Farchive%3Fpath%3DaHR0cDovL2Vkd2FyZHMueWFsZS5lZHUvY2dpLWJpbi9uZXdwaGlsby9nZXRvYmplY3QucGw%2FYy4xOTozOjI1My53amVv&utmht=1787720820002&utmac=UA-1489454-4&utmcc=__utma%3D258641246.309779702.1787720793.1787720793.1787720793.1%3B%2B__utmz%3D258641246.1787720793.1.1.utmcsr%3D(direct)%7Cutmccn%3D(direct)%7Cutmcmd%3D(none)%3B&utmjid=&utmu=qAAAAAAAAAAAAAAAAAAAAAAE~ reason=response.body: Response body is unavailable for redirect responses
2026-08-26T05:07:00.725Z scroll:stable height=1419 samples=6
2026-08-26T05:07:01.869Z complete:009.html html=36595 assets=18
2026-08-26T05:07:04.369Z resume:retry 010.html reason=manifest-incomplete
2026-08-26T05:07:04.370Z attempt:1/3 010.html
2026-08-26T05:07:04.370Z navigation:start http://edwards.yale.edu/archive?path=aHR0cDovL2Vkd2FyZHMueWFsZS5lZHUvY2dpLWJpbi9uZXdwaGlsby9nZXRvYmplY3QucGw/Yy4xOTozOjI1NC53amVv
2026-08-26T05:07:04.899Z resource:omit http://fonts.gstatic.com/s/playfairdisplay/v40/nuFiD-vYSZviVYUb_rj3ij__anPXDTzYgEM86xQ.woff2 reason=response.body: Response body is unavailable for redirect responses
2026-08-26T05:07:04.899Z resource:omit http://fonts.gstatic.com/s/opensans/v44/memvYaGs126MiZpBA-UvWbX2vVnXBbObj2OVTS-mu0SC55I.woff2 reason=response.body: Response body is unavailable for redirect responses
2026-08-26T05:07:04.899Z resource:omit http://fonts.gstatic.com/s/opensans/v44/memvYaGs126MiZpBA-UvWbX2vVnXBbObj2OVTUGmu0SC55K5gw.woff2 reason=response.body: Response body is unavailable for redirect responses
2026-08-26T05:07:05.083Z resource:omit http://fonts.gstatic.com/s/playfairdisplay/v40/nuFkD-vYSZviVYUb_rj3ij__anPXDTnogkk7yRZrPA.woff2 reason=response.body: Response body is unavailable for redirect responses
2026-08-26T05:07:05.409Z resource:omit http://www.google-analytics.com/ga.js reason=response.body: Response body is unavailable for redirect responses
2026-08-26T05:07:05.414Z resource:omit http://www.google-analytics.com/__utm.gif?utmwv=5.7.2&utms=7&utmn=609060016&utmhn=edwards.yale.edu&utmcs=UTF-8&utmsr=1280x720&utmvp=1280x720&utmsc=24-bit&utmul=pl&utmje=0&utmfl=-&utmdt=Search%20WJE%20Online%20%7C%20The%20Jonathan%20Edwards%20Center%20at%20Yale%20University&utmhid=1052463174&utmr=-&utmp=%2Farchive%3Fpath%3DaHR0cDovL2Vkd2FyZHMueWFsZS5lZHUvY2dpLWJpbi9uZXdwaGlsby9nZXRvYmplY3QucGw%2FYy4xOTozOjI1NC53amVv&utmht=1787720825412&utmac=UA-1489454-4&utmcc=__utma%3D258641246.309779702.1787720793.1787720793.1787720793.1%3B%2B__utmz%3D258641246.1787720793.1.1.utmcsr%3D(direct)%7Cutmccn%3D(direct)%7Cutmcmd%3D(none)%3B&utmjid=&utmu=qAAAAAAAAAAAAAAAAAAAAAAE~ reason=response.body: Response body is unavailable for redirect responses
2026-08-26T05:07:06.426Z scroll:stable height=2958 samples=9
2026-08-26T05:07:07.478Z complete:010.html html=46398 assets=18
2026-08-26T05:07:09.979Z resume:retry 011.html reason=manifest-incomplete
2026-08-26T05:07:09.980Z attempt:1/3 011.html
2026-08-26T05:07:09.980Z navigation:start http://edwards.yale.edu/archive?path=aHR0cDovL2Vkd2FyZHMueWFsZS5lZHUvY2dpLWJpbi9uZXdwaGlsby9nZXRvYmplY3QucGw/Yy4xOTozOjI1NS53amVv
2026-08-26T05:07:10.706Z resource:omit http://fonts.gstatic.com/s/opensans/v44/memvYaGs126MiZpBA-UvWbX2vVnXBbObj2OVTS-mu0SC55I.woff2 reason=response.body: Response body is unavailable for redirect responses
2026-08-26T05:07:10.706Z resource:omit http://fonts.gstatic.com/s/playfairdisplay/v40/nuFiD-vYSZviVYUb_rj3ij__anPXDTzYgEM86xQ.woff2 reason=response.body: Response body is unavailable for redirect responses
2026-08-26T05:07:10.808Z resource:omit http://fonts.gstatic.com/s/opensans/v44/memvYaGs126MiZpBA-UvWbX2vVnXBbObj2OVTUGmu0SC55K5gw.woff2 reason=response.body: Response body is unavailable for redirect responses
2026-08-26T05:07:11.433Z resource:omit http://fonts.gstatic.com/s/playfairdisplay/v40/nuFkD-vYSZviVYUb_rj3ij__anPXDTnogkk7yRZrPA.woff2 reason=response.body: Response body is unavailable for redirect responses
2026-08-26T05:07:11.799Z resource:omit http://www.google-analytics.com/ga.js reason=response.body: Response body is unavailable for redirect responses
2026-08-26T05:07:11.800Z resource:omit http://www.google-analytics.com/__utm.gif?utmwv=5.7.2&utms=8&utmn=357873088&utmhn=edwards.yale.edu&utmcs=UTF-8&utmsr=1280x720&utmvp=1280x720&utmsc=24-bit&utmul=pl&utmje=0&utmfl=-&utmdt=Search%20WJE%20Online%20%7C%20The%20Jonathan%20Edwards%20Center%20at%20Yale%20University&utmhid=1019448053&utmr=-&utmp=%2Farchive%3Fpath%3DaHR0cDovL2Vkd2FyZHMueWFsZS5lZHUvY2dpLWJpbi9uZXdwaGlsby9nZXRvYmplY3QucGw%2FYy4xOTozOjI1NS53amVv&utmht=1787720831797&utmac=UA-1489454-4&utmcc=__utma%3D258641246.309779702.1787720793.1787720793.1787720793.1%3B%2B__utmz%3D258641246.1787720793.1.1.utmcsr%3D(direct)%7Cutmccn%3D(direct)%7Cutmcmd%3D(none)%3B&utmjid=&utmu=qAAAAAAAAAAAAAAAAAAAAAAE~ reason=response.body: Response body is unavailable for redirect responses
2026-08-26T05:07:12.562Z scroll:stable height=2196 samples=7
2026-08-26T05:07:13.794Z complete:011.html html=41478 assets=18
2026-08-26T05:07:16.295Z resume:retry 012.html reason=manifest-incomplete
2026-08-26T05:07:16.296Z attempt:1/3 012.html
2026-08-26T05:07:16.296Z navigation:start http://edwards.yale.edu/archive?path=aHR0cDovL2Vkd2FyZHMueWFsZS5lZHUvY2dpLWJpbi9uZXdwaGlsby9nZXRvYmplY3QucGw/Yy4xOTozOjI1Ni53amVv
2026-08-26T05:07:16.903Z resource:omit http://fonts.gstatic.com/s/opensans/v44/memvYaGs126MiZpBA-UvWbX2vVnXBbObj2OVTS-mu0SC55I.woff2 reason=response.body: Response body is unavailable for redirect responses
2026-08-26T05:07:16.903Z resource:omit http://fonts.gstatic.com/s/playfairdisplay/v40/nuFiD-vYSZviVYUb_rj3ij__anPXDTzYgEM86xQ.woff2 reason=response.body: Response body is unavailable for redirect responses
2026-08-26T05:07:16.903Z resource:omit http://fonts.gstatic.com/s/opensans/v44/memvYaGs126MiZpBA-UvWbX2vVnXBbObj2OVTUGmu0SC55K5gw.woff2 reason=response.body: Response body is unavailable for redirect responses
2026-08-26T05:07:17.084Z resource:omit http://fonts.gstatic.com/s/playfairdisplay/v40/nuFkD-vYSZviVYUb_rj3ij__anPXDTnogkk7yRZrPA.woff2 reason=response.body: Response body is unavailable for redirect responses
2026-08-26T05:07:17.242Z resource:omit http://www.google-analytics.com/ga.js reason=response.body: Response body is unavailable for redirect responses
2026-08-26T05:07:17.246Z resource:omit http://www.google-analytics.com/__utm.gif?utmwv=5.7.2&utms=9&utmn=1457252835&utmhn=edwards.yale.edu&utmcs=UTF-8&utmsr=1280x720&utmvp=1280x720&utmsc=24-bit&utmul=pl&utmje=0&utmfl=-&utmdt=Search%20WJE%20Online%20%7C%20The%20Jonathan%20Edwards%20Center%20at%20Yale%20University&utmhid=1103344630&utmr=-&utmp=%2Farchive%3Fpath%3DaHR0cDovL2Vkd2FyZHMueWFsZS5lZHUvY2dpLWJpbi9uZXdwaGlsby9nZXRvYmplY3QucGw%2FYy4xOTozOjI1Ni53amVv&utmht=1787720837244&utmac=UA-1489454-4&utmcc=__utma%3D258641246.309779702.1787720793.1787720793.1787720793.1%3B%2B__utmz%3D258641246.1787720793.1.1.utmcsr%3D(direct)%7Cutmccn%3D(direct)%7Cutmcmd%3D(none)%3B&utmjid=&utmu=qAAAAAAAAAAAAAAAAAAAAAAE~ reason=response.body: Response body is unavailable for redirect responses
2026-08-26T05:07:17.891Z scroll:stable height=1626 samples=6
2026-08-26T05:07:19.132Z complete:012.html html=37882 assets=18
2026-08-26T05:07:21.633Z resume:retry 013.html reason=manifest-incomplete
2026-08-26T05:07:21.635Z attempt:1/3 013.html
2026-08-26T05:07:21.635Z navigation:start http://edwards.yale.edu/archive?path=aHR0cDovL2Vkd2FyZHMueWFsZS5lZHUvY2dpLWJpbi9uZXdwaGlsby9nZXRvYmplY3QucGw/Yy4xOTozOjI1Ny53amVv
2026-08-26T05:07:22.145Z resource:omit http://fonts.gstatic.com/s/playfairdisplay/v40/nuFiD-vYSZviVYUb_rj3ij__anPXDTzYgEM86xQ.woff2 reason=response.body: Response body is unavailable for redirect responses
2026-08-26T05:07:22.145Z resource:omit http://fonts.gstatic.com/s/opensans/v44/memvYaGs126MiZpBA-UvWbX2vVnXBbObj2OVTS-mu0SC55I.woff2 reason=response.body: Response body is unavailable for redirect responses
2026-08-26T05:07:22.146Z resource:omit http://fonts.gstatic.com/s/opensans/v44/memvYaGs126MiZpBA-UvWbX2vVnXBbObj2OVTUGmu0SC55K5gw.woff2 reason=response.body: Response body is unavailable for redirect responses
2026-08-26T05:07:22.334Z resource:omit http://fonts.gstatic.com/s/playfairdisplay/v40/nuFkD-vYSZviVYUb_rj3ij__anPXDTnogkk7yRZrPA.woff2 reason=response.body: Response body is unavailable for redirect responses
2026-08-26T05:07:22.485Z resource:omit http://www.google-analytics.com/ga.js reason=response.body: Response body is unavailable for redirect responses
2026-08-26T05:07:22.490Z resource:omit http://www.google-analytics.com/__utm.gif?utmwv=5.7.2&utms=10&utmn=782909720&utmhn=edwards.yale.edu&utmcs=UTF-8&utmsr=1280x720&utmvp=1280x720&utmsc=24-bit&utmul=pl&utmje=0&utmfl=-&utmdt=Search%20WJE%20Online%20%7C%20The%20Jonathan%20Edwards%20Center%20at%20Yale%20University&utmhid=2012461124&utmr=-&utmp=%2Farchive%3Fpath%3DaHR0cDovL2Vkd2FyZHMueWFsZS5lZHUvY2dpLWJpbi9uZXdwaGlsby9nZXRvYmplY3QucGw%2FYy4xOTozOjI1Ny53amVv&utmht=1787720842487&utmac=UA-1489454-4&utmcc=__utma%3D258641246.309779702.1787720793.1787720793.1787720793.1%3B%2B__utmz%3D258641246.1787720793.1.1.utmcsr%3D(direct)%7Cutmccn%3D(direct)%7Cutmcmd%3D(none)%3B&utmjid=&utmu=qAAAAAAAAAAAAAAAAAAAAAAE~ reason=response.body: Response body is unavailable for redirect responses
2026-08-26T05:07:23.129Z scroll:stable height=1362 samples=6
2026-08-26T05:07:24.376Z complete:013.html html=36679 assets=18
2026-08-26T05:07:26.877Z resume:retry 014.html reason=manifest-incomplete
2026-08-26T05:07:26.877Z attempt:1/3 014.html
2026-08-26T05:07:26.878Z navigation:start http://edwards.yale.edu/archive?path=aHR0cDovL2Vkd2FyZHMueWFsZS5lZHUvY2dpLWJpbi9uZXdwaGlsby9nZXRvYmplY3QucGw/Yy4xOTozOjI1OC53amVv
2026-08-26T05:07:27.417Z resource:omit http://fonts.gstatic.com/s/opensans/v44/memvYaGs126MiZpBA-UvWbX2vVnXBbObj2OVTS-mu0SC55I.woff2 reason=response.body: Response body is unavailable for redirect responses
2026-08-26T05:07:27.417Z resource:omit http://fonts.gstatic.com/s/playfairdisplay/v40/nuFiD-vYSZviVYUb_rj3ij__anPXDTzYgEM86xQ.woff2 reason=response.body: Response body is unavailable for redirect responses
2026-08-26T05:07:27.417Z resource:omit http://fonts.gstatic.com/s/opensans/v44/memvYaGs126MiZpBA-UvWbX2vVnXBbObj2OVTUGmu0SC55K5gw.woff2 reason=response.body: Response body is unavailable for redirect responses
2026-08-26T05:07:28.067Z resource:omit http://fonts.gstatic.com/s/playfairdisplay/v40/nuFkD-vYSZviVYUb_rj3ij__anPXDTnogkk7yRZrPA.woff2 reason=response.body: Response body is unavailable for redirect responses
2026-08-26T05:07:28.067Z resource:omit http://www.google-analytics.com/ga.js reason=response.body: Response body is unavailable for redirect responses
2026-08-26T05:07:28.076Z resource:omit http://www.google-analytics.com/__utm.gif?utmwv=5.7.2&utms=11&utmn=1031992135&utmhn=edwards.yale.edu&utmcs=UTF-8&utmsr=1280x720&utmvp=1280x720&utmsc=24-bit&utmul=pl&utmje=0&utmfl=-&utmdt=Search%20WJE%20Online%20%7C%20The%20Jonathan%20Edwards%20Center%20at%20Yale%20University&utmhid=10856636&utmr=-&utmp=%2Farchive%3Fpath%3DaHR0cDovL2Vkd2FyZHMueWFsZS5lZHUvY2dpLWJpbi9uZXdwaGlsby9nZXRvYmplY3QucGw%2FYy4xOTozOjI1OC53amVv&utmht=1787720848070&utmac=UA-1489454-4&utmcc=__utma%3D258641246.309779702.1787720793.1787720793.1787720793.1%3B%2B__utmz%3D258641246.1787720793.1.1.utmcsr%3D(direct)%7Cutmccn%3D(direct)%7Cutmcmd%3D(none)%3B&utmjid=&utmu=qAAAAAAAAAAAAAAAAAAAAAAE~ reason=response.body: Response body is unavailable for redirect responses
2026-08-26T05:07:28.711Z scroll:stable height=1276 samples=6
2026-08-26T05:07:30.086Z complete:014.html html=35830 assets=18
2026-08-26T05:07:32.586Z resume:retry 015.html reason=manifest-incomplete
2026-08-26T05:07:32.587Z attempt:1/3 015.html
2026-08-26T05:07:32.588Z navigation:start http://edwards.yale.edu/archive?path=aHR0cDovL2Vkd2FyZHMueWFsZS5lZHUvY2dpLWJpbi9uZXdwaGlsby9nZXRvYmplY3QucGw/Yy4xOTozOjI1OS53amVv
2026-08-26T05:07:33.153Z resource:omit http://fonts.gstatic.com/s/playfairdisplay/v40/nuFiD-vYSZviVYUb_rj3ij__anPXDTzYgEM86xQ.woff2 reason=response.body: Response body is unavailable for redirect responses
2026-08-26T05:07:33.153Z resource:omit http://fonts.gstatic.com/s/opensans/v44/memvYaGs126MiZpBA-UvWbX2vVnXBbObj2OVTS-mu0SC55I.woff2 reason=response.body: Response body is unavailable for redirect responses
2026-08-26T05:07:33.154Z resource:omit http://fonts.gstatic.com/s/opensans/v44/memvYaGs126MiZpBA-UvWbX2vVnXBbObj2OVTUGmu0SC55K5gw.woff2 reason=response.body: Response body is unavailable for redirect responses
2026-08-26T05:07:33.332Z resource:omit http://fonts.gstatic.com/s/playfairdisplay/v40/nuFkD-vYSZviVYUb_rj3ij__anPXDTnogkk7yRZrPA.woff2 reason=response.body: Response body is unavailable for redirect responses
2026-08-26T05:07:33.493Z resource:omit http://www.google-analytics.com/ga.js reason=response.body: Response body is unavailable for redirect responses
2026-08-26T05:07:33.498Z resource:omit http://www.google-analytics.com/__utm.gif?utmwv=5.7.2&utms=12&utmn=745330076&utmhn=edwards.yale.edu&utmcs=UTF-8&utmsr=1280x720&utmvp=1280x720&utmsc=24-bit&utmul=pl&utmje=0&utmfl=-&utmdt=Search%20WJE%20Online%20%7C%20The%20Jonathan%20Edwards%20Center%20at%20Yale%20University&utmhid=1020832340&utmr=-&utmp=%2Farchive%3Fpath%3DaHR0cDovL2Vkd2FyZHMueWFsZS5lZHUvY2dpLWJpbi9uZXdwaGlsby9nZXRvYmplY3QucGw%2FYy4xOTozOjI1OS53amVv&utmht=1787720853492&utmac=UA-1489454-4&utmcc=__utma%3D258641246.309779702.1787720793.1787720793.1787720793.1%3B%2B__utmz%3D258641246.1787720793.1.1.utmcsr%3D(direct)%7Cutmccn%3D(direct)%7Cutmcmd%3D(none)%3B&utmjid=&utmu=qAAAAAAAAAAAAAAAAAAAAAAE~ reason=response.body: Response body is unavailable for redirect responses
2026-08-26T05:07:34.135Z scroll:stable height=1448 samples=6
2026-08-26T05:07:35.393Z complete:015.html html=36585 assets=18
2026-08-26T05:07:37.895Z resume:retry 016.html reason=manifest-incomplete
2026-08-26T05:07:37.896Z attempt:1/3 016.html
2026-08-26T05:07:37.896Z navigation:start http://edwards.yale.edu/archive?path=aHR0cDovL2Vkd2FyZHMueWFsZS5lZHUvY2dpLWJpbi9uZXdwaGlsby9nZXRvYmplY3QucGw/Yy4xOTozOjI2MC53amVv
2026-08-26T05:07:38.425Z resource:omit http://fonts.gstatic.com/s/opensans/v44/memvYaGs126MiZpBA-UvWbX2vVnXBbObj2OVTS-mu0SC55I.woff2 reason=response.body: Response body is unavailable for redirect responses
2026-08-26T05:07:38.425Z resource:omit http://fonts.gstatic.com/s/playfairdisplay/v40/nuFiD-vYSZviVYUb_rj3ij__anPXDTzYgEM86xQ.woff2 reason=response.body: Response body is unavailable for redirect responses
2026-08-26T05:07:38.425Z resource:omit http://fonts.gstatic.com/s/opensans/v44/memvYaGs126MiZpBA-UvWbX2vVnXBbObj2OVTUGmu0SC55K5gw.woff2 reason=response.body: Response body is unavailable for redirect responses
2026-08-26T05:07:38.788Z resource:omit http://www.google-analytics.com/ga.js reason=response.body: Response body is unavailable for redirect responses
2026-08-26T05:07:38.788Z resource:omit http://fonts.gstatic.com/s/playfairdisplay/v40/nuFkD-vYSZviVYUb_rj3ij__anPXDTnogkk7yRZrPA.woff2 reason=response.body: Response body is unavailable for redirect responses
2026-08-26T05:07:38.794Z resource:omit http://www.google-analytics.com/__utm.gif?utmwv=5.7.2&utms=13&utmn=735562431&utmhn=edwards.yale.edu&utmcs=UTF-8&utmsr=1280x720&utmvp=1280x720&utmsc=24-bit&utmul=pl&utmje=0&utmfl=-&utmdt=Search%20WJE%20Online%20%7C%20The%20Jonathan%20Edwards%20Center%20at%20Yale%20University&utmhid=2076953272&utmr=-&utmp=%2Farchive%3Fpath%3DaHR0cDovL2Vkd2FyZHMueWFsZS5lZHUvY2dpLWJpbi9uZXdwaGlsby9nZXRvYmplY3QucGw%2FYy4xOTozOjI2MC53amVv&utmht=1787720858791&utmac=UA-1489454-4&utmcc=__utma%3D258641246.309779702.1787720793.1787720793.1787720793.1%3B%2B__utmz%3D258641246.1787720793.1.1.utmcsr%3D(direct)%7Cutmccn%3D(direct)%7Cutmcmd%3D(none)%3B&utmjid=&utmu=qAAAAAAAAAAAAAAAAAAAAAAE~ reason=response.body: Response body is unavailable for redirect responses
2026-08-26T05:07:39.396Z scroll:stable height=1216 samples=5
2026-08-26T05:07:40.663Z complete:016.html html=35324 assets=18
2026-08-26T05:07:43.165Z resume:retry 017.html reason=manifest-incomplete
2026-08-26T05:07:43.166Z attempt:1/3 017.html
2026-08-26T05:07:43.166Z navigation:start http://edwards.yale.edu/archive?path=aHR0cDovL2Vkd2FyZHMueWFsZS5lZHUvY2dpLWJpbi9uZXdwaGlsby9nZXRvYmplY3QucGw/Yy4xOTozOjI2MS53amVv
2026-08-26T05:07:43.678Z resource:omit http://fonts.gstatic.com/s/opensans/v44/memvYaGs126MiZpBA-UvWbX2vVnXBbObj2OVTS-mu0SC55I.woff2 reason=response.body: Response body is unavailable for redirect responses
2026-08-26T05:07:43.678Z resource:omit http://fonts.gstatic.com/s/playfairdisplay/v40/nuFiD-vYSZviVYUb_rj3ij__anPXDTzYgEM86xQ.woff2 reason=response.body: Response body is unavailable for redirect responses
2026-08-26T05:07:43.678Z resource:omit http://fonts.gstatic.com/s/opensans/v44/memvYaGs126MiZpBA-UvWbX2vVnXBbObj2OVTUGmu0SC55K5gw.woff2 reason=response.body: Response body is unavailable for redirect responses
2026-08-26T05:07:43.859Z resource:omit http://fonts.gstatic.com/s/playfairdisplay/v40/nuFkD-vYSZviVYUb_rj3ij__anPXDTnogkk7yRZrPA.woff2 reason=response.body: Response body is unavailable for redirect responses
2026-08-26T05:07:44.025Z resource:omit http://www.google-analytics.com/ga.js reason=response.body: Response body is unavailable for redirect responses
2026-08-26T05:07:44.029Z resource:omit http://www.google-analytics.com/__utm.gif?utmwv=5.7.2&utms=14&utmn=447060002&utmhn=edwards.yale.edu&utmcs=UTF-8&utmsr=1280x720&utmvp=1280x720&utmsc=24-bit&utmul=pl&utmje=0&utmfl=-&utmdt=Search%20WJE%20Online%20%7C%20The%20Jonathan%20Edwards%20Center%20at%20Yale%20University&utmhid=1546155904&utmr=-&utmp=%2Farchive%3Fpath%3DaHR0cDovL2Vkd2FyZHMueWFsZS5lZHUvY2dpLWJpbi9uZXdwaGlsby9nZXRvYmplY3QucGw%2FYy4xOTozOjI2MS53amVv&utmht=1787720864027&utmac=UA-1489454-4&utmcc=__utma%3D258641246.309779702.1787720793.1787720793.1787720793.1%3B%2B__utmz%3D258641246.1787720793.1.1.utmcsr%3D(direct)%7Cutmccn%3D(direct)%7Cutmcmd%3D(none)%3B&utmjid=&utmu=qAAAAAAAAAAAAAAAAAAAAAAE~ reason=response.body: Response body is unavailable for redirect responses
2026-08-26T05:07:44.767Z scroll:stable height=1548 samples=6
2026-08-26T05:07:45.882Z complete:017.html html=37968 assets=18
2026-08-26T05:07:48.383Z resume:retry 018.html reason=manifest-incomplete
2026-08-26T05:07:48.384Z attempt:1/3 018.html
2026-08-26T05:07:48.385Z navigation:start http://edwards.yale.edu/archive?path=aHR0cDovL2Vkd2FyZHMueWFsZS5lZHUvY2dpLWJpbi9uZXdwaGlsby9nZXRvYmplY3QucGw/Yy4xOTozOjI2Mi53amVv
2026-08-26T05:07:48.917Z resource:omit http://fonts.gstatic.com/s/opensans/v44/memvYaGs126MiZpBA-UvWbX2vVnXBbObj2OVTS-mu0SC55I.woff2 reason=response.body: Response body is unavailable for redirect responses
2026-08-26T05:07:48.917Z resource:omit http://fonts.gstatic.com/s/playfairdisplay/v40/nuFiD-vYSZviVYUb_rj3ij__anPXDTzYgEM86xQ.woff2 reason=response.body: Response body is unavailable for redirect responses
2026-08-26T05:07:48.917Z resource:omit http://fonts.gstatic.com/s/opensans/v44/memvYaGs126MiZpBA-UvWbX2vVnXBbObj2OVTUGmu0SC55K5gw.woff2 reason=response.body: Response body is unavailable for redirect responses
2026-08-26T05:07:49.100Z resource:omit http://fonts.gstatic.com/s/playfairdisplay/v40/nuFkD-vYSZviVYUb_rj3ij__anPXDTnogkk7yRZrPA.woff2 reason=response.body: Response body is unavailable for redirect responses
2026-08-26T05:07:49.260Z resource:omit http://www.google-analytics.com/ga.js reason=response.body: Response body is unavailable for redirect responses
2026-08-26T05:07:49.265Z resource:omit http://www.google-analytics.com/__utm.gif?utmwv=5.7.2&utms=15&utmn=758855165&utmhn=edwards.yale.edu&utmcs=UTF-8&utmsr=1280x720&utmvp=1280x720&utmsc=24-bit&utmul=pl&utmje=0&utmfl=-&utmdt=Search%20WJE%20Online%20%7C%20The%20Jonathan%20Edwards%20Center%20at%20Yale%20University&utmhid=1786781600&utmr=-&utmp=%2Farchive%3Fpath%3DaHR0cDovL2Vkd2FyZHMueWFsZS5lZHUvY2dpLWJpbi9uZXdwaGlsby9nZXRvYmplY3QucGw%2FYy4xOTozOjI2Mi53amVv&utmht=1787720869262&utmac=UA-1489454-4&utmcc=__utma%3D258641246.309779702.1787720793.1787720793.1787720793.1%3B%2B__utmz%3D258641246.1787720793.1.1.utmcsr%3D(direct)%7Cutmccn%3D(direct)%7Cutmcmd%3D(none)%3B&utmjid=&utmu=qAAAAAAAAAAAAAAAAAAAAAAE~ reason=response.body: Response body is unavailable for redirect responses
2026-08-26T05:07:49.781Z scroll:stable height=1196 samples=5
2026-08-26T05:07:51.115Z complete:018.html html=35433 assets=18
2026-08-26T05:07:53.617Z resume:retry 019.html reason=manifest-incomplete
2026-08-26T05:07:53.618Z attempt:1/3 019.html
2026-08-26T05:07:53.618Z navigation:start http://edwards.yale.edu/archive?path=aHR0cDovL2Vkd2FyZHMueWFsZS5lZHUvY2dpLWJpbi9uZXdwaGlsby9nZXRvYmplY3QucGw/Yy4xOTozOjI2My53amVv
2026-08-26T05:07:54.142Z resource:omit http://fonts.gstatic.com/s/opensans/v44/memvYaGs126MiZpBA-UvWbX2vVnXBbObj2OVTS-mu0SC55I.woff2 reason=response.body: Response body is unavailable for redirect responses
2026-08-26T05:07:54.143Z resource:omit http://fonts.gstatic.com/s/opensans/v44/memvYaGs126MiZpBA-UvWbX2vVnXBbObj2OVTUGmu0SC55K5gw.woff2 reason=response.body: Response body is unavailable for redirect responses
2026-08-26T05:07:54.143Z resource:omit http://fonts.gstatic.com/s/playfairdisplay/v40/nuFiD-vYSZviVYUb_rj3ij__anPXDTzYgEM86xQ.woff2 reason=response.body: Response body is unavailable for redirect responses
2026-08-26T05:07:54.325Z resource:omit http://fonts.gstatic.com/s/playfairdisplay/v40/nuFkD-vYSZviVYUb_rj3ij__anPXDTnogkk7yRZrPA.woff2 reason=response.body: Response body is unavailable for redirect responses
2026-08-26T05:07:54.481Z resource:omit http://www.google-analytics.com/ga.js reason=response.body: Response body is unavailable for redirect responses
2026-08-26T05:07:54.486Z resource:omit http://www.google-analytics.com/__utm.gif?utmwv=5.7.2&utms=16&utmn=1382616899&utmhn=edwards.yale.edu&utmcs=UTF-8&utmsr=1280x720&utmvp=1280x720&utmsc=24-bit&utmul=pl&utmje=0&utmfl=-&utmdt=Search%20WJE%20Online%20%7C%20The%20Jonathan%20Edwards%20Center%20at%20Yale%20University&utmhid=1592221444&utmr=-&utmp=%2Farchive%3Fpath%3DaHR0cDovL2Vkd2FyZHMueWFsZS5lZHUvY2dpLWJpbi9uZXdwaGlsby9nZXRvYmplY3QucGw%2FYy4xOTozOjI2My53amVv&utmht=1787720874484&utmac=UA-1489454-4&utmcc=__utma%3D258641246.309779702.1787720793.1787720793.1787720793.1%3B%2B__utmz%3D258641246.1787720793.1.1.utmcsr%3D(direct)%7Cutmccn%3D(direct)%7Cutmcmd%3D(none)%3B&utmjid=&utmu=qAAAAAAAAAAAAAAAAAAAAAAE~ reason=response.body: Response body is unavailable for redirect responses
2026-08-26T05:07:55.003Z scroll:stable height=1176 samples=5
2026-08-26T05:07:56.363Z complete:019.html html=34839 assets=18
2026-08-26T05:07:58.864Z resume:retry 020.html reason=manifest-incomplete
2026-08-26T05:07:58.865Z attempt:1/3 020.html
2026-08-26T05:07:58.865Z navigation:start http://edwards.yale.edu/archive?path=aHR0cDovL2Vkd2FyZHMueWFsZS5lZHUvY2dpLWJpbi9uZXdwaGlsby9nZXRvYmplY3QucGw/Yy4xOTozOjI2NC53amVv
2026-08-26T05:07:59.383Z resource:omit http://fonts.gstatic.com/s/opensans/v44/memvYaGs126MiZpBA-UvWbX2vVnXBbObj2OVTS-mu0SC55I.woff2 reason=response.body: Response body is unavailable for redirect responses
2026-08-26T05:07:59.384Z resource:omit http://fonts.gstatic.com/s/playfairdisplay/v40/nuFiD-vYSZviVYUb_rj3ij__anPXDTzYgEM86xQ.woff2 reason=response.body: Response body is unavailable for redirect responses
2026-08-26T05:07:59.384Z resource:omit http://fonts.gstatic.com/s/opensans/v44/memvYaGs126MiZpBA-UvWbX2vVnXBbObj2OVTUGmu0SC55K5gw.woff2 reason=response.body: Response body is unavailable for redirect responses
2026-08-26T05:07:59.567Z resource:omit http://fonts.gstatic.com/s/playfairdisplay/v40/nuFkD-vYSZviVYUb_rj3ij__anPXDTnogkk7yRZrPA.woff2 reason=response.body: Response body is unavailable for redirect responses
2026-08-26T05:07:59.732Z resource:omit http://www.google-analytics.com/ga.js reason=response.body: Response body is unavailable for redirect responses
2026-08-26T05:07:59.737Z resource:omit http://www.google-analytics.com/__utm.gif?utmwv=5.7.2&utms=17&utmn=10825751&utmhn=edwards.yale.edu&utmcs=UTF-8&utmsr=1280x720&utmvp=1280x720&utmsc=24-bit&utmul=pl&utmje=0&utmfl=-&utmdt=Search%20WJE%20Online%20%7C%20The%20Jonathan%20Edwards%20Center%20at%20Yale%20University&utmhid=2036607425&utmr=-&utmp=%2Farchive%3Fpath%3DaHR0cDovL2Vkd2FyZHMueWFsZS5lZHUvY2dpLWJpbi9uZXdwaGlsby9nZXRvYmplY3QucGw%2FYy4xOTozOjI2NC53amVv&utmht=1787720879734&utmac=UA-1489454-4&utmcc=__utma%3D258641246.309779702.1787720793.1787720793.1787720793.1%3B%2B__utmz%3D258641246.1787720793.1.1.utmcsr%3D(direct)%7Cutmccn%3D(direct)%7Cutmcmd%3D(none)%3B&utmjid=&utmu=qAAAAAAAAAAAAAAAAAAAAAAE~ reason=response.body: Response body is unavailable for redirect responses
2026-08-26T05:08:00.379Z scroll:stable height=1276 samples=6
2026-08-26T05:08:01.602Z complete:020.html html=35642 assets=18
2026-08-26T05:08:04.103Z resume:retry 021.html reason=manifest-incomplete
2026-08-26T05:08:04.104Z attempt:1/3 021.html
2026-08-26T05:08:04.104Z navigation:start http://edwards.yale.edu/archive?path=aHR0cDovL2Vkd2FyZHMueWFsZS5lZHUvY2dpLWJpbi9uZXdwaGlsby9nZXRvYmplY3QucGw/Yy4xOTozOjI2NS53amVv
2026-08-26T05:08:04.623Z resource:omit http://fonts.gstatic.com/s/playfairdisplay/v40/nuFiD-vYSZviVYUb_rj3ij__anPXDTzYgEM86xQ.woff2 reason=response.body: Response body is unavailable for redirect responses
2026-08-26T05:08:04.623Z resource:omit http://fonts.gstatic.com/s/opensans/v44/memvYaGs126MiZpBA-UvWbX2vVnXBbObj2OVTS-mu0SC55I.woff2 reason=response.body: Response body is unavailable for redirect responses
2026-08-26T05:08:04.624Z resource:omit http://fonts.gstatic.com/s/opensans/v44/memvYaGs126MiZpBA-UvWbX2vVnXBbObj2OVTUGmu0SC55K5gw.woff2 reason=response.body: Response body is unavailable for redirect responses
2026-08-26T05:08:04.860Z resource:omit http://fonts.gstatic.com/s/playfairdisplay/v40/nuFkD-vYSZviVYUb_rj3ij__anPXDTnogkk7yRZrPA.woff2 reason=response.body: Response body is unavailable for redirect responses
2026-08-26T05:08:05.019Z resource:omit http://www.google-analytics.com/ga.js reason=response.body: Response body is unavailable for redirect responses
2026-08-26T05:08:05.024Z resource:omit http://www.google-analytics.com/__utm.gif?utmwv=5.7.2&utms=18&utmn=1092234499&utmhn=edwards.yale.edu&utmcs=UTF-8&utmsr=1280x720&utmvp=1280x720&utmsc=24-bit&utmul=pl&utmje=0&utmfl=-&utmdt=Search%20WJE%20Online%20%7C%20The%20Jonathan%20Edwards%20Center%20at%20Yale%20University&utmhid=1606185758&utmr=-&utmp=%2Farchive%3Fpath%3DaHR0cDovL2Vkd2FyZHMueWFsZS5lZHUvY2dpLWJpbi9uZXdwaGlsby9nZXRvYmplY3QucGw%2FYy4xOTozOjI2NS53amVv&utmht=1787720885022&utmac=UA-1489454-4&utmcc=__utma%3D258641246.309779702.1787720793.1787720793.1787720793.1%3B%2B__utmz%3D258641246.1787720793.1.1.utmcsr%3D(direct)%7Cutmccn%3D(direct)%7Cutmcmd%3D(none)%3B&utmjid=&utmu=qAAAAAAAAAAAAAAAAAAAAAAE~ reason=response.body: Response body is unavailable for redirect responses
2026-08-26T05:08:05.736Z scroll:stable height=1329 samples=6
2026-08-26T05:08:06.890Z complete:021.html html=37365 assets=18
2026-08-26T05:08:09.393Z resume:retry 022.html reason=manifest-incomplete
2026-08-26T05:08:09.394Z attempt:1/3 022.html
2026-08-26T05:08:09.394Z navigation:start http://edwards.yale.edu/archive?path=aHR0cDovL2Vkd2FyZHMueWFsZS5lZHUvY2dpLWJpbi9uZXdwaGlsby9nZXRvYmplY3QucGw/Yy4xOTozOjI2Ni53amVv
2026-08-26T05:08:09.951Z resource:omit http://fonts.gstatic.com/s/opensans/v44/memvYaGs126MiZpBA-UvWbX2vVnXBbObj2OVTS-mu0SC55I.woff2 reason=response.body: Response body is unavailable for redirect responses
2026-08-26T05:08:09.952Z resource:omit http://fonts.gstatic.com/s/playfairdisplay/v40/nuFiD-vYSZviVYUb_rj3ij__anPXDTzYgEM86xQ.woff2 reason=response.body: Response body is unavailable for redirect responses
2026-08-26T05:08:09.952Z resource:omit http://fonts.gstatic.com/s/opensans/v44/memvYaGs126MiZpBA-UvWbX2vVnXBbObj2OVTUGmu0SC55K5gw.woff2 reason=response.body: Response body is unavailable for redirect responses
2026-08-26T05:08:10.113Z resource:omit http://fonts.gstatic.com/s/playfairdisplay/v40/nuFkD-vYSZviVYUb_rj3ij__anPXDTnogkk7yRZrPA.woff2 reason=response.body: Response body is unavailable for redirect responses
2026-08-26T05:08:10.275Z resource:omit http://www.google-analytics.com/ga.js reason=response.body: Response body is unavailable for redirect responses
2026-08-26T05:08:10.278Z resource:omit http://www.google-analytics.com/__utm.gif?utmwv=5.7.2&utms=19&utmn=1147018742&utmhn=edwards.yale.edu&utmcs=UTF-8&utmsr=1280x720&utmvp=1280x720&utmsc=24-bit&utmul=pl&utmje=0&utmfl=-&utmdt=Search%20WJE%20Online%20%7C%20The%20Jonathan%20Edwards%20Center%20at%20Yale%20University&utmhid=441194900&utmr=-&utmp=%2Farchive%3Fpath%3DaHR0cDovL2Vkd2FyZHMueWFsZS5lZHUvY2dpLWJpbi9uZXdwaGlsby9nZXRvYmplY3QucGw%2FYy4xOTozOjI2Ni53amVv&utmht=1787720890274&utmac=UA-1489454-4&utmcc=__utma%3D258641246.309779702.1787720793.1787720793.1787720793.1%3B%2B__utmz%3D258641246.1787720793.1.1.utmcsr%3D(direct)%7Cutmccn%3D(direct)%7Cutmcmd%3D(none)%3B&utmjid=&utmu=qAAAAAAAAAAAAAAAAAAAAAAE~ reason=response.body: Response body is unavailable for redirect responses
2026-08-26T05:08:11.009Z scroll:stable height=1418 samples=6
2026-08-26T05:08:12.152Z complete:022.html html=37513 assets=18
2026-08-26T05:08:14.654Z resume:retry 023.html reason=manifest-incomplete
2026-08-26T05:08:14.660Z attempt:1/3 023.html
2026-08-26T05:08:14.664Z navigation:start http://edwards.yale.edu/archive?path=aHR0cDovL2Vkd2FyZHMueWFsZS5lZHUvY2dpLWJpbi9uZXdwaGlsby9nZXRvYmplY3QucGw/Yy4xOTozOjI2Ny53amVv
2026-08-26T05:08:15.182Z resource:omit http://fonts.gstatic.com/s/opensans/v44/memvYaGs126MiZpBA-UvWbX2vVnXBbObj2OVTS-mu0SC55I.woff2 reason=response.body: Response body is unavailable for redirect responses
2026-08-26T05:08:15.182Z resource:omit http://fonts.gstatic.com/s/playfairdisplay/v40/nuFiD-vYSZviVYUb_rj3ij__anPXDTzYgEM86xQ.woff2 reason=response.body: Response body is unavailable for redirect responses
2026-08-26T05:08:15.182Z resource:omit http://fonts.gstatic.com/s/opensans/v44/memvYaGs126MiZpBA-UvWbX2vVnXBbObj2OVTUGmu0SC55K5gw.woff2 reason=response.body: Response body is unavailable for redirect responses
2026-08-26T05:08:15.367Z resource:omit http://fonts.gstatic.com/s/playfairdisplay/v40/nuFkD-vYSZviVYUb_rj3ij__anPXDTnogkk7yRZrPA.woff2 reason=response.body: Response body is unavailable for redirect responses
2026-08-26T05:08:15.528Z resource:omit http://www.google-analytics.com/ga.js reason=response.body: Response body is unavailable for redirect responses
2026-08-26T05:08:15.533Z resource:omit http://www.google-analytics.com/__utm.gif?utmwv=5.7.2&utms=20&utmn=1058220425&utmhn=edwards.yale.edu&utmcs=UTF-8&utmsr=1280x720&utmvp=1280x720&utmsc=24-bit&utmul=pl&utmje=0&utmfl=-&utmdt=Search%20WJE%20Online%20%7C%20The%20Jonathan%20Edwards%20Center%20at%20Yale%20University&utmhid=1266208379&utmr=-&utmp=%2Farchive%3Fpath%3DaHR0cDovL2Vkd2FyZHMueWFsZS5lZHUvY2dpLWJpbi9uZXdwaGlsby9nZXRvYmplY3QucGw%2FYy4xOTozOjI2Ny53amVv&utmht=1787720895530&utmac=UA-1489454-4&utmcc=__utma%3D258641246.309779702.1787720793.1787720793.1787720793.1%3B%2B__utmz%3D258641246.1787720793.1.1.utmcsr%3D(direct)%7Cutmccn%3D(direct)%7Cutmcmd%3D(none)%3B&utmjid=&utmu=qAAAAAAAAAAAAAAAAAAAAAAE~ reason=response.body: Response body is unavailable for redirect responses
2026-08-26T05:08:16.255Z scroll:stable height=1340 samples=6
2026-08-26T05:08:17.395Z complete:023.html html=36291 assets=18
2026-08-26T05:08:19.897Z resume:retry 024.html reason=manifest-incomplete
2026-08-26T05:08:19.898Z attempt:1/3 024.html
2026-08-26T05:08:19.898Z navigation:start http://edwards.yale.edu/archive?path=aHR0cDovL2Vkd2FyZHMueWFsZS5lZHUvY2dpLWJpbi9uZXdwaGlsby9nZXRvYmplY3QucGw/Yy4xOTozOjI2OC53amVv
2026-08-26T05:08:20.424Z resource:omit http://fonts.gstatic.com/s/opensans/v44/memvYaGs126MiZpBA-UvWbX2vVnXBbObj2OVTS-mu0SC55I.woff2 reason=response.body: Response body is unavailable for redirect responses
2026-08-26T05:08:20.426Z resource:omit http://fonts.gstatic.com/s/opensans/v44/memvYaGs126MiZpBA-UvWbX2vVnXBbObj2OVTUGmu0SC55K5gw.woff2 reason=response.body: Response body is unavailable for redirect responses
2026-08-26T05:08:20.426Z resource:omit http://fonts.gstatic.com/s/playfairdisplay/v40/nuFiD-vYSZviVYUb_rj3ij__anPXDTzYgEM86xQ.woff2 reason=response.body: Response body is unavailable for redirect responses
2026-08-26T05:08:20.614Z resource:omit http://fonts.gstatic.com/s/playfairdisplay/v40/nuFkD-vYSZviVYUb_rj3ij__anPXDTnogkk7yRZrPA.woff2 reason=response.body: Response body is unavailable for redirect responses
2026-08-26T05:08:20.863Z resource:omit http://www.google-analytics.com/ga.js reason=response.body: Response body is unavailable for redirect responses
2026-08-26T05:08:20.866Z resource:omit http://www.google-analytics.com/__utm.gif?utmwv=5.7.2&utms=21&utmn=911387978&utmhn=edwards.yale.edu&utmcs=UTF-8&utmsr=1280x720&utmvp=1280x720&utmsc=24-bit&utmul=pl&utmje=0&utmfl=-&utmdt=Search%20WJE%20Online%20%7C%20The%20Jonathan%20Edwards%20Center%20at%20Yale%20University&utmhid=1275270061&utmr=-&utmp=%2Farchive%3Fpath%3DaHR0cDovL2Vkd2FyZHMueWFsZS5lZHUvY2dpLWJpbi9uZXdwaGlsby9nZXRvYmplY3QucGw%2FYy4xOTozOjI2OC53amVv&utmht=1787720900864&utmac=UA-1489454-4&utmcc=__utma%3D258641246.309779702.1787720793.1787720793.1787720793.1%3B%2B__utmz%3D258641246.1787720793.1.1.utmcsr%3D(direct)%7Cutmccn%3D(direct)%7Cutmcmd%3D(none)%3B&utmjid=&utmu=qAAAAAAAAAAAAAAAAAAAAAAE~ reason=response.body: Response body is unavailable for redirect responses
2026-08-26T05:08:21.506Z scroll:stable height=1379 samples=6
2026-08-26T05:08:22.686Z complete:024.html html=36669 assets=18
2026-08-26T05:08:25.188Z resume:retry 025.html reason=manifest-incomplete
2026-08-26T05:08:25.189Z attempt:1/3 025.html
2026-08-26T05:08:25.189Z navigation:start http://edwards.yale.edu/archive?path=aHR0cDovL2Vkd2FyZHMueWFsZS5lZHUvY2dpLWJpbi9uZXdwaGlsby9nZXRvYmplY3QucGw/Yy4xOTozOjI2OS53amVv
2026-08-26T05:08:25.735Z resource:omit http://fonts.gstatic.com/s/opensans/v44/memvYaGs126MiZpBA-UvWbX2vVnXBbObj2OVTS-mu0SC55I.woff2 reason=response.body: Response body is unavailable for redirect responses
2026-08-26T05:08:25.735Z resource:omit http://fonts.gstatic.com/s/playfairdisplay/v40/nuFiD-vYSZviVYUb_rj3ij__anPXDTzYgEM86xQ.woff2 reason=response.body: Response body is unavailable for redirect responses
2026-08-26T05:08:25.735Z resource:omit http://fonts.gstatic.com/s/opensans/v44/memvYaGs126MiZpBA-UvWbX2vVnXBbObj2OVTUGmu0SC55K5gw.woff2 reason=response.body: Response body is unavailable for redirect responses
2026-08-26T05:08:25.921Z resource:omit http://fonts.gstatic.com/s/playfairdisplay/v40/nuFkD-vYSZviVYUb_rj3ij__anPXDTnogkk7yRZrPA.woff2 reason=response.body: Response body is unavailable for redirect responses
2026-08-26T05:08:26.108Z resource:omit http://www.google-analytics.com/ga.js reason=response.body: Response body is unavailable for redirect responses
2026-08-26T05:08:26.114Z resource:omit http://www.google-analytics.com/__utm.gif?utmwv=5.7.2&utms=22&utmn=1281725323&utmhn=edwards.yale.edu&utmcs=UTF-8&utmsr=1280x720&utmvp=1280x720&utmsc=24-bit&utmul=pl&utmje=0&utmfl=-&utmdt=Search%20WJE%20Online%20%7C%20The%20Jonathan%20Edwards%20Center%20at%20Yale%20University&utmhid=812546801&utmr=-&utmp=%2Farchive%3Fpath%3DaHR0cDovL2Vkd2FyZHMueWFsZS5lZHUvY2dpLWJpbi9uZXdwaGlsby9nZXRvYmplY3QucGw%2FYy4xOTozOjI2OS53amVv&utmht=1787720906111&utmac=UA-1489454-4&utmcc=__utma%3D258641246.309779702.1787720793.1787720793.1787720793.1%3B%2B__utmz%3D258641246.1787720793.1.1.utmcsr%3D(direct)%7Cutmccn%3D(direct)%7Cutmcmd%3D(none)%3B&utmjid=&utmu=qAAAAAAAAAAAAAAAAAAAAAAE~ reason=response.body: Response body is unavailable for redirect responses
2026-08-26T05:08:26.758Z scroll:stable height=1457 samples=6
2026-08-26T05:08:27.900Z complete:025.html html=37335 assets=18
2026-08-26T05:08:30.401Z resume:retry 026.html reason=manifest-incomplete
2026-08-26T05:08:30.402Z attempt:1/3 026.html
2026-08-26T05:08:30.403Z navigation:start http://edwards.yale.edu/archive?path=aHR0cDovL2Vkd2FyZHMueWFsZS5lZHUvY2dpLWJpbi9uZXdwaGlsby9nZXRvYmplY3QucGw/Yy4xOTozOjI3MC53amVv
2026-08-26T05:08:30.925Z resource:omit http://fonts.gstatic.com/s/opensans/v44/memvYaGs126MiZpBA-UvWbX2vVnXBbObj2OVTS-mu0SC55I.woff2 reason=response.body: Response body is unavailable for redirect responses
2026-08-26T05:08:30.926Z resource:omit http://fonts.gstatic.com/s/playfairdisplay/v40/nuFiD-vYSZviVYUb_rj3ij__anPXDTzYgEM86xQ.woff2 reason=response.body: Response body is unavailable for redirect responses
2026-08-26T05:08:30.926Z resource:omit http://fonts.gstatic.com/s/opensans/v44/memvYaGs126MiZpBA-UvWbX2vVnXBbObj2OVTUGmu0SC55K5gw.woff2 reason=response.body: Response body is unavailable for redirect responses
2026-08-26T05:08:31.114Z resource:omit http://fonts.gstatic.com/s/playfairdisplay/v40/nuFkD-vYSZviVYUb_rj3ij__anPXDTnogkk7yRZrPA.woff2 reason=response.body: Response body is unavailable for redirect responses
2026-08-26T05:08:31.350Z resource:omit http://www.google-analytics.com/ga.js reason=response.body: Response body is unavailable for redirect responses
2026-08-26T05:08:31.357Z resource:omit http://www.google-analytics.com/__utm.gif?utmwv=5.7.2&utms=23&utmn=1832924148&utmhn=edwards.yale.edu&utmcs=UTF-8&utmsr=1280x720&utmvp=1280x720&utmsc=24-bit&utmul=pl&utmje=0&utmfl=-&utmdt=Search%20WJE%20Online%20%7C%20The%20Jonathan%20Edwards%20Center%20at%20Yale%20University&utmhid=940516669&utmr=-&utmp=%2Farchive%3Fpath%3DaHR0cDovL2Vkd2FyZHMueWFsZS5lZHUvY2dpLWJpbi9uZXdwaGlsby9nZXRvYmplY3QucGw%2FYy4xOTozOjI3MC53amVv&utmht=1787720911352&utmac=UA-1489454-4&utmcc=__utma%3D258641246.309779702.1787720793.1787720793.1787720793.1%3B%2B__utmz%3D258641246.1787720793.1.1.utmcsr%3D(direct)%7Cutmccn%3D(direct)%7Cutmcmd%3D(none)%3B&utmjid=&utmu=qAAAAAAAAAAAAAAAAAAAAAAE~ reason=response.body: Response body is unavailable for redirect responses
2026-08-26T05:08:31.871Z scroll:stable height=1156 samples=5
2026-08-26T05:08:33.138Z complete:026.html html=34885 assets=18
2026-08-26T05:08:35.641Z resume:retry 027.html reason=manifest-incomplete
2026-08-26T05:08:35.645Z attempt:1/3 027.html
2026-08-26T05:08:35.648Z navigation:start http://edwards.yale.edu/archive?path=aHR0cDovL2Vkd2FyZHMueWFsZS5lZHUvY2dpLWJpbi9uZXdwaGlsby9nZXRvYmplY3QucGw/Yy4xOTozOjI3MS53amVv
2026-08-26T05:08:36.183Z resource:omit http://fonts.gstatic.com/s/opensans/v44/memvYaGs126MiZpBA-UvWbX2vVnXBbObj2OVTS-mu0SC55I.woff2 reason=response.body: Response body is unavailable for redirect responses
2026-08-26T05:08:36.184Z resource:omit http://fonts.gstatic.com/s/playfairdisplay/v40/nuFiD-vYSZviVYUb_rj3ij__anPXDTzYgEM86xQ.woff2 reason=response.body: Response body is unavailable for redirect responses
2026-08-26T05:08:36.184Z resource:omit http://fonts.gstatic.com/s/opensans/v44/memvYaGs126MiZpBA-UvWbX2vVnXBbObj2OVTUGmu0SC55K5gw.woff2 reason=response.body: Response body is unavailable for redirect responses
2026-08-26T05:08:36.372Z resource:omit http://fonts.gstatic.com/s/playfairdisplay/v40/nuFkD-vYSZviVYUb_rj3ij__anPXDTnogkk7yRZrPA.woff2 reason=response.body: Response body is unavailable for redirect responses
2026-08-26T05:08:36.595Z resource:omit http://www.google-analytics.com/ga.js reason=response.body: Response body is unavailable for redirect responses
2026-08-26T05:08:36.601Z resource:omit http://www.google-analytics.com/__utm.gif?utmwv=5.7.2&utms=24&utmn=51848472&utmhn=edwards.yale.edu&utmcs=UTF-8&utmsr=1280x720&utmvp=1280x720&utmsc=24-bit&utmul=pl&utmje=0&utmfl=-&utmdt=Search%20WJE%20Online%20%7C%20The%20Jonathan%20Edwards%20Center%20at%20Yale%20University&utmhid=2049150618&utmr=-&utmp=%2Farchive%3Fpath%3DaHR0cDovL2Vkd2FyZHMueWFsZS5lZHUvY2dpLWJpbi9uZXdwaGlsby9nZXRvYmplY3QucGw%2FYy4xOTozOjI3MS53amVv&utmht=1787720916597&utmac=UA-1489454-4&utmcc=__utma%3D258641246.309779702.1787720793.1787720793.1787720793.1%3B%2B__utmz%3D258641246.1787720793.1.1.utmcsr%3D(direct)%7Cutmccn%3D(direct)%7Cutmcmd%3D(none)%3B&utmjid=&utmu=qAAAAAAAAAAAAAAAAAAAAAAE~ reason=response.body: Response body is unavailable for redirect responses
2026-08-26T05:08:37.237Z scroll:stable height=1639 samples=6
2026-08-26T05:08:38.403Z complete:027.html html=38801 assets=18
2026-08-26T05:08:40.904Z resume:retry 028.html reason=manifest-incomplete
2026-08-26T05:08:40.905Z attempt:1/3 028.html
2026-08-26T05:08:40.905Z navigation:start http://edwards.yale.edu/archive?path=aHR0cDovL2Vkd2FyZHMueWFsZS5lZHUvY2dpLWJpbi9uZXdwaGlsby9nZXRvYmplY3QucGw/Yy4xOTozOjI3Mi53amVv
2026-08-26T05:08:42.046Z resource:omit http://fonts.gstatic.com/s/opensans/v44/memvYaGs126MiZpBA-UvWbX2vVnXBbObj2OVTS-mu0SC55I.woff2 reason=response.body: Response body is unavailable for redirect responses
2026-08-26T05:08:42.047Z resource:omit http://fonts.gstatic.com/s/playfairdisplay/v40/nuFiD-vYSZviVYUb_rj3ij__anPXDTzYgEM86xQ.woff2 reason=response.body: Response body is unavailable for redirect responses
2026-08-26T05:08:42.047Z resource:omit http://fonts.gstatic.com/s/opensans/v44/memvYaGs126MiZpBA-UvWbX2vVnXBbObj2OVTUGmu0SC55K5gw.woff2 reason=response.body: Response body is unavailable for redirect responses
2026-08-26T05:08:42.377Z resource:omit http://fonts.gstatic.com/s/playfairdisplay/v40/nuFkD-vYSZviVYUb_rj3ij__anPXDTnogkk7yRZrPA.woff2 reason=response.body: Response body is unavailable for redirect responses
2026-08-26T05:08:42.541Z resource:omit http://www.google-analytics.com/ga.js reason=response.body: Response body is unavailable for redirect responses
2026-08-26T05:08:42.545Z resource:omit http://www.google-analytics.com/__utm.gif?utmwv=5.7.2&utms=25&utmn=1018443389&utmhn=edwards.yale.edu&utmcs=UTF-8&utmsr=1280x720&utmvp=1280x720&utmsc=24-bit&utmul=pl&utmje=0&utmfl=-&utmdt=Search%20WJE%20Online%20%7C%20The%20Jonathan%20Edwards%20Center%20at%20Yale%20University&utmhid=125107600&utmr=-&utmp=%2Farchive%3Fpath%3DaHR0cDovL2Vkd2FyZHMueWFsZS5lZHUvY2dpLWJpbi9uZXdwaGlsby9nZXRvYmplY3QucGw%2FYy4xOTozOjI3Mi53amVv&utmht=1787720922543&utmac=UA-1489454-4&utmcc=__utma%3D258641246.309779702.1787720793.1787720793.1787720793.1%3B%2B__utmz%3D258641246.1787720793.1.1.utmcsr%3D(direct)%7Cutmccn%3D(direct)%7Cutmcmd%3D(none)%3B&utmjid=&utmu=qAAAAAAAAAAAAAAAAAAAAAAE~ reason=response.body: Response body is unavailable for redirect responses
2026-08-26T05:08:43.184Z scroll:stable height=1240 samples=6
2026-08-26T05:08:44.424Z complete:028.html html=35849 assets=18
2026-08-26T05:08:46.926Z resume:retry 029.html reason=manifest-incomplete
2026-08-26T05:08:46.927Z attempt:1/3 029.html
2026-08-26T05:08:46.927Z navigation:start http://edwards.yale.edu/archive?path=aHR0cDovL2Vkd2FyZHMueWFsZS5lZHUvY2dpLWJpbi9uZXdwaGlsby9nZXRvYmplY3QucGw/Yy4xOTozOjI3My53amVv
2026-08-26T05:08:47.448Z resource:omit http://fonts.gstatic.com/s/opensans/v44/memvYaGs126MiZpBA-UvWbX2vVnXBbObj2OVTUGmu0SC55K5gw.woff2 reason=response.body: Response body is unavailable for redirect responses
2026-08-26T05:08:47.448Z resource:omit http://fonts.gstatic.com/s/opensans/v44/memvYaGs126MiZpBA-UvWbX2vVnXBbObj2OVTS-mu0SC55I.woff2 reason=response.body: Response body is unavailable for redirect responses
2026-08-26T05:08:47.448Z resource:omit http://fonts.gstatic.com/s/playfairdisplay/v40/nuFiD-vYSZviVYUb_rj3ij__anPXDTzYgEM86xQ.woff2 reason=response.body: Response body is unavailable for redirect responses
2026-08-26T05:08:47.795Z resource:omit http://www.google-analytics.com/ga.js reason=response.body: Response body is unavailable for redirect responses
2026-08-26T05:08:47.795Z resource:omit http://fonts.gstatic.com/s/playfairdisplay/v40/nuFkD-vYSZviVYUb_rj3ij__anPXDTnogkk7yRZrPA.woff2 reason=response.body: Response body is unavailable for redirect responses
2026-08-26T05:08:47.805Z resource:omit http://www.google-analytics.com/__utm.gif?utmwv=5.7.2&utms=26&utmn=810462135&utmhn=edwards.yale.edu&utmcs=UTF-8&utmsr=1280x720&utmvp=1280x720&utmsc=24-bit&utmul=pl&utmje=0&utmfl=-&utmdt=Search%20WJE%20Online%20%7C%20The%20Jonathan%20Edwards%20Center%20at%20Yale%20University&utmhid=1576916500&utmr=-&utmp=%2Farchive%3Fpath%3DaHR0cDovL2Vkd2FyZHMueWFsZS5lZHUvY2dpLWJpbi9uZXdwaGlsby9nZXRvYmplY3QucGw%2FYy4xOTozOjI3My53amVv&utmht=1787720927800&utmac=UA-1489454-4&utmcc=__utma%3D258641246.309779702.1787720793.1787720793.1787720793.1%3B%2B__utmz%3D258641246.1787720793.1.1.utmcsr%3D(direct)%7Cutmccn%3D(direct)%7Cutmcmd%3D(none)%3B&utmjid=&utmu=qAAAAAAAAAAAAAAAAAAAAAAE~ reason=response.body: Response body is unavailable for redirect responses
2026-08-26T05:08:48.440Z scroll:stable height=1383 samples=6
2026-08-26T05:08:49.674Z complete:029.html html=36390 assets=18
2026-08-26T05:08:52.175Z resume:retry 030.html reason=manifest-incomplete
2026-08-26T05:08:52.176Z attempt:1/3 030.html
2026-08-26T05:08:52.176Z navigation:start http://edwards.yale.edu/archive?path=aHR0cDovL2Vkd2FyZHMueWFsZS5lZHUvY2dpLWJpbi9uZXdwaGlsby9nZXRvYmplY3QucGw/Yy4xOTozOjI3NC53amVv
2026-08-26T05:08:52.700Z resource:omit http://fonts.gstatic.com/s/opensans/v44/memvYaGs126MiZpBA-UvWbX2vVnXBbObj2OVTS-mu0SC55I.woff2 reason=response.body: Response body is unavailable for redirect responses
2026-08-26T05:08:52.700Z resource:omit http://fonts.gstatic.com/s/playfairdisplay/v40/nuFiD-vYSZviVYUb_rj3ij__anPXDTzYgEM86xQ.woff2 reason=response.body: Response body is unavailable for redirect responses
2026-08-26T05:08:52.700Z resource:omit http://fonts.gstatic.com/s/opensans/v44/memvYaGs126MiZpBA-UvWbX2vVnXBbObj2OVTUGmu0SC55K5gw.woff2 reason=response.body: Response body is unavailable for redirect responses
2026-08-26T05:08:52.882Z resource:omit http://fonts.gstatic.com/s/playfairdisplay/v40/nuFkD-vYSZviVYUb_rj3ij__anPXDTnogkk7yRZrPA.woff2 reason=response.body: Response body is unavailable for redirect responses
2026-08-26T05:08:53.050Z resource:omit http://www.google-analytics.com/ga.js reason=response.body: Response body is unavailable for redirect responses
2026-08-26T05:08:53.055Z resource:omit http://www.google-analytics.com/__utm.gif?utmwv=5.7.2&utms=27&utmn=391268145&utmhn=edwards.yale.edu&utmcs=UTF-8&utmsr=1280x720&utmvp=1280x720&utmsc=24-bit&utmul=pl&utmje=0&utmfl=-&utmdt=Search%20WJE%20Online%20%7C%20The%20Jonathan%20Edwards%20Center%20at%20Yale%20University&utmhid=696609931&utmr=-&utmp=%2Farchive%3Fpath%3DaHR0cDovL2Vkd2FyZHMueWFsZS5lZHUvY2dpLWJpbi9uZXdwaGlsby9nZXRvYmplY3QucGw%2FYy4xOTozOjI3NC53amVv&utmht=1787720933052&utmac=UA-1489454-4&utmcc=__utma%3D258641246.309779702.1787720793.1787720793.1787720793.1%3B%2B__utmz%3D258641246.1787720793.1.1.utmcsr%3D(direct)%7Cutmccn%3D(direct)%7Cutmcmd%3D(none)%3B&utmjid=&utmu=qAAAAAAAAAAAAAAAAAAAAAAE~ reason=response.body: Response body is unavailable for redirect responses
2026-08-26T05:08:53.695Z scroll:stable height=1360 samples=6
2026-08-26T05:08:54.919Z complete:030.html html=36573 assets=18
2026-08-26T05:08:57.421Z resume:retry 031.html reason=manifest-incomplete
2026-08-26T05:08:57.422Z attempt:1/3 031.html
2026-08-26T05:08:57.422Z navigation:start http://edwards.yale.edu/archive?path=aHR0cDovL2Vkd2FyZHMueWFsZS5lZHUvY2dpLWJpbi9uZXdwaGlsby9nZXRvYmplY3QucGw/Yy4xOTozOjI3NS53amVv
2026-08-26T05:08:57.932Z resource:omit http://fonts.gstatic.com/s/opensans/v44/memvYaGs126MiZpBA-UvWbX2vVnXBbObj2OVTS-mu0SC55I.woff2 reason=response.body: Response body is unavailable for redirect responses
2026-08-26T05:08:57.932Z resource:omit http://fonts.gstatic.com/s/opensans/v44/memvYaGs126MiZpBA-UvWbX2vVnXBbObj2OVTUGmu0SC55K5gw.woff2 reason=response.body: Response body is unavailable for redirect responses
2026-08-26T05:08:57.932Z resource:omit http://fonts.gstatic.com/s/playfairdisplay/v40/nuFiD-vYSZviVYUb_rj3ij__anPXDTzYgEM86xQ.woff2 reason=response.body: Response body is unavailable for redirect responses
2026-08-26T05:08:58.116Z resource:omit http://fonts.gstatic.com/s/playfairdisplay/v40/nuFkD-vYSZviVYUb_rj3ij__anPXDTnogkk7yRZrPA.woff2 reason=response.body: Response body is unavailable for redirect responses
2026-08-26T05:08:58.270Z resource:omit http://www.google-analytics.com/ga.js reason=response.body: Response body is unavailable for redirect responses
2026-08-26T05:08:58.275Z resource:omit http://www.google-analytics.com/__utm.gif?utmwv=5.7.2&utms=28&utmn=511560869&utmhn=edwards.yale.edu&utmcs=UTF-8&utmsr=1280x720&utmvp=1280x720&utmsc=24-bit&utmul=pl&utmje=0&utmfl=-&utmdt=Search%20WJE%20Online%20%7C%20The%20Jonathan%20Edwards%20Center%20at%20Yale%20University&utmhid=768201049&utmr=-&utmp=%2Farchive%3Fpath%3DaHR0cDovL2Vkd2FyZHMueWFsZS5lZHUvY2dpLWJpbi9uZXdwaGlsby9nZXRvYmplY3QucGw%2FYy4xOTozOjI3NS53amVv&utmht=1787720938273&utmac=UA-1489454-4&utmcc=__utma%3D258641246.309779702.1787720793.1787720793.1787720793.1%3B%2B__utmz%3D258641246.1787720793.1.1.utmcsr%3D(direct)%7Cutmccn%3D(direct)%7Cutmcmd%3D(none)%3B&utmjid=&utmu=qAAAAAAAAAAAAAAAAAAAAAAE~ reason=response.body: Response body is unavailable for redirect responses
2026-08-26T05:08:58.914Z scroll:stable height=1376 samples=6
2026-08-26T05:09:00.161Z complete:031.html html=36539 assets=18
2026-08-26T05:09:02.662Z resume:retry 032.html reason=manifest-incomplete
2026-08-26T05:09:02.671Z attempt:1/3 032.html
2026-08-26T05:09:02.672Z navigation:start http://edwards.yale.edu/archive?path=aHR0cDovL2Vkd2FyZHMueWFsZS5lZHUvY2dpLWJpbi9uZXdwaGlsby9nZXRvYmplY3QucGw/Yy4xOTozOjI3Ni53amVv
2026-08-26T05:09:03.219Z resource:omit http://fonts.gstatic.com/s/opensans/v44/memvYaGs126MiZpBA-UvWbX2vVnXBbObj2OVTS-mu0SC55I.woff2 reason=response.body: Response body is unavailable for redirect responses
2026-08-26T05:09:03.219Z resource:omit http://fonts.gstatic.com/s/playfairdisplay/v40/nuFiD-vYSZviVYUb_rj3ij__anPXDTzYgEM86xQ.woff2 reason=response.body: Response body is unavailable for redirect responses
2026-08-26T05:09:03.219Z resource:omit http://fonts.gstatic.com/s/opensans/v44/memvYaGs126MiZpBA-UvWbX2vVnXBbObj2OVTUGmu0SC55K5gw.woff2 reason=response.body: Response body is unavailable for redirect responses
2026-08-26T05:09:03.394Z resource:omit http://fonts.gstatic.com/s/playfairdisplay/v40/nuFkD-vYSZviVYUb_rj3ij__anPXDTnogkk7yRZrPA.woff2 reason=response.body: Response body is unavailable for redirect responses
2026-08-26T05:09:03.557Z resource:omit http://www.google-analytics.com/ga.js reason=response.body: Response body is unavailable for redirect responses
2026-08-26T05:09:03.562Z resource:omit http://www.google-analytics.com/__utm.gif?utmwv=5.7.2&utms=29&utmn=177606121&utmhn=edwards.yale.edu&utmcs=UTF-8&utmsr=1280x720&utmvp=1280x720&utmsc=24-bit&utmul=pl&utmje=0&utmfl=-&utmdt=Search%20WJE%20Online%20%7C%20The%20Jonathan%20Edwards%20Center%20at%20Yale%20University&utmhid=721043842&utmr=-&utmp=%2Farchive%3Fpath%3DaHR0cDovL2Vkd2FyZHMueWFsZS5lZHUvY2dpLWJpbi9uZXdwaGlsby9nZXRvYmplY3QucGw%2FYy4xOTozOjI3Ni53amVv&utmht=1787720943560&utmac=UA-1489454-4&utmcc=__utma%3D258641246.309779702.1787720793.1787720793.1787720793.1%3B%2B__utmz%3D258641246.1787720793.1.1.utmcsr%3D(direct)%7Cutmccn%3D(direct)%7Cutmcmd%3D(none)%3B&utmjid=&utmu=qAAAAAAAAAAAAAAAAAAAAAAE~ reason=response.body: Response body is unavailable for redirect responses
2026-08-26T05:09:04.202Z scroll:stable height=1200 samples=6
2026-08-26T05:09:05.397Z complete:032.html html=35316 assets=18
2026-08-26T05:09:07.899Z resume:retry 033.html reason=manifest-incomplete
2026-08-26T05:09:07.900Z attempt:1/3 033.html
2026-08-26T05:09:07.900Z navigation:start http://edwards.yale.edu/archive?path=aHR0cDovL2Vkd2FyZHMueWFsZS5lZHUvY2dpLWJpbi9uZXdwaGlsby9nZXRvYmplY3QucGw/Yy4xOTozOjI3Ny53amVv
2026-08-26T05:09:08.436Z resource:omit http://fonts.gstatic.com/s/opensans/v44/memvYaGs126MiZpBA-UvWbX2vVnXBbObj2OVTS-mu0SC55I.woff2 reason=response.body: Response body is unavailable for redirect responses
2026-08-26T05:09:08.436Z resource:omit http://fonts.gstatic.com/s/playfairdisplay/v40/nuFiD-vYSZviVYUb_rj3ij__anPXDTzYgEM86xQ.woff2 reason=response.body: Response body is unavailable for redirect responses
2026-08-26T05:09:08.436Z resource:omit http://fonts.gstatic.com/s/opensans/v44/memvYaGs126MiZpBA-UvWbX2vVnXBbObj2OVTUGmu0SC55K5gw.woff2 reason=response.body: Response body is unavailable for redirect responses
2026-08-26T05:09:08.633Z resource:omit http://fonts.gstatic.com/s/playfairdisplay/v40/nuFkD-vYSZviVYUb_rj3ij__anPXDTnogkk7yRZrPA.woff2 reason=response.body: Response body is unavailable for redirect responses
2026-08-26T05:09:08.796Z resource:omit http://www.google-analytics.com/ga.js reason=response.body: Response body is unavailable for redirect responses
2026-08-26T05:09:08.802Z resource:omit http://www.google-analytics.com/__utm.gif?utmwv=5.7.2&utms=30&utmn=204372288&utmhn=edwards.yale.edu&utmcs=UTF-8&utmsr=1280x720&utmvp=1280x720&utmsc=24-bit&utmul=pl&utmje=0&utmfl=-&utmdt=Search%20WJE%20Online%20%7C%20The%20Jonathan%20Edwards%20Center%20at%20Yale%20University&utmhid=1653490524&utmr=-&utmp=%2Farchive%3Fpath%3DaHR0cDovL2Vkd2FyZHMueWFsZS5lZHUvY2dpLWJpbi9uZXdwaGlsby9nZXRvYmplY3QucGw%2FYy4xOTozOjI3Ny53amVv&utmht=1787720948796&utmac=UA-1489454-4&utmcc=__utma%3D258641246.309779702.1787720793.1787720793.1787720793.1%3B%2B__utmz%3D258641246.1787720793.1.1.utmcsr%3D(direct)%7Cutmccn%3D(direct)%7Cutmcmd%3D(none)%3B&utmjid=&utmu=qAAAAAAAAAAAAAAAAAAAAAAE~ reason=response.body: Response body is unavailable for redirect responses
2026-08-26T05:09:09.438Z scroll:stable height=1200 samples=6
2026-08-26T05:09:10.671Z complete:033.html html=35305 assets=18
2026-08-26T05:09:13.172Z resume:retry 034.html reason=manifest-incomplete
2026-08-26T05:09:13.173Z attempt:1/3 034.html
2026-08-26T05:09:13.173Z navigation:start http://edwards.yale.edu/archive?path=aHR0cDovL2Vkd2FyZHMueWFsZS5lZHUvY2dpLWJpbi9uZXdwaGlsby9nZXRvYmplY3QucGw/Yy4xOTozOjI3OC53amVv
2026-08-26T05:09:13.711Z resource:omit http://fonts.gstatic.com/s/opensans/v44/memvYaGs126MiZpBA-UvWbX2vVnXBbObj2OVTUGmu0SC55K5gw.woff2 reason=response.body: Response body is unavailable for redirect responses
2026-08-26T05:09:13.711Z resource:omit http://fonts.gstatic.com/s/opensans/v44/memvYaGs126MiZpBA-UvWbX2vVnXBbObj2OVTS-mu0SC55I.woff2 reason=response.body: Response body is unavailable for redirect responses
2026-08-26T05:09:13.711Z resource:omit http://fonts.gstatic.com/s/playfairdisplay/v40/nuFiD-vYSZviVYUb_rj3ij__anPXDTzYgEM86xQ.woff2 reason=response.body: Response body is unavailable for redirect responses
2026-08-26T05:09:13.908Z resource:omit http://fonts.gstatic.com/s/playfairdisplay/v40/nuFkD-vYSZviVYUb_rj3ij__anPXDTnogkk7yRZrPA.woff2 reason=response.body: Response body is unavailable for redirect responses
2026-08-26T05:09:14.066Z resource:omit http://www.google-analytics.com/ga.js reason=response.body: Response body is unavailable for redirect responses
2026-08-26T05:09:14.072Z resource:omit http://www.google-analytics.com/__utm.gif?utmwv=5.7.2&utms=31&utmn=864370786&utmhn=edwards.yale.edu&utmcs=UTF-8&utmsr=1280x720&utmvp=1280x720&utmsc=24-bit&utmul=pl&utmje=0&utmfl=-&utmdt=Search%20WJE%20Online%20%7C%20The%20Jonathan%20Edwards%20Center%20at%20Yale%20University&utmhid=1774577685&utmr=-&utmp=%2Farchive%3Fpath%3DaHR0cDovL2Vkd2FyZHMueWFsZS5lZHUvY2dpLWJpbi9uZXdwaGlsby9nZXRvYmplY3QucGw%2FYy4xOTozOjI3OC53amVv&utmht=1787720954068&utmac=UA-1489454-4&utmcc=__utma%3D258641246.309779702.1787720793.1787720793.1787720793.1%3B%2B__utmz%3D258641246.1787720793.1.1.utmcsr%3D(direct)%7Cutmccn%3D(direct)%7Cutmcmd%3D(none)%3B&utmjid=&utmu=qAAAAAAAAAAAAAAAAAAAAAAE~ reason=response.body: Response body is unavailable for redirect responses
2026-08-26T05:09:14.593Z scroll:stable height=1176 samples=5
2026-08-26T05:09:16.132Z complete:034.html html=35242 assets=18
2026-08-26T05:09:18.634Z resume:retry 035.html reason=manifest-incomplete
2026-08-26T05:09:18.635Z attempt:1/3 035.html
2026-08-26T05:09:18.635Z navigation:start http://edwards.yale.edu/archive?path=aHR0cDovL2Vkd2FyZHMueWFsZS5lZHUvY2dpLWJpbi9uZXdwaGlsby9nZXRvYmplY3QucGw/Yy4xOTozOjI3OS53amVv
2026-08-26T05:09:19.169Z resource:omit http://fonts.gstatic.com/s/opensans/v44/memvYaGs126MiZpBA-UvWbX2vVnXBbObj2OVTS-mu0SC55I.woff2 reason=response.body: Response body is unavailable for redirect responses
2026-08-26T05:09:19.169Z resource:omit http://fonts.gstatic.com/s/playfairdisplay/v40/nuFiD-vYSZviVYUb_rj3ij__anPXDTzYgEM86xQ.woff2 reason=response.body: Response body is unavailable for redirect responses
2026-08-26T05:09:19.169Z resource:omit http://fonts.gstatic.com/s/opensans/v44/memvYaGs126MiZpBA-UvWbX2vVnXBbObj2OVTUGmu0SC55K5gw.woff2 reason=response.body: Response body is unavailable for redirect responses
2026-08-26T05:09:19.359Z resource:omit http://fonts.gstatic.com/s/playfairdisplay/v40/nuFkD-vYSZviVYUb_rj3ij__anPXDTnogkk7yRZrPA.woff2 reason=response.body: Response body is unavailable for redirect responses
2026-08-26T05:09:19.654Z resource:omit http://www.google-analytics.com/ga.js reason=response.body: Response body is unavailable for redirect responses
2026-08-26T05:09:19.659Z resource:omit http://www.google-analytics.com/__utm.gif?utmwv=5.7.2&utms=32&utmn=1348744030&utmhn=edwards.yale.edu&utmcs=UTF-8&utmsr=1280x720&utmvp=1280x720&utmsc=24-bit&utmul=pl&utmje=0&utmfl=-&utmdt=Search%20WJE%20Online%20%7C%20The%20Jonathan%20Edwards%20Center%20at%20Yale%20University&utmhid=1913154332&utmr=-&utmp=%2Farchive%3Fpath%3DaHR0cDovL2Vkd2FyZHMueWFsZS5lZHUvY2dpLWJpbi9uZXdwaGlsby9nZXRvYmplY3QucGw%2FYy4xOTozOjI3OS53amVv&utmht=1787720959656&utmac=UA-1489454-4&utmcc=__utma%3D258641246.309779702.1787720793.1787720793.1787720793.1%3B%2B__utmz%3D258641246.1787720793.1.1.utmcsr%3D(direct)%7Cutmccn%3D(direct)%7Cutmcmd%3D(none)%3B&utmjid=&utmu=qAAAAAAAAAAAAAAAAAAAAAAE~ reason=response.body: Response body is unavailable for redirect responses
2026-08-26T05:09:20.325Z scroll:stable height=1383 samples=6
2026-08-26T05:09:21.487Z complete:035.html html=37262 assets=18
2026-08-26T05:09:23.988Z resume:retry 036.html reason=manifest-incomplete
2026-08-26T05:09:23.989Z attempt:1/3 036.html
2026-08-26T05:09:23.990Z navigation:start http://edwards.yale.edu/archive?path=aHR0cDovL2Vkd2FyZHMueWFsZS5lZHUvY2dpLWJpbi9uZXdwaGlsby9nZXRvYmplY3QucGw/Yy4xOTozOjI4MC53amVv
2026-08-26T05:09:24.846Z resource:omit http://fonts.gstatic.com/s/opensans/v44/memvYaGs126MiZpBA-UvWbX2vVnXBbObj2OVTS-mu0SC55I.woff2 reason=response.body: Response body is unavailable for redirect responses
2026-08-26T05:09:24.846Z resource:omit http://fonts.gstatic.com/s/playfairdisplay/v40/nuFiD-vYSZviVYUb_rj3ij__anPXDTzYgEM86xQ.woff2 reason=response.body: Response body is unavailable for redirect responses
2026-08-26T05:09:24.846Z resource:omit http://fonts.gstatic.com/s/opensans/v44/memvYaGs126MiZpBA-UvWbX2vVnXBbObj2OVTUGmu0SC55K5gw.woff2 reason=response.body: Response body is unavailable for redirect responses
2026-08-26T05:09:25.025Z resource:omit http://fonts.gstatic.com/s/playfairdisplay/v40/nuFkD-vYSZviVYUb_rj3ij__anPXDTnogkk7yRZrPA.woff2 reason=response.body: Response body is unavailable for redirect responses
2026-08-26T05:09:25.174Z resource:omit http://www.google-analytics.com/ga.js reason=response.body: Response body is unavailable for redirect responses
2026-08-26T05:09:25.179Z resource:omit http://www.google-analytics.com/__utm.gif?utmwv=5.7.2&utms=33&utmn=1469251479&utmhn=edwards.yale.edu&utmcs=UTF-8&utmsr=1280x720&utmvp=1280x720&utmsc=24-bit&utmul=pl&utmje=0&utmfl=-&utmdt=Search%20WJE%20Online%20%7C%20The%20Jonathan%20Edwards%20Center%20at%20Yale%20University&utmhid=947430425&utmr=-&utmp=%2Farchive%3Fpath%3DaHR0cDovL2Vkd2FyZHMueWFsZS5lZHUvY2dpLWJpbi9uZXdwaGlsby9nZXRvYmplY3QucGw%2FYy4xOTozOjI4MC53amVv&utmht=1787720965177&utmac=UA-1489454-4&utmcc=__utma%3D258641246.309779702.1787720793.1787720793.1787720793.1%3B%2B__utmz%3D258641246.1787720793.1.1.utmcsr%3D(direct)%7Cutmccn%3D(direct)%7Cutmcmd%3D(none)%3B&utmjid=&utmu=qAAAAAAAAAAAAAAAAAAAAAAE~ reason=response.body: Response body is unavailable for redirect responses
2026-08-26T05:09:25.985Z scroll:stable height=1300 samples=6
2026-08-26T05:09:27.144Z complete:036.html html=37210 assets=18
2026-08-26T05:09:29.645Z resume:retry 037.html reason=manifest-incomplete
2026-08-26T05:09:29.647Z attempt:1/3 037.html
2026-08-26T05:09:29.647Z navigation:start http://edwards.yale.edu/archive?path=aHR0cDovL2Vkd2FyZHMueWFsZS5lZHUvY2dpLWJpbi9uZXdwaGlsby9nZXRvYmplY3QucGw/Yy4xOTozOjI4MS53amVv
2026-08-26T05:09:30.170Z resource:omit http://fonts.gstatic.com/s/opensans/v44/memvYaGs126MiZpBA-UvWbX2vVnXBbObj2OVTS-mu0SC55I.woff2 reason=response.body: Response body is unavailable for redirect responses
2026-08-26T05:09:30.170Z resource:omit http://fonts.gstatic.com/s/playfairdisplay/v40/nuFiD-vYSZviVYUb_rj3ij__anPXDTzYgEM86xQ.woff2 reason=response.body: Response body is unavailable for redirect responses
2026-08-26T05:09:30.170Z resource:omit http://fonts.gstatic.com/s/opensans/v44/memvYaGs126MiZpBA-UvWbX2vVnXBbObj2OVTUGmu0SC55K5gw.woff2 reason=response.body: Response body is unavailable for redirect responses
2026-08-26T05:09:30.367Z resource:omit http://fonts.gstatic.com/s/playfairdisplay/v40/nuFkD-vYSZviVYUb_rj3ij__anPXDTnogkk7yRZrPA.woff2 reason=response.body: Response body is unavailable for redirect responses
2026-08-26T05:09:30.598Z resource:omit http://www.google-analytics.com/ga.js reason=response.body: Response body is unavailable for redirect responses
2026-08-26T05:09:30.603Z resource:omit http://www.google-analytics.com/__utm.gif?utmwv=5.7.2&utms=34&utmn=1463618677&utmhn=edwards.yale.edu&utmcs=UTF-8&utmsr=1280x720&utmvp=1280x720&utmsc=24-bit&utmul=pl&utmje=0&utmfl=-&utmdt=Search%20WJE%20Online%20%7C%20The%20Jonathan%20Edwards%20Center%20at%20Yale%20University&utmhid=1191309759&utmr=-&utmp=%2Farchive%3Fpath%3DaHR0cDovL2Vkd2FyZHMueWFsZS5lZHUvY2dpLWJpbi9uZXdwaGlsby9nZXRvYmplY3QucGw%2FYy4xOTozOjI4MS53amVv&utmht=1787720970601&utmac=UA-1489454-4&utmcc=__utma%3D258641246.309779702.1787720793.1787720793.1787720793.1%3B%2B__utmz%3D258641246.1787720793.1.1.utmcsr%3D(direct)%7Cutmccn%3D(direct)%7Cutmcmd%3D(none)%3B&utmjid=&utmu=qAAAAAAAAAAAAAAAAAAAAAAE~ reason=response.body: Response body is unavailable for redirect responses
2026-08-26T05:09:31.121Z scroll:stable height=1156 samples=5
2026-08-26T05:09:32.394Z complete:037.html html=35510 assets=18
2026-08-26T05:09:34.896Z resume:retry 038.html reason=manifest-incomplete
2026-08-26T05:09:34.897Z attempt:1/3 038.html
2026-08-26T05:09:34.897Z navigation:start http://edwards.yale.edu/archive?path=aHR0cDovL2Vkd2FyZHMueWFsZS5lZHUvY2dpLWJpbi9uZXdwaGlsby9nZXRvYmplY3QucGw/Yy4xOTozOjI4Mi53amVv
2026-08-26T05:09:35.667Z resource:omit http://fonts.gstatic.com/s/opensans/v44/memvYaGs126MiZpBA-UvWbX2vVnXBbObj2OVTS-mu0SC55I.woff2 reason=response.body: Response body is unavailable for redirect responses
2026-08-26T05:09:35.667Z resource:omit http://fonts.gstatic.com/s/playfairdisplay/v40/nuFiD-vYSZviVYUb_rj3ij__anPXDTzYgEM86xQ.woff2 reason=response.body: Response body is unavailable for redirect responses
2026-08-26T05:09:35.668Z resource:omit http://fonts.gstatic.com/s/opensans/v44/memvYaGs126MiZpBA-UvWbX2vVnXBbObj2OVTUGmu0SC55K5gw.woff2 reason=response.body: Response body is unavailable for redirect responses
2026-08-26T05:09:36.234Z resource:omit http://fonts.gstatic.com/s/playfairdisplay/v40/nuFkD-vYSZviVYUb_rj3ij__anPXDTnogkk7yRZrPA.woff2 reason=response.body: Response body is unavailable for redirect responses
2026-08-26T05:09:36.397Z resource:omit http://www.google-analytics.com/ga.js reason=response.body: Response body is unavailable for redirect responses
2026-08-26T05:09:36.402Z resource:omit http://www.google-analytics.com/__utm.gif?utmwv=5.7.2&utms=35&utmn=1474745619&utmhn=edwards.yale.edu&utmcs=UTF-8&utmsr=1280x720&utmvp=1280x720&utmsc=24-bit&utmul=pl&utmje=0&utmfl=-&utmdt=Search%20WJE%20Online%20%7C%20The%20Jonathan%20Edwards%20Center%20at%20Yale%20University&utmhid=1109689648&utmr=-&utmp=%2Farchive%3Fpath%3DaHR0cDovL2Vkd2FyZHMueWFsZS5lZHUvY2dpLWJpbi9uZXdwaGlsby9nZXRvYmplY3QucGw%2FYy4xOTozOjI4Mi53amVv&utmht=1787720976400&utmac=UA-1489454-4&utmcc=__utma%3D258641246.309779702.1787720793.1787720793.1787720793.1%3B%2B__utmz%3D258641246.1787720793.1.1.utmcsr%3D(direct)%7Cutmccn%3D(direct)%7Cutmcmd%3D(none)%3B&utmjid=&utmu=qAAAAAAAAAAAAAAAAAAAAAAE~ reason=response.body: Response body is unavailable for redirect responses
2026-08-26T05:09:37.078Z scroll:stable height=1403 samples=6
2026-08-26T05:09:39.189Z complete:038.html html=36491 assets=18
2026-08-26T05:09:41.695Z resume:retry 039.html reason=manifest-incomplete
2026-08-26T05:09:41.699Z attempt:1/3 039.html
2026-08-26T05:09:41.701Z navigation:start http://edwards.yale.edu/archive?path=aHR0cDovL2Vkd2FyZHMueWFsZS5lZHUvY2dpLWJpbi9uZXdwaGlsby9nZXRvYmplY3QucGw/Yy4xOTozOjI4My53amVv
2026-08-26T05:09:42.207Z resource:omit http://fonts.gstatic.com/s/opensans/v44/memvYaGs126MiZpBA-UvWbX2vVnXBbObj2OVTS-mu0SC55I.woff2 reason=response.body: Response body is unavailable for redirect responses
2026-08-26T05:09:42.207Z resource:omit http://fonts.gstatic.com/s/opensans/v44/memvYaGs126MiZpBA-UvWbX2vVnXBbObj2OVTUGmu0SC55K5gw.woff2 reason=response.body: Response body is unavailable for redirect responses
2026-08-26T05:09:42.207Z resource:omit http://fonts.gstatic.com/s/playfairdisplay/v40/nuFiD-vYSZviVYUb_rj3ij__anPXDTzYgEM86xQ.woff2 reason=response.body: Response body is unavailable for redirect responses
2026-08-26T05:09:42.392Z resource:omit http://fonts.gstatic.com/s/playfairdisplay/v40/nuFkD-vYSZviVYUb_rj3ij__anPXDTnogkk7yRZrPA.woff2 reason=response.body: Response body is unavailable for redirect responses
2026-08-26T05:09:42.552Z resource:omit http://www.google-analytics.com/ga.js reason=response.body: Response body is unavailable for redirect responses
2026-08-26T05:09:42.557Z resource:omit http://www.google-analytics.com/__utm.gif?utmwv=5.7.2&utms=36&utmn=963124183&utmhn=edwards.yale.edu&utmcs=UTF-8&utmsr=1280x720&utmvp=1280x720&utmsc=24-bit&utmul=pl&utmje=0&utmfl=-&utmdt=Search%20WJE%20Online%20%7C%20The%20Jonathan%20Edwards%20Center%20at%20Yale%20University&utmhid=538063936&utmr=-&utmp=%2Farchive%3Fpath%3DaHR0cDovL2Vkd2FyZHMueWFsZS5lZHUvY2dpLWJpbi9uZXdwaGlsby9nZXRvYmplY3QucGw%2FYy4xOTozOjI4My53amVv&utmht=1787720982554&utmac=UA-1489454-4&utmcc=__utma%3D258641246.309779702.1787720793.1787720793.1787720793.1%3B%2B__utmz%3D258641246.1787720793.1.1.utmcsr%3D(direct)%7Cutmccn%3D(direct)%7Cutmcmd%3D(none)%3B&utmjid=&utmu=qAAAAAAAAAAAAAAAAAAAAAAE~ reason=response.body: Response body is unavailable for redirect responses
2026-08-26T05:09:43.266Z scroll:stable height=1276 samples=6
2026-08-26T05:09:44.418Z complete:039.html html=36913 assets=18
2026-08-26T05:09:46.919Z resume:retry 040.html reason=manifest-incomplete
2026-08-26T05:09:46.920Z attempt:1/3 040.html
2026-08-26T05:09:46.920Z navigation:start http://edwards.yale.edu/archive?path=aHR0cDovL2Vkd2FyZHMueWFsZS5lZHUvY2dpLWJpbi9uZXdwaGlsby9nZXRvYmplY3QucGw/Yy4xOTozOjI4NC53amVv
2026-08-26T05:09:47.439Z resource:omit http://fonts.gstatic.com/s/opensans/v44/memvYaGs126MiZpBA-UvWbX2vVnXBbObj2OVTS-mu0SC55I.woff2 reason=response.body: Response body is unavailable for redirect responses
2026-08-26T05:09:47.440Z resource:omit http://fonts.gstatic.com/s/playfairdisplay/v40/nuFiD-vYSZviVYUb_rj3ij__anPXDTzYgEM86xQ.woff2 reason=response.body: Response body is unavailable for redirect responses
2026-08-26T05:09:47.440Z resource:omit http://fonts.gstatic.com/s/opensans/v44/memvYaGs126MiZpBA-UvWbX2vVnXBbObj2OVTUGmu0SC55K5gw.woff2 reason=response.body: Response body is unavailable for redirect responses
2026-08-26T05:09:47.643Z resource:omit http://fonts.gstatic.com/s/playfairdisplay/v40/nuFkD-vYSZviVYUb_rj3ij__anPXDTnogkk7yRZrPA.woff2 reason=response.body: Response body is unavailable for redirect responses
2026-08-26T05:09:47.802Z resource:omit http://www.google-analytics.com/ga.js reason=response.body: Response body is unavailable for redirect responses
2026-08-26T05:09:47.806Z resource:omit http://www.google-analytics.com/__utm.gif?utmwv=5.7.2&utms=37&utmn=2092914288&utmhn=edwards.yale.edu&utmcs=UTF-8&utmsr=1280x720&utmvp=1280x720&utmsc=24-bit&utmul=pl&utmje=0&utmfl=-&utmdt=Search%20WJE%20Online%20%7C%20The%20Jonathan%20Edwards%20Center%20at%20Yale%20University&utmhid=29579390&utmr=-&utmp=%2Farchive%3Fpath%3DaHR0cDovL2Vkd2FyZHMueWFsZS5lZHUvY2dpLWJpbi9uZXdwaGlsby9nZXRvYmplY3QucGw%2FYy4xOTozOjI4NC53amVv&utmht=1787720987801&utmac=UA-1489454-4&utmcc=__utma%3D258641246.309779702.1787720793.1787720793.1787720793.1%3B%2B__utmz%3D258641246.1787720793.1.1.utmcsr%3D(direct)%7Cutmccn%3D(direct)%7Cutmcmd%3D(none)%3B&utmjid=&utmu=qAAAAAAAAAAAAAAAAAAAAAAE~ reason=response.body: Response body is unavailable for redirect responses
2026-08-26T05:09:48.527Z scroll:stable height=1283 samples=6
2026-08-26T05:09:49.667Z complete:040.html html=35430 assets=18
2026-08-26T05:09:52.168Z resume:retry 041.html reason=manifest-incomplete
2026-08-26T05:09:52.169Z attempt:1/3 041.html
2026-08-26T05:09:52.169Z navigation:start http://edwards.yale.edu/archive?path=aHR0cDovL2Vkd2FyZHMueWFsZS5lZHUvY2dpLWJpbi9uZXdwaGlsby9nZXRvYmplY3QucGw/Yy4xOTozOjI4NS53amVv
2026-08-26T05:09:52.711Z resource:omit http://fonts.gstatic.com/s/opensans/v44/memvYaGs126MiZpBA-UvWbX2vVnXBbObj2OVTS-mu0SC55I.woff2 reason=response.body: Response body is unavailable for redirect responses
2026-08-26T05:09:52.711Z resource:omit http://fonts.gstatic.com/s/playfairdisplay/v40/nuFiD-vYSZviVYUb_rj3ij__anPXDTzYgEM86xQ.woff2 reason=response.body: Response body is unavailable for redirect responses
2026-08-26T05:09:52.711Z resource:omit http://fonts.gstatic.com/s/opensans/v44/memvYaGs126MiZpBA-UvWbX2vVnXBbObj2OVTUGmu0SC55K5gw.woff2 reason=response.body: Response body is unavailable for redirect responses
2026-08-26T05:09:53.048Z resource:omit http://fonts.gstatic.com/s/playfairdisplay/v40/nuFkD-vYSZviVYUb_rj3ij__anPXDTnogkk7yRZrPA.woff2 reason=response.body: Response body is unavailable for redirect responses
2026-08-26T05:09:53.049Z resource:omit http://www.google-analytics.com/ga.js reason=response.body: Response body is unavailable for redirect responses
2026-08-26T05:09:53.056Z resource:omit http://www.google-analytics.com/__utm.gif?utmwv=5.7.2&utms=38&utmn=254621699&utmhn=edwards.yale.edu&utmcs=UTF-8&utmsr=1280x720&utmvp=1280x720&utmsc=24-bit&utmul=pl&utmje=0&utmfl=-&utmdt=Search%20WJE%20Online%20%7C%20The%20Jonathan%20Edwards%20Center%20at%20Yale%20University&utmhid=1273374945&utmr=-&utmp=%2Farchive%3Fpath%3DaHR0cDovL2Vkd2FyZHMueWFsZS5lZHUvY2dpLWJpbi9uZXdwaGlsby9nZXRvYmplY3QucGw%2FYy4xOTozOjI4NS53amVv&utmht=1787720993052&utmac=UA-1489454-4&utmcc=__utma%3D258641246.309779702.1787720793.1787720793.1787720793.1%3B%2B__utmz%3D258641246.1787720793.1.1.utmcsr%3D(direct)%7Cutmccn%3D(direct)%7Cutmcmd%3D(none)%3B&utmjid=&utmu=qAAAAAAAAAAAAAAAAAAAAAAE~ reason=response.body: Response body is unavailable for redirect responses
2026-08-26T05:09:53.777Z scroll:stable height=1515 samples=6
2026-08-26T05:09:54.918Z complete:041.html html=37110 assets=18
2026-08-26T05:09:57.419Z resume:retry 042.html reason=manifest-incomplete
2026-08-26T05:09:57.419Z attempt:1/3 042.html
2026-08-26T05:09:57.419Z navigation:start http://edwards.yale.edu/archive?path=aHR0cDovL2Vkd2FyZHMueWFsZS5lZHUvY2dpLWJpbi9uZXdwaGlsby9nZXRvYmplY3QucGw/Yy4xOTozOjI4Ni53amVv
2026-08-26T05:09:57.909Z resource:omit http://fonts.gstatic.com/s/playfairdisplay/v40/nuFiD-vYSZviVYUb_rj3ij__anPXDTzYgEM86xQ.woff2 reason=response.body: Response body is unavailable for redirect responses
2026-08-26T05:09:57.909Z resource:omit http://fonts.gstatic.com/s/opensans/v44/memvYaGs126MiZpBA-UvWbX2vVnXBbObj2OVTS-mu0SC55I.woff2 reason=response.body: Response body is unavailable for redirect responses
2026-08-26T05:09:57.909Z resource:omit http://fonts.gstatic.com/s/opensans/v44/memvYaGs126MiZpBA-UvWbX2vVnXBbObj2OVTUGmu0SC55K5gw.woff2 reason=response.body: Response body is unavailable for redirect responses
2026-08-26T05:09:58.092Z resource:omit http://fonts.gstatic.com/s/playfairdisplay/v40/nuFkD-vYSZviVYUb_rj3ij__anPXDTnogkk7yRZrPA.woff2 reason=response.body: Response body is unavailable for redirect responses
2026-08-26T05:09:58.246Z resource:omit http://www.google-analytics.com/ga.js reason=response.body: Response body is unavailable for redirect responses
2026-08-26T05:09:58.250Z resource:omit http://www.google-analytics.com/__utm.gif?utmwv=5.7.2&utms=39&utmn=762734580&utmhn=edwards.yale.edu&utmcs=UTF-8&utmsr=1280x720&utmvp=1280x720&utmsc=24-bit&utmul=pl&utmje=0&utmfl=-&utmdt=Search%20WJE%20Online%20%7C%20The%20Jonathan%20Edwards%20Center%20at%20Yale%20University&utmhid=1666653901&utmr=-&utmp=%2Farchive%3Fpath%3DaHR0cDovL2Vkd2FyZHMueWFsZS5lZHUvY2dpLWJpbi9uZXdwaGlsby9nZXRvYmplY3QucGw%2FYy4xOTozOjI4Ni53amVv&utmht=1787720998248&utmac=UA-1489454-4&utmcc=__utma%3D258641246.309779702.1787720793.1787720793.1787720793.1%3B%2B__utmz%3D258641246.1787720793.1.1.utmcsr%3D(direct)%7Cutmccn%3D(direct)%7Cutmcmd%3D(none)%3B&utmjid=&utmu=qAAAAAAAAAAAAAAAAAAAAAAE~ reason=response.body: Response body is unavailable for redirect responses
2026-08-26T05:09:58.769Z scroll:stable height=1216 samples=5
2026-08-26T05:10:00.102Z complete:042.html html=35316 assets=18
2026-08-26T05:10:02.603Z resume:retry 043.html reason=manifest-incomplete
2026-08-26T05:10:02.604Z attempt:1/3 043.html
2026-08-26T05:10:02.604Z navigation:start http://edwards.yale.edu/archive?path=aHR0cDovL2Vkd2FyZHMueWFsZS5lZHUvY2dpLWJpbi9uZXdwaGlsby9nZXRvYmplY3QucGw/Yy4xOTozOjI4Ny53amVv
2026-08-26T05:10:03.141Z resource:omit http://fonts.gstatic.com/s/opensans/v44/memvYaGs126MiZpBA-UvWbX2vVnXBbObj2OVTS-mu0SC55I.woff2 reason=response.body: Response body is unavailable for redirect responses
2026-08-26T05:10:03.141Z resource:omit http://fonts.gstatic.com/s/playfairdisplay/v40/nuFiD-vYSZviVYUb_rj3ij__anPXDTzYgEM86xQ.woff2 reason=response.body: Response body is unavailable for redirect responses
2026-08-26T05:10:03.143Z resource:omit http://fonts.gstatic.com/s/opensans/v44/memvYaGs126MiZpBA-UvWbX2vVnXBbObj2OVTUGmu0SC55K5gw.woff2 reason=response.body: Response body is unavailable for redirect responses
2026-08-26T05:10:03.326Z resource:omit http://fonts.gstatic.com/s/playfairdisplay/v40/nuFkD-vYSZviVYUb_rj3ij__anPXDTnogkk7yRZrPA.woff2 reason=response.body: Response body is unavailable for redirect responses
2026-08-26T05:10:03.486Z resource:omit http://www.google-analytics.com/ga.js reason=response.body: Response body is unavailable for redirect responses
2026-08-26T05:10:03.491Z resource:omit http://www.google-analytics.com/__utm.gif?utmwv=5.7.2&utms=40&utmn=1278787301&utmhn=edwards.yale.edu&utmcs=UTF-8&utmsr=1280x720&utmvp=1280x720&utmsc=24-bit&utmul=pl&utmje=0&utmfl=-&utmdt=Search%20WJE%20Online%20%7C%20The%20Jonathan%20Edwards%20Center%20at%20Yale%20University&utmhid=1316390101&utmr=-&utmp=%2Farchive%3Fpath%3DaHR0cDovL2Vkd2FyZHMueWFsZS5lZHUvY2dpLWJpbi9uZXdwaGlsby9nZXRvYmplY3QucGw%2FYy4xOTozOjI4Ny53amVv&utmht=1787721003489&utmac=UA-1489454-4&utmcc=__utma%3D258641246.309779702.1787720793.1787720793.1787720793.1%3B%2B__utmz%3D258641246.1787720793.1.1.utmcsr%3D(direct)%7Cutmccn%3D(direct)%7Cutmcmd%3D(none)%3B&utmjid=&utmu=qAAAAAAAAAAAAAAAAAAAAAAE~ reason=response.body: Response body is unavailable for redirect responses
2026-08-26T05:10:04.009Z scroll:stable height=1196 samples=5
2026-08-26T05:10:05.343Z complete:043.html html=35578 assets=18
2026-08-26T05:10:07.843Z resume:retry 044.html reason=manifest-incomplete
2026-08-26T05:10:07.844Z attempt:1/3 044.html
2026-08-26T05:10:07.844Z navigation:start http://edwards.yale.edu/archive?path=aHR0cDovL2Vkd2FyZHMueWFsZS5lZHUvY2dpLWJpbi9uZXdwaGlsby9nZXRvYmplY3QucGw/Yy4xOTozOjI4OC53amVv
2026-08-26T05:10:08.372Z resource:omit http://fonts.gstatic.com/s/opensans/v44/memvYaGs126MiZpBA-UvWbX2vVnXBbObj2OVTS-mu0SC55I.woff2 reason=response.body: Response body is unavailable for redirect responses
2026-08-26T05:10:08.372Z resource:omit http://fonts.gstatic.com/s/playfairdisplay/v40/nuFiD-vYSZviVYUb_rj3ij__anPXDTzYgEM86xQ.woff2 reason=response.body: Response body is unavailable for redirect responses
2026-08-26T05:10:08.372Z resource:omit http://fonts.gstatic.com/s/opensans/v44/memvYaGs126MiZpBA-UvWbX2vVnXBbObj2OVTUGmu0SC55K5gw.woff2 reason=response.body: Response body is unavailable for redirect responses
2026-08-26T05:10:08.576Z resource:omit http://fonts.gstatic.com/s/playfairdisplay/v40/nuFkD-vYSZviVYUb_rj3ij__anPXDTnogkk7yRZrPA.woff2 reason=response.body: Response body is unavailable for redirect responses
2026-08-26T05:10:08.921Z resource:omit http://www.google-analytics.com/ga.js reason=response.body: Response body is unavailable for redirect responses
2026-08-26T05:10:08.928Z resource:omit http://www.google-analytics.com/__utm.gif?utmwv=5.7.2&utms=41&utmn=930841844&utmhn=edwards.yale.edu&utmcs=UTF-8&utmsr=1280x720&utmvp=1280x720&utmsc=24-bit&utmul=pl&utmje=0&utmfl=-&utmdt=Search%20WJE%20Online%20%7C%20The%20Jonathan%20Edwards%20Center%20at%20Yale%20University&utmhid=1644947264&utmr=-&utmp=%2Farchive%3Fpath%3DaHR0cDovL2Vkd2FyZHMueWFsZS5lZHUvY2dpLWJpbi9uZXdwaGlsby9nZXRvYmplY3QucGw%2FYy4xOTozOjI4OC53amVv&utmht=1787721008923&utmac=UA-1489454-4&utmcc=__utma%3D258641246.309779702.1787720793.1787720793.1787720793.1%3B%2B__utmz%3D258641246.1787720793.1.1.utmcsr%3D(direct)%7Cutmccn%3D(direct)%7Cutmcmd%3D(none)%3B&utmjid=&utmu=qAAAAAAAAAAAAAAAAAAAAAAE~ reason=response.body: Response body is unavailable for redirect responses
2026-08-26T05:10:09.933Z scroll:stable height=2962 samples=9
2026-08-26T05:10:10.987Z complete:044.html html=45804 assets=18
2026-08-26T05:10:13.489Z resume:retry 045.html reason=manifest-incomplete
2026-08-26T05:10:13.490Z attempt:1/3 045.html
2026-08-26T05:10:13.490Z navigation:start http://edwards.yale.edu/archive?path=aHR0cDovL2Vkd2FyZHMueWFsZS5lZHUvY2dpLWJpbi9uZXdwaGlsby9nZXRvYmplY3QucGw/Yy4xOTozOjI4OS53amVv
2026-08-26T05:10:14.120Z resource:omit http://fonts.gstatic.com/s/opensans/v44/memvYaGs126MiZpBA-UvWbX2vVnXBbObj2OVTS-mu0SC55I.woff2 reason=response.body: Response body is unavailable for redirect responses
2026-08-26T05:10:14.120Z resource:omit http://fonts.gstatic.com/s/opensans/v44/memvYaGs126MiZpBA-UvWbX2vVnXBbObj2OVTUGmu0SC55K5gw.woff2 reason=response.body: Response body is unavailable for redirect responses
2026-08-26T05:10:14.120Z resource:omit http://fonts.gstatic.com/s/playfairdisplay/v40/nuFiD-vYSZviVYUb_rj3ij__anPXDTzYgEM86xQ.woff2 reason=response.body: Response body is unavailable for redirect responses
2026-08-26T05:10:14.309Z resource:omit http://fonts.gstatic.com/s/playfairdisplay/v40/nuFkD-vYSZviVYUb_rj3ij__anPXDTnogkk7yRZrPA.woff2 reason=response.body: Response body is unavailable for redirect responses
2026-08-26T05:10:14.476Z resource:omit http://www.google-analytics.com/ga.js reason=response.body: Response body is unavailable for redirect responses
2026-08-26T05:10:14.481Z resource:omit http://www.google-analytics.com/__utm.gif?utmwv=5.7.2&utms=42&utmn=516927579&utmhn=edwards.yale.edu&utmcs=UTF-8&utmsr=1280x720&utmvp=1280x720&utmsc=24-bit&utmul=pl&utmje=0&utmfl=-&utmdt=Search%20WJE%20Online%20%7C%20The%20Jonathan%20Edwards%20Center%20at%20Yale%20University&utmhid=339572202&utmr=-&utmp=%2Farchive%3Fpath%3DaHR0cDovL2Vkd2FyZHMueWFsZS5lZHUvY2dpLWJpbi9uZXdwaGlsby9nZXRvYmplY3QucGw%2FYy4xOTozOjI4OS53amVv&utmht=1787721014478&utmac=UA-1489454-4&utmcc=__utma%3D258641246.309779702.1787720793.1787720793.1787720793.1%3B%2B__utmz%3D258641246.1787720793.1.1.utmcsr%3D(direct)%7Cutmccn%3D(direct)%7Cutmcmd%3D(none)%3B&utmjid=&utmu=qAAAAAAAAAAAAAAAAAAAAAAE~ reason=response.body: Response body is unavailable for redirect responses
2026-08-26T05:10:15.127Z scroll:stable height=1356 samples=6
2026-08-26T05:10:16.368Z complete:045.html html=36687 assets=18
2026-08-26T05:10:18.869Z resume:retry 046.html reason=manifest-incomplete
2026-08-26T05:10:18.869Z attempt:1/3 046.html
2026-08-26T05:10:18.870Z navigation:start http://edwards.yale.edu/archive?path=aHR0cDovL2Vkd2FyZHMueWFsZS5lZHUvY2dpLWJpbi9uZXdwaGlsby9nZXRvYmplY3QucGw/Yy4xOTozOjI5MC53amVv
2026-08-26T05:10:19.419Z resource:omit http://fonts.gstatic.com/s/playfairdisplay/v40/nuFiD-vYSZviVYUb_rj3ij__anPXDTzYgEM86xQ.woff2 reason=response.body: Response body is unavailable for redirect responses
2026-08-26T05:10:19.419Z resource:omit http://fonts.gstatic.com/s/opensans/v44/memvYaGs126MiZpBA-UvWbX2vVnXBbObj2OVTS-mu0SC55I.woff2 reason=response.body: Response body is unavailable for redirect responses
2026-08-26T05:10:19.419Z resource:omit http://fonts.gstatic.com/s/opensans/v44/memvYaGs126MiZpBA-UvWbX2vVnXBbObj2OVTUGmu0SC55K5gw.woff2 reason=response.body: Response body is unavailable for redirect responses
2026-08-26T05:10:19.757Z resource:omit http://fonts.gstatic.com/s/playfairdisplay/v40/nuFkD-vYSZviVYUb_rj3ij__anPXDTnogkk7yRZrPA.woff2 reason=response.body: Response body is unavailable for redirect responses
2026-08-26T05:10:19.936Z resource:omit http://www.google-analytics.com/ga.js reason=response.body: Response body is unavailable for redirect responses
2026-08-26T05:10:19.943Z resource:omit http://www.google-analytics.com/__utm.gif?utmwv=5.7.2&utms=43&utmn=100374215&utmhn=edwards.yale.edu&utmcs=UTF-8&utmsr=1280x720&utmvp=1280x720&utmsc=24-bit&utmul=pl&utmje=0&utmfl=-&utmdt=Search%20WJE%20Online%20%7C%20The%20Jonathan%20Edwards%20Center%20at%20Yale%20University&utmhid=1899364054&utmr=-&utmp=%2Farchive%3Fpath%3DaHR0cDovL2Vkd2FyZHMueWFsZS5lZHUvY2dpLWJpbi9uZXdwaGlsby9nZXRvYmplY3QucGw%2FYy4xOTozOjI5MC53amVv&utmht=1787721019939&utmac=UA-1489454-4&utmcc=__utma%3D258641246.309779702.1787720793.1787720793.1787720793.1%3B%2B__utmz%3D258641246.1787720793.1.1.utmcsr%3D(direct)%7Cutmccn%3D(direct)%7Cutmcmd%3D(none)%3B&utmjid=&utmu=qAAAAAAAAAAAAAAAAAAAAAAE~ reason=response.body: Response body is unavailable for redirect responses
2026-08-26T05:10:21.316Z scroll:stable height=4729 samples=12
2026-08-26T05:10:22.367Z complete:046.html html=56313 assets=18
2026-08-26T05:10:24.868Z resume:retry 047.html reason=manifest-incomplete
2026-08-26T05:10:24.869Z attempt:1/3 047.html
2026-08-26T05:10:24.869Z navigation:start http://edwards.yale.edu/archive?path=aHR0cDovL2Vkd2FyZHMueWFsZS5lZHUvY2dpLWJpbi9uZXdwaGlsby9nZXRvYmplY3QucGw/Yy4xOTozOjI5MS53amVv
2026-08-26T05:10:25.445Z resource:omit http://fonts.gstatic.com/s/opensans/v44/memvYaGs126MiZpBA-UvWbX2vVnXBbObj2OVTS-mu0SC55I.woff2 reason=response.body: Response body is unavailable for redirect responses
2026-08-26T05:10:25.445Z resource:omit http://fonts.gstatic.com/s/playfairdisplay/v40/nuFiD-vYSZviVYUb_rj3ij__anPXDTzYgEM86xQ.woff2 reason=response.body: Response body is unavailable for redirect responses
2026-08-26T05:10:25.445Z resource:omit http://fonts.gstatic.com/s/opensans/v44/memvYaGs126MiZpBA-UvWbX2vVnXBbObj2OVTUGmu0SC55K5gw.woff2 reason=response.body: Response body is unavailable for redirect responses
2026-08-26T05:10:25.668Z resource:omit http://fonts.gstatic.com/s/playfairdisplay/v40/nuFkD-vYSZviVYUb_rj3ij__anPXDTnogkk7yRZrPA.woff2 reason=response.body: Response body is unavailable for redirect responses
2026-08-26T05:10:25.816Z resource:omit http://www.google-analytics.com/ga.js reason=response.body: Response body is unavailable for redirect responses
2026-08-26T05:10:25.821Z resource:omit http://www.google-analytics.com/__utm.gif?utmwv=5.7.2&utms=44&utmn=362012778&utmhn=edwards.yale.edu&utmcs=UTF-8&utmsr=1280x720&utmvp=1280x720&utmsc=24-bit&utmul=pl&utmje=0&utmfl=-&utmdt=Search%20WJE%20Online%20%7C%20The%20Jonathan%20Edwards%20Center%20at%20Yale%20University&utmhid=920780891&utmr=-&utmp=%2Farchive%3Fpath%3DaHR0cDovL2Vkd2FyZHMueWFsZS5lZHUvY2dpLWJpbi9uZXdwaGlsby9nZXRvYmplY3QucGw%2FYy4xOTozOjI5MS53amVv&utmht=1787721025819&utmac=UA-1489454-4&utmcc=__utma%3D258641246.309779702.1787720793.1787720793.1787720793.1%3B%2B__utmz%3D258641246.1787720793.1.1.utmcsr%3D(direct)%7Cutmccn%3D(direct)%7Cutmcmd%3D(none)%3B&utmjid=&utmu=qAAAAAAAAAAAAAAAAAAAAAAE~ reason=response.body: Response body is unavailable for redirect responses
2026-08-26T05:10:26.459Z scroll:stable height=1588 samples=6
2026-08-26T05:10:27.716Z complete:047.html html=38372 assets=18
2026-08-26T05:10:30.217Z resume:retry 048.html reason=manifest-incomplete
2026-08-26T05:10:30.218Z attempt:1/3 048.html
2026-08-26T05:10:30.218Z navigation:start http://edwards.yale.edu/archive?path=aHR0cDovL2Vkd2FyZHMueWFsZS5lZHUvY2dpLWJpbi9uZXdwaGlsby9nZXRvYmplY3QucGw/Yy4xOTozOjI5Mi53amVv
2026-08-26T05:10:30.737Z resource:omit http://fonts.gstatic.com/s/playfairdisplay/v40/nuFiD-vYSZviVYUb_rj3ij__anPXDTzYgEM86xQ.woff2 reason=response.body: Response body is unavailable for redirect responses
2026-08-26T05:10:30.737Z resource:omit http://fonts.gstatic.com/s/opensans/v44/memvYaGs126MiZpBA-UvWbX2vVnXBbObj2OVTUGmu0SC55K5gw.woff2 reason=response.body: Response body is unavailable for redirect responses
2026-08-26T05:10:30.737Z resource:omit http://fonts.gstatic.com/s/opensans/v44/memvYaGs126MiZpBA-UvWbX2vVnXBbObj2OVTS-mu0SC55I.woff2 reason=response.body: Response body is unavailable for redirect responses
2026-08-26T05:10:30.918Z resource:omit http://fonts.gstatic.com/s/playfairdisplay/v40/nuFkD-vYSZviVYUb_rj3ij__anPXDTnogkk7yRZrPA.woff2 reason=response.body: Response body is unavailable for redirect responses
2026-08-26T05:10:31.079Z resource:omit http://www.google-analytics.com/ga.js reason=response.body: Response body is unavailable for redirect responses
2026-08-26T05:10:31.084Z resource:omit http://www.google-analytics.com/__utm.gif?utmwv=5.7.2&utms=45&utmn=2011101051&utmhn=edwards.yale.edu&utmcs=UTF-8&utmsr=1280x720&utmvp=1280x720&utmsc=24-bit&utmul=pl&utmje=0&utmfl=-&utmdt=Search%20WJE%20Online%20%7C%20The%20Jonathan%20Edwards%20Center%20at%20Yale%20University&utmhid=1560745066&utmr=-&utmp=%2Farchive%3Fpath%3DaHR0cDovL2Vkd2FyZHMueWFsZS5lZHUvY2dpLWJpbi9uZXdwaGlsby9nZXRvYmplY3QucGw%2FYy4xOTozOjI5Mi53amVv&utmht=1787721031081&utmac=UA-1489454-4&utmcc=__utma%3D258641246.309779702.1787720793.1787720793.1787720793.1%3B%2B__utmz%3D258641246.1787720793.1.1.utmcsr%3D(direct)%7Cutmccn%3D(direct)%7Cutmcmd%3D(none)%3B&utmjid=&utmu=qAAAAAAAAAAAAAAAAAAAAAAE~ reason=response.body: Response body is unavailable for redirect responses
2026-08-26T05:10:31.848Z scroll:stable height=1830 samples=7
2026-08-26T05:10:32.962Z complete:048.html html=39450 assets=18
2026-08-26T05:10:35.464Z resume:retry 049.html reason=manifest-incomplete
2026-08-26T05:10:35.464Z attempt:1/3 049.html
2026-08-26T05:10:35.464Z navigation:start http://edwards.yale.edu/archive?path=aHR0cDovL2Vkd2FyZHMueWFsZS5lZHUvY2dpLWJpbi9uZXdwaGlsby9nZXRvYmplY3QucGw/Yy4xOTozOjI5My53amVv
2026-08-26T05:10:35.975Z resource:omit http://fonts.gstatic.com/s/playfairdisplay/v40/nuFiD-vYSZviVYUb_rj3ij__anPXDTzYgEM86xQ.woff2 reason=response.body: Response body is unavailable for redirect responses
2026-08-26T05:10:35.975Z resource:omit http://fonts.gstatic.com/s/opensans/v44/memvYaGs126MiZpBA-UvWbX2vVnXBbObj2OVTS-mu0SC55I.woff2 reason=response.body: Response body is unavailable for redirect responses
2026-08-26T05:10:35.975Z resource:omit http://fonts.gstatic.com/s/opensans/v44/memvYaGs126MiZpBA-UvWbX2vVnXBbObj2OVTUGmu0SC55K5gw.woff2 reason=response.body: Response body is unavailable for redirect responses
2026-08-26T05:10:36.160Z resource:omit http://fonts.gstatic.com/s/playfairdisplay/v40/nuFkD-vYSZviVYUb_rj3ij__anPXDTnogkk7yRZrPA.woff2 reason=response.body: Response body is unavailable for redirect responses
2026-08-26T05:10:36.311Z resource:omit http://www.google-analytics.com/ga.js reason=response.body: Response body is unavailable for redirect responses
2026-08-26T05:10:36.315Z resource:omit http://www.google-analytics.com/__utm.gif?utmwv=5.7.2&utms=46&utmn=690296165&utmhn=edwards.yale.edu&utmcs=UTF-8&utmsr=1280x720&utmvp=1280x720&utmsc=24-bit&utmul=pl&utmje=0&utmfl=-&utmdt=Search%20WJE%20Online%20%7C%20The%20Jonathan%20Edwards%20Center%20at%20Yale%20University&utmhid=2143104544&utmr=-&utmp=%2Farchive%3Fpath%3DaHR0cDovL2Vkd2FyZHMueWFsZS5lZHUvY2dpLWJpbi9uZXdwaGlsby9nZXRvYmplY3QucGw%2FYy4xOTozOjI5My53amVv&utmht=1787721036313&utmac=UA-1489454-4&utmcc=__utma%3D258641246.309779702.1787720793.1787720793.1787720793.1%3B%2B__utmz%3D258641246.1787720793.1.1.utmcsr%3D(direct)%7Cutmccn%3D(direct)%7Cutmcmd%3D(none)%3B&utmjid=&utmu=qAAAAAAAAAAAAAAAAAAAAAAE~ reason=response.body: Response body is unavailable for redirect responses
2026-08-26T05:10:36.953Z scroll:stable height=1714 samples=6
2026-08-26T05:10:38.204Z complete:049.html html=38973 assets=18
2026-08-26T05:10:40.706Z resume:retry 050.html reason=manifest-incomplete
2026-08-26T05:10:40.707Z attempt:1/3 050.html
2026-08-26T05:10:40.708Z navigation:start http://edwards.yale.edu/archive?path=aHR0cDovL2Vkd2FyZHMueWFsZS5lZHUvY2dpLWJpbi9uZXdwaGlsby9nZXRvYmplY3QucGw/Yy4xOTozOjI5NC53amVv
2026-08-26T05:10:41.215Z resource:omit http://fonts.gstatic.com/s/opensans/v44/memvYaGs126MiZpBA-UvWbX2vVnXBbObj2OVTS-mu0SC55I.woff2 reason=response.body: Response body is unavailable for redirect responses
2026-08-26T05:10:41.215Z resource:omit http://fonts.gstatic.com/s/opensans/v44/memvYaGs126MiZpBA-UvWbX2vVnXBbObj2OVTUGmu0SC55K5gw.woff2 reason=response.body: Response body is unavailable for redirect responses
2026-08-26T05:10:41.215Z resource:omit http://fonts.gstatic.com/s/playfairdisplay/v40/nuFiD-vYSZviVYUb_rj3ij__anPXDTzYgEM86xQ.woff2 reason=response.body: Response body is unavailable for redirect responses
2026-08-26T05:10:41.401Z resource:omit http://fonts.gstatic.com/s/playfairdisplay/v40/nuFkD-vYSZviVYUb_rj3ij__anPXDTnogkk7yRZrPA.woff2 reason=response.body: Response body is unavailable for redirect responses
2026-08-26T05:10:41.559Z resource:omit http://www.google-analytics.com/ga.js reason=response.body: Response body is unavailable for redirect responses
2026-08-26T05:10:41.560Z resource:omit http://www.google-analytics.com/__utm.gif?utmwv=5.7.2&utms=47&utmn=47482105&utmhn=edwards.yale.edu&utmcs=UTF-8&utmsr=1280x720&utmvp=1280x720&utmsc=24-bit&utmul=pl&utmje=0&utmfl=-&utmdt=Search%20WJE%20Online%20%7C%20The%20Jonathan%20Edwards%20Center%20at%20Yale%20University&utmhid=941273297&utmr=-&utmp=%2Farchive%3Fpath%3DaHR0cDovL2Vkd2FyZHMueWFsZS5lZHUvY2dpLWJpbi9uZXdwaGlsby9nZXRvYmplY3QucGw%2FYy4xOTozOjI5NC53amVv&utmht=1787721041558&utmac=UA-1489454-4&utmcc=__utma%3D258641246.309779702.1787720793.1787720793.1787720793.1%3B%2B__utmz%3D258641246.1787720793.1.1.utmcsr%3D(direct)%7Cutmccn%3D(direct)%7Cutmcmd%3D(none)%3B&utmjid=&utmu=qAAAAAAAAAAAAAAAAAAAAAAE~ reason=response.body: Response body is unavailable for redirect responses
2026-08-26T05:10:42.080Z scroll:stable height=1256 samples=5
2026-08-26T05:10:43.444Z complete:050.html html=35555 assets=18
2026-08-26T05:10:45.946Z resume:retry 051.html reason=manifest-incomplete
2026-08-26T05:10:45.947Z attempt:1/3 051.html
2026-08-26T05:10:45.947Z navigation:start http://edwards.yale.edu/archive?path=aHR0cDovL2Vkd2FyZHMueWFsZS5lZHUvY2dpLWJpbi9uZXdwaGlsby9nZXRvYmplY3QucGw/Yy4xOTozOjI5NS53amVv
2026-08-26T05:10:46.470Z resource:omit http://fonts.gstatic.com/s/opensans/v44/memvYaGs126MiZpBA-UvWbX2vVnXBbObj2OVTS-mu0SC55I.woff2 reason=response.body: Response body is unavailable for redirect responses
2026-08-26T05:10:46.471Z resource:omit http://fonts.gstatic.com/s/playfairdisplay/v40/nuFiD-vYSZviVYUb_rj3ij__anPXDTzYgEM86xQ.woff2 reason=response.body: Response body is unavailable for redirect responses
2026-08-26T05:10:46.471Z resource:omit http://fonts.gstatic.com/s/opensans/v44/memvYaGs126MiZpBA-UvWbX2vVnXBbObj2OVTUGmu0SC55K5gw.woff2 reason=response.body: Response body is unavailable for redirect responses
2026-08-26T05:10:46.660Z resource:omit http://fonts.gstatic.com/s/playfairdisplay/v40/nuFkD-vYSZviVYUb_rj3ij__anPXDTnogkk7yRZrPA.woff2 reason=response.body: Response body is unavailable for redirect responses
2026-08-26T05:10:46.825Z resource:omit http://www.google-analytics.com/ga.js reason=response.body: Response body is unavailable for redirect responses
2026-08-26T05:10:46.829Z resource:omit http://www.google-analytics.com/__utm.gif?utmwv=5.7.2&utms=48&utmn=1705858620&utmhn=edwards.yale.edu&utmcs=UTF-8&utmsr=1280x720&utmvp=1280x720&utmsc=24-bit&utmul=pl&utmje=0&utmfl=-&utmdt=Search%20WJE%20Online%20%7C%20The%20Jonathan%20Edwards%20Center%20at%20Yale%20University&utmhid=906999693&utmr=-&utmp=%2Farchive%3Fpath%3DaHR0cDovL2Vkd2FyZHMueWFsZS5lZHUvY2dpLWJpbi9uZXdwaGlsby9nZXRvYmplY3QucGw%2FYy4xOTozOjI5NS53amVv&utmht=1787721046826&utmac=UA-1489454-4&utmcc=__utma%3D258641246.309779702.1787720793.1787720793.1787720793.1%3B%2B__utmz%3D258641246.1787720793.1.1.utmcsr%3D(direct)%7Cutmccn%3D(direct)%7Cutmcmd%3D(none)%3B&utmjid=&utmu=qAAAAAAAAAAAAAAAAAAAAAAE~ reason=response.body: Response body is unavailable for redirect responses
2026-08-26T05:10:47.470Z scroll:stable height=1526 samples=6
2026-08-26T05:10:48.684Z complete:051.html html=37529 assets=18
2026-08-26T05:10:51.184Z resume:retry 052.html reason=manifest-incomplete
2026-08-26T05:10:51.185Z attempt:1/3 052.html
2026-08-26T05:10:51.185Z navigation:start http://edwards.yale.edu/archive?path=aHR0cDovL2Vkd2FyZHMueWFsZS5lZHUvY2dpLWJpbi9uZXdwaGlsby9nZXRvYmplY3QucGw/Yy4xOTozOjI5Ni53amVv
2026-08-26T05:10:51.704Z resource:omit http://fonts.gstatic.com/s/opensans/v44/memvYaGs126MiZpBA-UvWbX2vVnXBbObj2OVTS-mu0SC55I.woff2 reason=response.body: Response body is unavailable for redirect responses
2026-08-26T05:10:51.705Z resource:omit http://fonts.gstatic.com/s/playfairdisplay/v40/nuFiD-vYSZviVYUb_rj3ij__anPXDTzYgEM86xQ.woff2 reason=response.body: Response body is unavailable for redirect responses
2026-08-26T05:10:51.705Z resource:omit http://fonts.gstatic.com/s/opensans/v44/memvYaGs126MiZpBA-UvWbX2vVnXBbObj2OVTUGmu0SC55K5gw.woff2 reason=response.body: Response body is unavailable for redirect responses
2026-08-26T05:10:51.885Z resource:omit http://fonts.gstatic.com/s/playfairdisplay/v40/nuFkD-vYSZviVYUb_rj3ij__anPXDTnogkk7yRZrPA.woff2 reason=response.body: Response body is unavailable for redirect responses
2026-08-26T05:10:52.045Z resource:omit http://www.google-analytics.com/ga.js reason=response.body: Response body is unavailable for redirect responses
2026-08-26T05:10:52.055Z resource:omit http://www.google-analytics.com/__utm.gif?utmwv=5.7.2&utms=49&utmn=93904134&utmhn=edwards.yale.edu&utmcs=UTF-8&utmsr=1280x720&utmvp=1280x720&utmsc=24-bit&utmul=pl&utmje=0&utmfl=-&utmdt=Search%20WJE%20Online%20%7C%20The%20Jonathan%20Edwards%20Center%20at%20Yale%20University&utmhid=1945304353&utmr=-&utmp=%2Farchive%3Fpath%3DaHR0cDovL2Vkd2FyZHMueWFsZS5lZHUvY2dpLWJpbi9uZXdwaGlsby9nZXRvYmplY3QucGw%2FYy4xOTozOjI5Ni53amVv&utmht=1787721052050&utmac=UA-1489454-4&utmcc=__utma%3D258641246.309779702.1787720793.1787720793.1787720793.1%3B%2B__utmz%3D258641246.1787720793.1.1.utmcsr%3D(direct)%7Cutmccn%3D(direct)%7Cutmcmd%3D(none)%3B&utmjid=&utmu=qAAAAAAAAAAAAAAAAAAAAAAE~ reason=response.body: Response body is unavailable for redirect responses
2026-08-26T05:10:52.694Z scroll:stable height=1515 samples=6
2026-08-26T05:10:53.924Z complete:052.html html=37334 assets=18
2026-08-26T05:10:56.425Z resume:retry 053.html reason=manifest-incomplete
2026-08-26T05:10:56.426Z attempt:1/3 053.html
2026-08-26T05:10:56.426Z navigation:start http://edwards.yale.edu/archive?path=aHR0cDovL2Vkd2FyZHMueWFsZS5lZHUvY2dpLWJpbi9uZXdwaGlsby9nZXRvYmplY3QucGw/Yy4xOTozOjI5Ny53amVv
2026-08-26T05:10:56.929Z resource:omit http://fonts.gstatic.com/s/opensans/v44/memvYaGs126MiZpBA-UvWbX2vVnXBbObj2OVTS-mu0SC55I.woff2 reason=response.body: Response body is unavailable for redirect responses
2026-08-26T05:10:56.929Z resource:omit http://fonts.gstatic.com/s/opensans/v44/memvYaGs126MiZpBA-UvWbX2vVnXBbObj2OVTUGmu0SC55K5gw.woff2 reason=response.body: Response body is unavailable for redirect responses
2026-08-26T05:10:56.929Z resource:omit http://fonts.gstatic.com/s/playfairdisplay/v40/nuFiD-vYSZviVYUb_rj3ij__anPXDTzYgEM86xQ.woff2 reason=response.body: Response body is unavailable for redirect responses
2026-08-26T05:10:57.127Z resource:omit http://fonts.gstatic.com/s/playfairdisplay/v40/nuFkD-vYSZviVYUb_rj3ij__anPXDTnogkk7yRZrPA.woff2 reason=response.body: Response body is unavailable for redirect responses
2026-08-26T05:10:57.281Z resource:omit http://www.google-analytics.com/ga.js reason=response.body: Response body is unavailable for redirect responses
2026-08-26T05:10:57.285Z resource:omit http://www.google-analytics.com/__utm.gif?utmwv=5.7.2&utms=50&utmn=1684315676&utmhn=edwards.yale.edu&utmcs=UTF-8&utmsr=1280x720&utmvp=1280x720&utmsc=24-bit&utmul=pl&utmje=0&utmfl=-&utmdt=Search%20WJE%20Online%20%7C%20The%20Jonathan%20Edwards%20Center%20at%20Yale%20University&utmhid=267977806&utmr=-&utmp=%2Farchive%3Fpath%3DaHR0cDovL2Vkd2FyZHMueWFsZS5lZHUvY2dpLWJpbi9uZXdwaGlsby9nZXRvYmplY3QucGw%2FYy4xOTozOjI5Ny53amVv&utmht=1787721057283&utmac=UA-1489454-4&utmcc=__utma%3D258641246.309779702.1787720793.1787720793.1787720793.1%3B%2B__utmz%3D258641246.1787720793.1.1.utmcsr%3D(direct)%7Cutmccn%3D(direct)%7Cutmcmd%3D(none)%3B&utmjid=&utmu=qAAAAAAAAAAAAAAAAAAAAAAE~ reason=response.body: Response body is unavailable for redirect responses
2026-08-26T05:10:57.805Z scroll:stable height=1196 samples=5
2026-08-26T05:10:59.166Z complete:053.html html=35008 assets=18
2026-08-26T05:11:01.667Z resume:retry 054.html reason=manifest-incomplete
2026-08-26T05:11:01.668Z attempt:1/3 054.html
2026-08-26T05:11:01.668Z navigation:start http://edwards.yale.edu/archive?path=aHR0cDovL2Vkd2FyZHMueWFsZS5lZHUvY2dpLWJpbi9uZXdwaGlsby9nZXRvYmplY3QucGw/Yy4xOTozOjI5OC53amVv
2026-08-26T05:11:02.189Z resource:omit http://fonts.gstatic.com/s/opensans/v44/memvYaGs126MiZpBA-UvWbX2vVnXBbObj2OVTS-mu0SC55I.woff2 reason=response.body: Response body is unavailable for redirect responses
2026-08-26T05:11:02.189Z resource:omit http://fonts.gstatic.com/s/opensans/v44/memvYaGs126MiZpBA-UvWbX2vVnXBbObj2OVTUGmu0SC55K5gw.woff2 reason=response.body: Response body is unavailable for redirect responses
2026-08-26T05:11:02.189Z resource:omit http://fonts.gstatic.com/s/playfairdisplay/v40/nuFiD-vYSZviVYUb_rj3ij__anPXDTzYgEM86xQ.woff2 reason=response.body: Response body is unavailable for redirect responses
2026-08-26T05:11:02.360Z resource:omit http://fonts.gstatic.com/s/playfairdisplay/v40/nuFkD-vYSZviVYUb_rj3ij__anPXDTnogkk7yRZrPA.woff2 reason=response.body: Response body is unavailable for redirect responses
2026-08-26T05:11:02.522Z resource:omit http://www.google-analytics.com/ga.js reason=response.body: Response body is unavailable for redirect responses
2026-08-26T05:11:02.527Z resource:omit http://www.google-analytics.com/__utm.gif?utmwv=5.7.2&utms=51&utmn=895833372&utmhn=edwards.yale.edu&utmcs=UTF-8&utmsr=1280x720&utmvp=1280x720&utmsc=24-bit&utmul=pl&utmje=0&utmfl=-&utmdt=Search%20WJE%20Online%20%7C%20The%20Jonathan%20Edwards%20Center%20at%20Yale%20University&utmhid=2122109893&utmr=-&utmp=%2Farchive%3Fpath%3DaHR0cDovL2Vkd2FyZHMueWFsZS5lZHUvY2dpLWJpbi9uZXdwaGlsby9nZXRvYmplY3QucGw%2FYy4xOTozOjI5OC53amVv&utmht=1787721062524&utmac=UA-1489454-4&utmcc=__utma%3D258641246.309779702.1787720793.1787720793.1787720793.1%3B%2B__utmz%3D258641246.1787720793.1.1.utmcsr%3D(direct)%7Cutmccn%3D(direct)%7Cutmcmd%3D(none)%3B&utmjid=&utmu=qAAAAAAAAAAAAAAAAAAAAAAE~ reason=response.body: Response body is unavailable for redirect responses
2026-08-26T05:11:03.175Z scroll:stable height=1363 samples=6
2026-08-26T05:11:04.409Z complete:054.html html=36567 assets=18
2026-08-26T05:11:06.911Z resume:retry 055.html reason=manifest-incomplete
2026-08-26T05:11:06.912Z attempt:1/3 055.html
2026-08-26T05:11:06.912Z navigation:start http://edwards.yale.edu/archive?path=aHR0cDovL2Vkd2FyZHMueWFsZS5lZHUvY2dpLWJpbi9uZXdwaGlsby9nZXRvYmplY3QucGw/Yy4xOTozOjI5OS53amVv
2026-08-26T05:11:07.417Z resource:omit http://fonts.gstatic.com/s/opensans/v44/memvYaGs126MiZpBA-UvWbX2vVnXBbObj2OVTS-mu0SC55I.woff2 reason=response.body: Response body is unavailable for redirect responses
2026-08-26T05:11:07.417Z resource:omit http://fonts.gstatic.com/s/opensans/v44/memvYaGs126MiZpBA-UvWbX2vVnXBbObj2OVTUGmu0SC55K5gw.woff2 reason=response.body: Response body is unavailable for redirect responses
2026-08-26T05:11:07.417Z resource:omit http://fonts.gstatic.com/s/playfairdisplay/v40/nuFiD-vYSZviVYUb_rj3ij__anPXDTzYgEM86xQ.woff2 reason=response.body: Response body is unavailable for redirect responses
2026-08-26T05:11:07.611Z resource:omit http://fonts.gstatic.com/s/playfairdisplay/v40/nuFkD-vYSZviVYUb_rj3ij__anPXDTnogkk7yRZrPA.woff2 reason=response.body: Response body is unavailable for redirect responses
2026-08-26T05:11:07.765Z resource:omit http://www.google-analytics.com/ga.js reason=response.body: Response body is unavailable for redirect responses
2026-08-26T05:11:07.769Z resource:omit http://www.google-analytics.com/__utm.gif?utmwv=5.7.2&utms=52&utmn=2140417642&utmhn=edwards.yale.edu&utmcs=UTF-8&utmsr=1280x720&utmvp=1280x720&utmsc=24-bit&utmul=pl&utmje=0&utmfl=-&utmdt=Search%20WJE%20Online%20%7C%20The%20Jonathan%20Edwards%20Center%20at%20Yale%20University&utmhid=1891715768&utmr=-&utmp=%2Farchive%3Fpath%3DaHR0cDovL2Vkd2FyZHMueWFsZS5lZHUvY2dpLWJpbi9uZXdwaGlsby9nZXRvYmplY3QucGw%2FYy4xOTozOjI5OS53amVv&utmht=1787721067767&utmac=UA-1489454-4&utmcc=__utma%3D258641246.309779702.1787720793.1787720793.1787720793.1%3B%2B__utmz%3D258641246.1787720793.1.1.utmcsr%3D(direct)%7Cutmccn%3D(direct)%7Cutmcmd%3D(none)%3B&utmjid=&utmu=qAAAAAAAAAAAAAAAAAAAAAAE~ reason=response.body: Response body is unavailable for redirect responses
2026-08-26T05:11:08.411Z scroll:stable height=1656 samples=6
2026-08-26T05:11:09.660Z complete:055.html html=37469 assets=18
2026-08-26T05:11:12.161Z resume:retry 056.html reason=manifest-incomplete
2026-08-26T05:11:12.162Z attempt:1/3 056.html
2026-08-26T05:11:12.162Z navigation:start http://edwards.yale.edu/archive?path=aHR0cDovL2Vkd2FyZHMueWFsZS5lZHUvY2dpLWJpbi9uZXdwaGlsby9nZXRvYmplY3QucGw/Yy4xOTozOjMwMC53amVv
2026-08-26T05:11:12.684Z resource:omit http://fonts.gstatic.com/s/opensans/v44/memvYaGs126MiZpBA-UvWbX2vVnXBbObj2OVTS-mu0SC55I.woff2 reason=response.body: Response body is unavailable for redirect responses
2026-08-26T05:11:12.684Z resource:omit http://fonts.gstatic.com/s/opensans/v44/memvYaGs126MiZpBA-UvWbX2vVnXBbObj2OVTUGmu0SC55K5gw.woff2 reason=response.body: Response body is unavailable for redirect responses
2026-08-26T05:11:12.684Z resource:omit http://fonts.gstatic.com/s/playfairdisplay/v40/nuFiD-vYSZviVYUb_rj3ij__anPXDTzYgEM86xQ.woff2 reason=response.body: Response body is unavailable for redirect responses
2026-08-26T05:11:12.869Z resource:omit http://fonts.gstatic.com/s/playfairdisplay/v40/nuFkD-vYSZviVYUb_rj3ij__anPXDTnogkk7yRZrPA.woff2 reason=response.body: Response body is unavailable for redirect responses
2026-08-26T05:11:13.024Z resource:omit http://www.google-analytics.com/ga.js reason=response.body: Response body is unavailable for redirect responses
2026-08-26T05:11:13.029Z resource:omit http://www.google-analytics.com/__utm.gif?utmwv=5.7.2&utms=53&utmn=1183947889&utmhn=edwards.yale.edu&utmcs=UTF-8&utmsr=1280x720&utmvp=1280x720&utmsc=24-bit&utmul=pl&utmje=0&utmfl=-&utmdt=Search%20WJE%20Online%20%7C%20The%20Jonathan%20Edwards%20Center%20at%20Yale%20University&utmhid=2144572707&utmr=-&utmp=%2Farchive%3Fpath%3DaHR0cDovL2Vkd2FyZHMueWFsZS5lZHUvY2dpLWJpbi9uZXdwaGlsby9nZXRvYmplY3QucGw%2FYy4xOTozOjMwMC53amVv&utmht=1787721073026&utmac=UA-1489454-4&utmcc=__utma%3D258641246.309779702.1787720793.1787720793.1787720793.1%3B%2B__utmz%3D258641246.1787720793.1.1.utmcsr%3D(direct)%7Cutmccn%3D(direct)%7Cutmcmd%3D(none)%3B&utmjid=&utmu=qAAAAAAAAAAAAAAAAAAAAAAE~ reason=response.body: Response body is unavailable for redirect responses
2026-08-26T05:11:13.670Z scroll:stable height=1572 samples=6
2026-08-26T05:11:14.900Z complete:056.html html=36855 assets=18
2026-08-26T05:11:17.400Z resume:retry 057.html reason=manifest-incomplete
2026-08-26T05:11:17.401Z attempt:1/3 057.html
2026-08-26T05:11:17.401Z navigation:start http://edwards.yale.edu/archive?path=aHR0cDovL2Vkd2FyZHMueWFsZS5lZHUvY2dpLWJpbi9uZXdwaGlsby9nZXRvYmplY3QucGw/Yy4xOTozOjMwMS53amVv
2026-08-26T05:11:17.909Z resource:omit http://fonts.gstatic.com/s/opensans/v44/memvYaGs126MiZpBA-UvWbX2vVnXBbObj2OVTS-mu0SC55I.woff2 reason=response.body: Response body is unavailable for redirect responses
2026-08-26T05:11:17.909Z resource:omit http://fonts.gstatic.com/s/playfairdisplay/v40/nuFiD-vYSZviVYUb_rj3ij__anPXDTzYgEM86xQ.woff2 reason=response.body: Response body is unavailable for redirect responses
2026-08-26T05:11:17.910Z resource:omit http://fonts.gstatic.com/s/opensans/v44/memvYaGs126MiZpBA-UvWbX2vVnXBbObj2OVTUGmu0SC55K5gw.woff2 reason=response.body: Response body is unavailable for redirect responses
2026-08-26T05:11:18.102Z resource:omit http://fonts.gstatic.com/s/playfairdisplay/v40/nuFkD-vYSZviVYUb_rj3ij__anPXDTnogkk7yRZrPA.woff2 reason=response.body: Response body is unavailable for redirect responses
2026-08-26T05:11:18.261Z resource:omit http://www.google-analytics.com/ga.js reason=response.body: Response body is unavailable for redirect responses
2026-08-26T05:11:18.266Z resource:omit http://www.google-analytics.com/__utm.gif?utmwv=5.7.2&utms=54&utmn=1436706826&utmhn=edwards.yale.edu&utmcs=UTF-8&utmsr=1280x720&utmvp=1280x720&utmsc=24-bit&utmul=pl&utmje=0&utmfl=-&utmdt=Search%20WJE%20Online%20%7C%20The%20Jonathan%20Edwards%20Center%20at%20Yale%20University&utmhid=893901192&utmr=-&utmp=%2Farchive%3Fpath%3DaHR0cDovL2Vkd2FyZHMueWFsZS5lZHUvY2dpLWJpbi9uZXdwaGlsby9nZXRvYmplY3QucGw%2FYy4xOTozOjMwMS53amVv&utmht=1787721078264&utmac=UA-1489454-4&utmcc=__utma%3D258641246.309779702.1787720793.1787720793.1787720793.1%3B%2B__utmz%3D258641246.1787720793.1.1.utmcsr%3D(direct)%7Cutmccn%3D(direct)%7Cutmcmd%3D(none)%3B&utmjid=&utmu=qAAAAAAAAAAAAAAAAAAAAAAE~ reason=response.body: Response body is unavailable for redirect responses
2026-08-26T05:11:18.785Z scroll:stable height=1216 samples=5
2026-08-26T05:11:20.144Z complete:057.html html=35691 assets=18
2026-08-26T05:11:22.645Z resume:retry 058.html reason=manifest-incomplete
2026-08-26T05:11:22.646Z attempt:1/3 058.html
2026-08-26T05:11:22.646Z navigation:start http://edwards.yale.edu/archive?path=aHR0cDovL2Vkd2FyZHMueWFsZS5lZHUvY2dpLWJpbi9uZXdwaGlsby9nZXRvYmplY3QucGw/Yy4xOTozOjMwMi53amVv
2026-08-26T05:11:23.159Z resource:omit http://fonts.gstatic.com/s/opensans/v44/memvYaGs126MiZpBA-UvWbX2vVnXBbObj2OVTS-mu0SC55I.woff2 reason=response.body: Response body is unavailable for redirect responses
2026-08-26T05:11:23.160Z resource:omit http://fonts.gstatic.com/s/playfairdisplay/v40/nuFiD-vYSZviVYUb_rj3ij__anPXDTzYgEM86xQ.woff2 reason=response.body: Response body is unavailable for redirect responses
2026-08-26T05:11:23.160Z resource:omit http://fonts.gstatic.com/s/opensans/v44/memvYaGs126MiZpBA-UvWbX2vVnXBbObj2OVTUGmu0SC55K5gw.woff2 reason=response.body: Response body is unavailable for redirect responses
2026-08-26T05:11:23.351Z resource:omit http://fonts.gstatic.com/s/playfairdisplay/v40/nuFkD-vYSZviVYUb_rj3ij__anPXDTnogkk7yRZrPA.woff2 reason=response.body: Response body is unavailable for redirect responses
2026-08-26T05:11:23.518Z resource:omit http://www.google-analytics.com/ga.js reason=response.body: Response body is unavailable for redirect responses
2026-08-26T05:11:23.522Z resource:omit http://www.google-analytics.com/__utm.gif?utmwv=5.7.2&utms=55&utmn=2055171645&utmhn=edwards.yale.edu&utmcs=UTF-8&utmsr=1280x720&utmvp=1280x720&utmsc=24-bit&utmul=pl&utmje=0&utmfl=-&utmdt=Search%20WJE%20Online%20%7C%20The%20Jonathan%20Edwards%20Center%20at%20Yale%20University&utmhid=1712568266&utmr=-&utmp=%2Farchive%3Fpath%3DaHR0cDovL2Vkd2FyZHMueWFsZS5lZHUvY2dpLWJpbi9uZXdwaGlsby9nZXRvYmplY3QucGw%2FYy4xOTozOjMwMi53amVv&utmht=1787721083520&utmac=UA-1489454-4&utmcc=__utma%3D258641246.309779702.1787720793.1787720793.1787720793.1%3B%2B__utmz%3D258641246.1787720793.1.1.utmcsr%3D(direct)%7Cutmccn%3D(direct)%7Cutmcmd%3D(none)%3B&utmjid=&utmu=qAAAAAAAAAAAAAAAAAAAAAAE~ reason=response.body: Response body is unavailable for redirect responses
2026-08-26T05:11:24.172Z scroll:stable height=1379 samples=6
2026-08-26T05:11:25.384Z complete:058.html html=36240 assets=18
2026-08-26T05:11:27.885Z resume:retry 059.html reason=manifest-incomplete
2026-08-26T05:11:27.885Z attempt:1/3 059.html
2026-08-26T05:11:27.886Z navigation:start http://edwards.yale.edu/archive?path=aHR0cDovL2Vkd2FyZHMueWFsZS5lZHUvY2dpLWJpbi9uZXdwaGlsby9nZXRvYmplY3QucGw/Yy4xOTozOjMwMy53amVv
2026-08-26T05:11:28.395Z resource:omit http://fonts.gstatic.com/s/opensans/v44/memvYaGs126MiZpBA-UvWbX2vVnXBbObj2OVTS-mu0SC55I.woff2 reason=response.body: Response body is unavailable for redirect responses
2026-08-26T05:11:28.395Z resource:omit http://fonts.gstatic.com/s/playfairdisplay/v40/nuFiD-vYSZviVYUb_rj3ij__anPXDTzYgEM86xQ.woff2 reason=response.body: Response body is unavailable for redirect responses
2026-08-26T05:11:28.395Z resource:omit http://fonts.gstatic.com/s/opensans/v44/memvYaGs126MiZpBA-UvWbX2vVnXBbObj2OVTUGmu0SC55K5gw.woff2 reason=response.body: Response body is unavailable for redirect responses
2026-08-26T05:11:28.579Z resource:omit http://fonts.gstatic.com/s/playfairdisplay/v40/nuFkD-vYSZviVYUb_rj3ij__anPXDTnogkk7yRZrPA.woff2 reason=response.body: Response body is unavailable for redirect responses
2026-08-26T05:11:28.735Z resource:omit http://www.google-analytics.com/ga.js reason=response.body: Response body is unavailable for redirect responses
2026-08-26T05:11:28.740Z resource:omit http://www.google-analytics.com/__utm.gif?utmwv=5.7.2&utms=56&utmn=2075441615&utmhn=edwards.yale.edu&utmcs=UTF-8&utmsr=1280x720&utmvp=1280x720&utmsc=24-bit&utmul=pl&utmje=0&utmfl=-&utmdt=Search%20WJE%20Online%20%7C%20The%20Jonathan%20Edwards%20Center%20at%20Yale%20University&utmhid=158820852&utmr=-&utmp=%2Farchive%3Fpath%3DaHR0cDovL2Vkd2FyZHMueWFsZS5lZHUvY2dpLWJpbi9uZXdwaGlsby9nZXRvYmplY3QucGw%2FYy4xOTozOjMwMy53amVv&utmht=1787721088738&utmac=UA-1489454-4&utmcc=__utma%3D258641246.309779702.1787720793.1787720793.1787720793.1%3B%2B__utmz%3D258641246.1787720793.1.1.utmcsr%3D(direct)%7Cutmccn%3D(direct)%7Cutmcmd%3D(none)%3B&utmjid=&utmu=qAAAAAAAAAAAAAAAAAAAAAAE~ reason=response.body: Response body is unavailable for redirect responses
2026-08-26T05:11:29.380Z scroll:stable height=1252 samples=6
2026-08-26T05:11:30.626Z complete:059.html html=35513 assets=18
2026-08-26T05:11:33.127Z resume:retry 060.html reason=manifest-incomplete
2026-08-26T05:11:33.128Z attempt:1/3 060.html
2026-08-26T05:11:33.128Z navigation:start http://edwards.yale.edu/archive?path=aHR0cDovL2Vkd2FyZHMueWFsZS5lZHUvY2dpLWJpbi9uZXdwaGlsby9nZXRvYmplY3QucGw/Yy4xOTozOjMwNC53amVv
2026-08-26T05:11:33.629Z resource:omit http://fonts.gstatic.com/s/opensans/v44/memvYaGs126MiZpBA-UvWbX2vVnXBbObj2OVTS-mu0SC55I.woff2 reason=response.body: Response body is unavailable for redirect responses
2026-08-26T05:11:33.630Z resource:omit http://fonts.gstatic.com/s/playfairdisplay/v40/nuFiD-vYSZviVYUb_rj3ij__anPXDTzYgEM86xQ.woff2 reason=response.body: Response body is unavailable for redirect responses
2026-08-26T05:11:33.630Z resource:omit http://fonts.gstatic.com/s/opensans/v44/memvYaGs126MiZpBA-UvWbX2vVnXBbObj2OVTUGmu0SC55K5gw.woff2 reason=response.body: Response body is unavailable for redirect responses
2026-08-26T05:11:33.828Z resource:omit http://fonts.gstatic.com/s/playfairdisplay/v40/nuFkD-vYSZviVYUb_rj3ij__anPXDTnogkk7yRZrPA.woff2 reason=response.body: Response body is unavailable for redirect responses
2026-08-26T05:11:33.972Z resource:omit http://www.google-analytics.com/ga.js reason=response.body: Response body is unavailable for redirect responses
2026-08-26T05:11:33.976Z resource:omit http://www.google-analytics.com/__utm.gif?utmwv=5.7.2&utms=57&utmn=220023441&utmhn=edwards.yale.edu&utmcs=UTF-8&utmsr=1280x720&utmvp=1280x720&utmsc=24-bit&utmul=pl&utmje=0&utmfl=-&utmdt=Search%20WJE%20Online%20%7C%20The%20Jonathan%20Edwards%20Center%20at%20Yale%20University&utmhid=211562562&utmr=-&utmp=%2Farchive%3Fpath%3DaHR0cDovL2Vkd2FyZHMueWFsZS5lZHUvY2dpLWJpbi9uZXdwaGlsby9nZXRvYmplY3QucGw%2FYy4xOTozOjMwNC53amVv&utmht=1787721093974&utmac=UA-1489454-4&utmcc=__utma%3D258641246.309779702.1787720793.1787720793.1787720793.1%3B%2B__utmz%3D258641246.1787720793.1.1.utmcsr%3D(direct)%7Cutmccn%3D(direct)%7Cutmcmd%3D(none)%3B&utmjid=&utmu=qAAAAAAAAAAAAAAAAAAAAAAE~ reason=response.body: Response body is unavailable for redirect responses
2026-08-26T05:11:34.498Z scroll:stable height=1211 samples=5
2026-08-26T05:11:36.785Z complete:060.html html=34968 assets=18
2026-08-26T05:11:39.287Z resume:retry 061.html reason=manifest-incomplete
2026-08-26T05:11:39.288Z attempt:1/3 061.html
2026-08-26T05:11:39.288Z navigation:start http://edwards.yale.edu/archive?path=aHR0cDovL2Vkd2FyZHMueWFsZS5lZHUvY2dpLWJpbi9uZXdwaGlsby9nZXRvYmplY3QucGw/Yy4xOTozOjMwNS53amVv
2026-08-26T05:11:39.814Z resource:omit http://fonts.gstatic.com/s/opensans/v44/memvYaGs126MiZpBA-UvWbX2vVnXBbObj2OVTS-mu0SC55I.woff2 reason=response.body: Response body is unavailable for redirect responses
2026-08-26T05:11:39.814Z resource:omit http://fonts.gstatic.com/s/playfairdisplay/v40/nuFiD-vYSZviVYUb_rj3ij__anPXDTzYgEM86xQ.woff2 reason=response.body: Response body is unavailable for redirect responses
2026-08-26T05:11:39.814Z resource:omit http://fonts.gstatic.com/s/opensans/v44/memvYaGs126MiZpBA-UvWbX2vVnXBbObj2OVTUGmu0SC55K5gw.woff2 reason=response.body: Response body is unavailable for redirect responses
2026-08-26T05:11:40.095Z resource:omit http://fonts.gstatic.com/s/playfairdisplay/v40/nuFkD-vYSZviVYUb_rj3ij__anPXDTnogkk7yRZrPA.woff2 reason=response.body: Response body is unavailable for redirect responses
2026-08-26T05:11:40.171Z resource:omit http://www.google-analytics.com/ga.js reason=response.body: Response body is unavailable for redirect responses
2026-08-26T05:11:40.177Z resource:omit http://www.google-analytics.com/__utm.gif?utmwv=5.7.2&utms=58&utmn=1118420503&utmhn=edwards.yale.edu&utmcs=UTF-8&utmsr=1280x720&utmvp=1280x720&utmsc=24-bit&utmul=pl&utmje=0&utmfl=-&utmdt=Search%20WJE%20Online%20%7C%20The%20Jonathan%20Edwards%20Center%20at%20Yale%20University&utmhid=1347225868&utmr=-&utmp=%2Farchive%3Fpath%3DaHR0cDovL2Vkd2FyZHMueWFsZS5lZHUvY2dpLWJpbi9uZXdwaGlsby9nZXRvYmplY3QucGw%2FYy4xOTozOjMwNS53amVv&utmht=1787721100173&utmac=UA-1489454-4&utmcc=__utma%3D258641246.309779702.1787720793.1787720793.1787720793.1%3B%2B__utmz%3D258641246.1787720793.1.1.utmcsr%3D(direct)%7Cutmccn%3D(direct)%7Cutmcmd%3D(none)%3B&utmjid=&utmu=qAAAAAAAAAAAAAAAAAAAAAAE~ reason=response.body: Response body is unavailable for redirect responses
2026-08-26T05:11:40.694Z scroll:stable height=1156 samples=5
2026-08-26T05:11:41.984Z complete:061.html html=34857 assets=18
2026-08-26T05:11:44.485Z resume:retry 062.html reason=manifest-incomplete
2026-08-26T05:11:44.485Z attempt:1/3 062.html
2026-08-26T05:11:44.486Z navigation:start http://edwards.yale.edu/archive?path=aHR0cDovL2Vkd2FyZHMueWFsZS5lZHUvY2dpLWJpbi9uZXdwaGlsby9nZXRvYmplY3QucGw/Yy4xOTozOjMwNi53amVv
2026-08-26T05:11:45.014Z resource:omit http://fonts.gstatic.com/s/opensans/v44/memvYaGs126MiZpBA-UvWbX2vVnXBbObj2OVTS-mu0SC55I.woff2 reason=response.body: Response body is unavailable for redirect responses
2026-08-26T05:11:45.015Z resource:omit http://fonts.gstatic.com/s/playfairdisplay/v40/nuFiD-vYSZviVYUb_rj3ij__anPXDTzYgEM86xQ.woff2 reason=response.body: Response body is unavailable for redirect responses
2026-08-26T05:11:45.015Z resource:omit http://fonts.gstatic.com/s/opensans/v44/memvYaGs126MiZpBA-UvWbX2vVnXBbObj2OVTUGmu0SC55K5gw.woff2 reason=response.body: Response body is unavailable for redirect responses
2026-08-26T05:11:45.236Z resource:omit http://fonts.gstatic.com/s/playfairdisplay/v40/nuFkD-vYSZviVYUb_rj3ij__anPXDTnogkk7yRZrPA.woff2 reason=response.body: Response body is unavailable for redirect responses
2026-08-26T05:11:45.382Z resource:omit http://www.google-analytics.com/ga.js reason=response.body: Response body is unavailable for redirect responses
2026-08-26T05:11:45.387Z resource:omit http://www.google-analytics.com/__utm.gif?utmwv=5.7.2&utms=59&utmn=1972662413&utmhn=edwards.yale.edu&utmcs=UTF-8&utmsr=1280x720&utmvp=1280x720&utmsc=24-bit&utmul=pl&utmje=0&utmfl=-&utmdt=Search%20WJE%20Online%20%7C%20The%20Jonathan%20Edwards%20Center%20at%20Yale%20University&utmhid=1590537123&utmr=-&utmp=%2Farchive%3Fpath%3DaHR0cDovL2Vkd2FyZHMueWFsZS5lZHUvY2dpLWJpbi9uZXdwaGlsby9nZXRvYmplY3QucGw%2FYy4xOTozOjMwNi53amVv&utmht=1787721105385&utmac=UA-1489454-4&utmcc=__utma%3D258641246.309779702.1787720793.1787720793.1787720793.1%3B%2B__utmz%3D258641246.1787720793.1.1.utmcsr%3D(direct)%7Cutmccn%3D(direct)%7Cutmcmd%3D(none)%3B&utmjid=&utmu=qAAAAAAAAAAAAAAAAAAAAAAE~ reason=response.body: Response body is unavailable for redirect responses
2026-08-26T05:11:45.907Z scroll:stable height=1156 samples=5
2026-08-26T05:11:47.200Z complete:062.html html=34811 assets=18
2026-08-26T05:11:49.701Z resume:retry 063.html reason=manifest-incomplete
2026-08-26T05:11:49.702Z attempt:1/3 063.html
2026-08-26T05:11:49.702Z navigation:start http://edwards.yale.edu/archive?path=aHR0cDovL2Vkd2FyZHMueWFsZS5lZHUvY2dpLWJpbi9uZXdwaGlsby9nZXRvYmplY3QucGw/Yy4xOTozOjMwNy53amVv
2026-08-26T05:11:50.190Z resource:omit http://fonts.gstatic.com/s/opensans/v44/memvYaGs126MiZpBA-UvWbX2vVnXBbObj2OVTS-mu0SC55I.woff2 reason=response.body: Response body is unavailable for redirect responses
2026-08-26T05:11:50.190Z resource:omit http://fonts.gstatic.com/s/playfairdisplay/v40/nuFiD-vYSZviVYUb_rj3ij__anPXDTzYgEM86xQ.woff2 reason=response.body: Response body is unavailable for redirect responses
2026-08-26T05:11:50.191Z resource:omit http://fonts.gstatic.com/s/opensans/v44/memvYaGs126MiZpBA-UvWbX2vVnXBbObj2OVTUGmu0SC55K5gw.woff2 reason=response.body: Response body is unavailable for redirect responses
2026-08-26T05:11:50.368Z resource:omit http://fonts.gstatic.com/s/playfairdisplay/v40/nuFkD-vYSZviVYUb_rj3ij__anPXDTnogkk7yRZrPA.woff2 reason=response.body: Response body is unavailable for redirect responses
2026-08-26T05:11:50.579Z resource:omit http://www.google-analytics.com/ga.js reason=response.body: Response body is unavailable for redirect responses
2026-08-26T05:11:50.583Z resource:omit http://www.google-analytics.com/__utm.gif?utmwv=5.7.2&utms=60&utmn=861455552&utmhn=edwards.yale.edu&utmcs=UTF-8&utmsr=1280x720&utmvp=1280x720&utmsc=24-bit&utmul=pl&utmje=0&utmfl=-&utmdt=Search%20WJE%20Online%20%7C%20The%20Jonathan%20Edwards%20Center%20at%20Yale%20University&utmhid=1437543069&utmr=-&utmp=%2Farchive%3Fpath%3DaHR0cDovL2Vkd2FyZHMueWFsZS5lZHUvY2dpLWJpbi9uZXdwaGlsby9nZXRvYmplY3QucGw%2FYy4xOTozOjMwNy53amVv&utmht=1787721110581&utmac=UA-1489454-4&utmcc=__utma%3D258641246.309779702.1787720793.1787720793.1787720793.1%3B%2B__utmz%3D258641246.1787720793.1.1.utmcsr%3D(direct)%7Cutmccn%3D(direct)%7Cutmcmd%3D(none)%3B&utmjid=&utmu=qAAAAAAAAAAAAAAAAAAAAAAE~ reason=response.body: Response body is unavailable for redirect responses
2026-08-26T05:11:51.098Z scroll:stable height=1196 samples=5
2026-08-26T05:11:52.382Z complete:063.html html=35198 assets=18
2026-08-26T05:11:54.884Z resume:retry 064.html reason=manifest-incomplete
2026-08-26T05:11:54.885Z attempt:1/3 064.html
2026-08-26T05:11:54.885Z navigation:start http://edwards.yale.edu/archive?path=aHR0cDovL2Vkd2FyZHMueWFsZS5lZHUvY2dpLWJpbi9uZXdwaGlsby9nZXRvYmplY3QucGw/Yy4xOTozOjMwOC53amVv
2026-08-26T05:11:55.392Z resource:omit http://fonts.gstatic.com/s/opensans/v44/memvYaGs126MiZpBA-UvWbX2vVnXBbObj2OVTS-mu0SC55I.woff2 reason=response.body: Response body is unavailable for redirect responses
2026-08-26T05:11:55.393Z resource:omit http://fonts.gstatic.com/s/opensans/v44/memvYaGs126MiZpBA-UvWbX2vVnXBbObj2OVTUGmu0SC55K5gw.woff2 reason=response.body: Response body is unavailable for redirect responses
2026-08-26T05:11:55.393Z resource:omit http://fonts.gstatic.com/s/playfairdisplay/v40/nuFiD-vYSZviVYUb_rj3ij__anPXDTzYgEM86xQ.woff2 reason=response.body: Response body is unavailable for redirect responses
2026-08-26T05:11:55.577Z resource:omit http://fonts.gstatic.com/s/playfairdisplay/v40/nuFkD-vYSZviVYUb_rj3ij__anPXDTnogkk7yRZrPA.woff2 reason=response.body: Response body is unavailable for redirect responses
2026-08-26T05:11:55.821Z resource:omit http://www.google-analytics.com/ga.js reason=response.body: Response body is unavailable for redirect responses
2026-08-26T05:11:55.828Z resource:omit http://www.google-analytics.com/__utm.gif?utmwv=5.7.2&utms=61&utmn=1193086405&utmhn=edwards.yale.edu&utmcs=UTF-8&utmsr=1280x720&utmvp=1280x720&utmsc=24-bit&utmul=pl&utmje=0&utmfl=-&utmdt=Search%20WJE%20Online%20%7C%20The%20Jonathan%20Edwards%20Center%20at%20Yale%20University&utmhid=614112651&utmr=-&utmp=%2Farchive%3Fpath%3DaHR0cDovL2Vkd2FyZHMueWFsZS5lZHUvY2dpLWJpbi9uZXdwaGlsby9nZXRvYmplY3QucGw%2FYy4xOTozOjMwOC53amVv&utmht=1787721115824&utmac=UA-1489454-4&utmcc=__utma%3D258641246.309779702.1787720793.1787720793.1787720793.1%3B%2B__utmz%3D258641246.1787720793.1.1.utmcsr%3D(direct)%7Cutmccn%3D(direct)%7Cutmcmd%3D(none)%3B&utmjid=&utmu=qAAAAAAAAAAAAAAAAAAAAAAE~ reason=response.body: Response body is unavailable for redirect responses
2026-08-26T05:11:56.342Z scroll:stable height=1156 samples=5
2026-08-26T05:11:57.601Z complete:064.html html=34929 assets=18
2026-08-26T05:12:00.102Z resume:retry 065.html reason=manifest-incomplete
2026-08-26T05:12:00.102Z attempt:1/3 065.html
2026-08-26T05:12:00.103Z navigation:start http://edwards.yale.edu/archive?path=aHR0cDovL2Vkd2FyZHMueWFsZS5lZHUvY2dpLWJpbi9uZXdwaGlsby9nZXRvYmplY3QucGw/Yy4xOTozOjMwOS53amVv
2026-08-26T05:12:00.613Z resource:omit http://fonts.gstatic.com/s/opensans/v44/memvYaGs126MiZpBA-UvWbX2vVnXBbObj2OVTS-mu0SC55I.woff2 reason=response.body: Response body is unavailable for redirect responses
2026-08-26T05:12:00.613Z resource:omit http://fonts.gstatic.com/s/playfairdisplay/v40/nuFiD-vYSZviVYUb_rj3ij__anPXDTzYgEM86xQ.woff2 reason=response.body: Response body is unavailable for redirect responses
2026-08-26T05:12:00.614Z resource:omit http://fonts.gstatic.com/s/opensans/v44/memvYaGs126MiZpBA-UvWbX2vVnXBbObj2OVTUGmu0SC55K5gw.woff2 reason=response.body: Response body is unavailable for redirect responses
2026-08-26T05:12:00.794Z resource:omit http://fonts.gstatic.com/s/playfairdisplay/v40/nuFkD-vYSZviVYUb_rj3ij__anPXDTnogkk7yRZrPA.woff2 reason=response.body: Response body is unavailable for redirect responses
2026-08-26T05:12:00.953Z resource:omit http://www.google-analytics.com/ga.js reason=response.body: Response body is unavailable for redirect responses
2026-08-26T05:12:00.958Z resource:omit http://www.google-analytics.com/__utm.gif?utmwv=5.7.2&utms=62&utmn=273104327&utmhn=edwards.yale.edu&utmcs=UTF-8&utmsr=1280x720&utmvp=1280x720&utmsc=24-bit&utmul=pl&utmje=0&utmfl=-&utmdt=Search%20WJE%20Online%20%7C%20The%20Jonathan%20Edwards%20Center%20at%20Yale%20University&utmhid=668448453&utmr=-&utmp=%2Farchive%3Fpath%3DaHR0cDovL2Vkd2FyZHMueWFsZS5lZHUvY2dpLWJpbi9uZXdwaGlsby9nZXRvYmplY3QucGw%2FYy4xOTozOjMwOS53amVv&utmht=1787721120956&utmac=UA-1489454-4&utmcc=__utma%3D258641246.309779702.1787720793.1787720793.1787720793.1%3B%2B__utmz%3D258641246.1787720793.1.1.utmcsr%3D(direct)%7Cutmccn%3D(direct)%7Cutmcmd%3D(none)%3B&utmjid=&utmu=qAAAAAAAAAAAAAAAAAAAAAAE~ reason=response.body: Response body is unavailable for redirect responses
2026-08-26T05:12:01.668Z scroll:stable height=1759 samples=6
2026-08-26T05:12:02.831Z complete:065.html html=39468 assets=18
2026-08-26T05:12:05.332Z resume:retry 066.html reason=manifest-incomplete
2026-08-26T05:12:05.333Z attempt:1/3 066.html
2026-08-26T05:12:05.333Z navigation:start http://edwards.yale.edu/archive?path=aHR0cDovL2Vkd2FyZHMueWFsZS5lZHUvY2dpLWJpbi9uZXdwaGlsby9nZXRvYmplY3QucGw/Yy4xOTozOjMxMC53amVv
2026-08-26T05:12:05.872Z resource:omit http://fonts.gstatic.com/s/opensans/v44/memvYaGs126MiZpBA-UvWbX2vVnXBbObj2OVTS-mu0SC55I.woff2 reason=response.body: Response body is unavailable for redirect responses
2026-08-26T05:12:05.872Z resource:omit http://fonts.gstatic.com/s/opensans/v44/memvYaGs126MiZpBA-UvWbX2vVnXBbObj2OVTUGmu0SC55K5gw.woff2 reason=response.body: Response body is unavailable for redirect responses
2026-08-26T05:12:05.872Z resource:omit http://fonts.gstatic.com/s/playfairdisplay/v40/nuFiD-vYSZviVYUb_rj3ij__anPXDTzYgEM86xQ.woff2 reason=response.body: Response body is unavailable for redirect responses
2026-08-26T05:12:06.044Z resource:omit http://fonts.gstatic.com/s/playfairdisplay/v40/nuFkD-vYSZviVYUb_rj3ij__anPXDTnogkk7yRZrPA.woff2 reason=response.body: Response body is unavailable for redirect responses
2026-08-26T05:12:06.382Z resource:omit http://www.google-analytics.com/ga.js reason=response.body: Response body is unavailable for redirect responses
2026-08-26T05:12:06.390Z resource:omit http://www.google-analytics.com/__utm.gif?utmwv=5.7.2&utms=63&utmn=1720957207&utmhn=edwards.yale.edu&utmcs=UTF-8&utmsr=1280x720&utmvp=1280x720&utmsc=24-bit&utmul=pl&utmje=0&utmfl=-&utmdt=Search%20WJE%20Online%20%7C%20The%20Jonathan%20Edwards%20Center%20at%20Yale%20University&utmhid=847948651&utmr=-&utmp=%2Farchive%3Fpath%3DaHR0cDovL2Vkd2FyZHMueWFsZS5lZHUvY2dpLWJpbi9uZXdwaGlsby9nZXRvYmplY3QucGw%2FYy4xOTozOjMxMC53amVv&utmht=1787721126385&utmac=UA-1489454-4&utmcc=__utma%3D258641246.309779702.1787720793.1787720793.1787720793.1%3B%2B__utmz%3D258641246.1787720793.1.1.utmcsr%3D(direct)%7Cutmccn%3D(direct)%7Cutmcmd%3D(none)%3B&utmjid=&utmu=qAAAAAAAAAAAAAAAAAAAAAAE~ reason=response.body: Response body is unavailable for redirect responses
2026-08-26T05:12:07.517Z scroll:stable height=3719 samples=10
2026-08-26T05:12:08.569Z complete:066.html html=50437 assets=18
2026-08-26T05:12:11.070Z resume:retry 067.html reason=manifest-incomplete
2026-08-26T05:12:11.071Z attempt:1/3 067.html
2026-08-26T05:12:11.071Z navigation:start http://edwards.yale.edu/archive?path=aHR0cDovL2Vkd2FyZHMueWFsZS5lZHUvY2dpLWJpbi9uZXdwaGlsby9nZXRvYmplY3QucGw/Yy4xOTozOjMxMS53amVv
2026-08-26T05:12:11.594Z resource:omit http://fonts.gstatic.com/s/opensans/v44/memvYaGs126MiZpBA-UvWbX2vVnXBbObj2OVTS-mu0SC55I.woff2 reason=response.body: Response body is unavailable for redirect responses
2026-08-26T05:12:11.594Z resource:omit http://fonts.gstatic.com/s/playfairdisplay/v40/nuFiD-vYSZviVYUb_rj3ij__anPXDTzYgEM86xQ.woff2 reason=response.body: Response body is unavailable for redirect responses
2026-08-26T05:12:11.594Z resource:omit http://fonts.gstatic.com/s/opensans/v44/memvYaGs126MiZpBA-UvWbX2vVnXBbObj2OVTUGmu0SC55K5gw.woff2 reason=response.body: Response body is unavailable for redirect responses
2026-08-26T05:12:11.786Z resource:omit http://fonts.gstatic.com/s/playfairdisplay/v40/nuFkD-vYSZviVYUb_rj3ij__anPXDTnogkk7yRZrPA.woff2 reason=response.body: Response body is unavailable for redirect responses
2026-08-26T05:12:11.951Z resource:omit http://www.google-analytics.com/ga.js reason=response.body: Response body is unavailable for redirect responses
2026-08-26T05:12:11.956Z resource:omit http://www.google-analytics.com/__utm.gif?utmwv=5.7.2&utms=64&utmn=210155273&utmhn=edwards.yale.edu&utmcs=UTF-8&utmsr=1280x720&utmvp=1280x720&utmsc=24-bit&utmul=pl&utmje=0&utmfl=-&utmdt=Search%20WJE%20Online%20%7C%20The%20Jonathan%20Edwards%20Center%20at%20Yale%20University&utmhid=1785290722&utmr=-&utmp=%2Farchive%3Fpath%3DaHR0cDovL2Vkd2FyZHMueWFsZS5lZHUvY2dpLWJpbi9uZXdwaGlsby9nZXRvYmplY3QucGw%2FYy4xOTozOjMxMS53amVv&utmht=1787721131952&utmac=UA-1489454-4&utmcc=__utma%3D258641246.309779702.1787720793.1787720793.1787720793.1%3B%2B__utmz%3D258641246.1787720793.1.1.utmcsr%3D(direct)%7Cutmccn%3D(direct)%7Cutmcmd%3D(none)%3B&utmjid=&utmu=qAAAAAAAAAAAAAAAAAAAAAAE~ reason=response.body: Response body is unavailable for redirect responses
2026-08-26T05:12:12.677Z scroll:stable height=1428 samples=6
2026-08-26T05:12:13.872Z complete:067.html html=36893 assets=18
2026-08-26T05:12:16.373Z resume:retry 068.html reason=manifest-incomplete
2026-08-26T05:12:16.374Z attempt:1/3 068.html
2026-08-26T05:12:16.374Z navigation:start http://edwards.yale.edu/archive?path=aHR0cDovL2Vkd2FyZHMueWFsZS5lZHUvY2dpLWJpbi9uZXdwaGlsby9nZXRvYmplY3QucGw/Yy4xOTozOjMxMi53amVv
2026-08-26T05:12:16.897Z resource:omit http://fonts.gstatic.com/s/opensans/v44/memvYaGs126MiZpBA-UvWbX2vVnXBbObj2OVTS-mu0SC55I.woff2 reason=response.body: Response body is unavailable for redirect responses
2026-08-26T05:12:16.897Z resource:omit http://fonts.gstatic.com/s/playfairdisplay/v40/nuFiD-vYSZviVYUb_rj3ij__anPXDTzYgEM86xQ.woff2 reason=response.body: Response body is unavailable for redirect responses
2026-08-26T05:12:16.897Z resource:omit http://fonts.gstatic.com/s/opensans/v44/memvYaGs126MiZpBA-UvWbX2vVnXBbObj2OVTUGmu0SC55K5gw.woff2 reason=response.body: Response body is unavailable for redirect responses
2026-08-26T05:12:17.086Z resource:omit http://fonts.gstatic.com/s/playfairdisplay/v40/nuFkD-vYSZviVYUb_rj3ij__anPXDTnogkk7yRZrPA.woff2 reason=response.body: Response body is unavailable for redirect responses
2026-08-26T05:12:17.318Z resource:omit http://www.google-analytics.com/ga.js reason=response.body: Response body is unavailable for redirect responses
2026-08-26T05:12:17.322Z resource:omit http://www.google-analytics.com/__utm.gif?utmwv=5.7.2&utms=65&utmn=1307200953&utmhn=edwards.yale.edu&utmcs=UTF-8&utmsr=1280x720&utmvp=1280x720&utmsc=24-bit&utmul=pl&utmje=0&utmfl=-&utmdt=Search%20WJE%20Online%20%7C%20The%20Jonathan%20Edwards%20Center%20at%20Yale%20University&utmhid=1682046758&utmr=-&utmp=%2Farchive%3Fpath%3DaHR0cDovL2Vkd2FyZHMueWFsZS5lZHUvY2dpLWJpbi9uZXdwaGlsby9nZXRvYmplY3QucGw%2FYy4xOTozOjMxMi53amVv&utmht=1787721137319&utmac=UA-1489454-4&utmcc=__utma%3D258641246.309779702.1787720793.1787720793.1787720793.1%3B%2B__utmz%3D258641246.1787720793.1.1.utmcsr%3D(direct)%7Cutmccn%3D(direct)%7Cutmcmd%3D(none)%3B&utmjid=&utmu=qAAAAAAAAAAAAAAAAAAAAAAE~ reason=response.body: Response body is unavailable for redirect responses
2026-08-26T05:12:17.843Z scroll:stable height=1079 samples=5
2026-08-26T05:12:19.102Z complete:068.html html=34263 assets=18
2026-08-26T05:12:19.103Z archive:complete
