2026-08-26T06:51:51.405Z archive:start volume=VOLUME22 source=http://edwards.yale.edu/archive?path=aHR0cDovL2Vkd2FyZHMueWFsZS5lZHUvY2dpLWJpbi9uZXdwaGlsby9zZWxlY3QucGw/d2plby4yMQ==
2026-08-26T06:51:51.407Z attempt:1/3 000.html
2026-08-26T06:51:51.407Z navigation:start http://edwards.yale.edu/archive?path=aHR0cDovL2Vkd2FyZHMueWFsZS5lZHUvY2dpLWJpbi9uZXdwaGlsby9zZWxlY3QucGw/d2plby4yMQ==
2026-08-26T06:51:52.715Z resource:omit http://fonts.gstatic.com/s/opensans/v44/memvYaGs126MiZpBA-UvWbX2vVnXBbObj2OVTS-mu0SC55I.woff2 reason=response.body: Response body is unavailable for redirect responses
2026-08-26T06:51:52.716Z resource:omit http://fonts.gstatic.com/s/playfairdisplay/v40/nuFiD-vYSZviVYUb_rj3ij__anPXDTzYgEM86xQ.woff2 reason=response.body: Response body is unavailable for redirect responses
2026-08-26T06:51:52.716Z resource:omit http://fonts.gstatic.com/s/opensans/v44/memvYaGs126MiZpBA-UvWbX2vVnXBbObj2OVTUGmu0SC55K5gw.woff2 reason=response.body: Response body is unavailable for redirect responses
2026-08-26T06:51:53.134Z resource:omit http://www.google-analytics.com/ga.js reason=response.body: Response body is unavailable for redirect responses
2026-08-26T06:51:53.136Z resource:omit http://fonts.gstatic.com/s/playfairdisplay/v40/nuFkD-vYSZviVYUb_rj3ij__anPXDTnogkk7yRZrPA.woff2 reason=response.body: Response body is unavailable for redirect responses
2026-08-26T06:51:53.261Z resource:omit http://www.google-analytics.com/r/__utm.gif?utmwv=5.7.2&utms=1&utmn=881871727&utmhn=edwards.yale.edu&utmcs=UTF-8&utmsr=1280x720&utmvp=1280x720&utmsc=24-bit&utmul=pl&utmje=0&utmfl=-&utmdt=Search%20WJE%20Online%20%7C%20The%20Jonathan%20Edwards%20Center%20at%20Yale%20University&utmhid=280592293&utmr=-&utmp=%2Farchive%3Fpath%3DaHR0cDovL2Vkd2FyZHMueWFsZS5lZHUvY2dpLWJpbi9uZXdwaGlsby9zZWxlY3QucGw%2Fd2plby4yMQ%3D%3D&utmht=1787727113259&utmac=UA-1489454-4&utmcc=__utma%3D258641246.631019599.1787727113.1787727113.1787727113.1%3B%2B__utmz%3D258641246.1787727113.1.1.utmcsr%3D(direct)%7Cutmccn%3D(direct)%7Cutmcmd%3D(none)%3B&utmjid=403674232&utmredir=1&utmu=qAAAAAAAAAAAAAAAAAAAAAAE~ reason=response.body: Response body is unavailable for redirect responses
2026-08-26T06:51:55.302Z scroll:stable height=5863 samples=14
2026-08-26T06:51:56.357Z complete:000.html html=76906 assets=18
2026-08-26T06:51:56.361Z discovery:sections 65
2026-08-26T06:51:58.864Z attempt:1/3 001.html
2026-08-26T06:51:58.864Z navigation:start http://edwards.yale.edu/archive?path=aHR0cDovL2Vkd2FyZHMueWFsZS5lZHUvY2dpLWJpbi9uZXdwaGlsby9nZXRvYmplY3QucGw%2FYy4yMToxLndqZW8%3D
2026-08-26T06:51:59.374Z resource:omit http://fonts.gstatic.com/s/opensans/v44/memvYaGs126MiZpBA-UvWbX2vVnXBbObj2OVTUGmu0SC55K5gw.woff2 reason=response.body: Response body is unavailable for redirect responses
2026-08-26T06:51:59.373Z resource:omit http://fonts.gstatic.com/s/opensans/v44/memvYaGs126MiZpBA-UvWbX2vVnXBbObj2OVTS-mu0SC55I.woff2 reason=response.body: Response body is unavailable for redirect responses
2026-08-26T06:51:59.373Z resource:omit http://fonts.gstatic.com/s/playfairdisplay/v40/nuFiD-vYSZviVYUb_rj3ij__anPXDTzYgEM86xQ.woff2 reason=response.body: Response body is unavailable for redirect responses
2026-08-26T06:51:59.918Z resource:omit http://fonts.gstatic.com/s/playfairdisplay/v40/nuFkD-vYSZviVYUb_rj3ij__anPXDTnogkk7yRZrPA.woff2 reason=response.body: Response body is unavailable for redirect responses
2026-08-26T06:52:00.120Z resource:omit http://www.google-analytics.com/ga.js reason=response.body: Response body is unavailable for redirect responses
2026-08-26T06:52:00.124Z resource:omit http://www.google-analytics.com/__utm.gif?utmwv=5.7.2&utms=2&utmn=1580187612&utmhn=edwards.yale.edu&utmcs=UTF-8&utmsr=1280x720&utmvp=1280x720&utmsc=24-bit&utmul=pl&utmje=0&utmfl=-&utmdt=Search%20WJE%20Online%20%7C%20The%20Jonathan%20Edwards%20Center%20at%20Yale%20University&utmhid=88921056&utmr=-&utmp=%2Farchive%3Fpath%3DaHR0cDovL2Vkd2FyZHMueWFsZS5lZHUvY2dpLWJpbi9uZXdwaGlsby9nZXRvYmplY3QucGw%25252FYy4yMToxLndqZW8%25253D&utmht=1787727120122&utmac=UA-1489454-4&utmcc=__utma%3D258641246.631019599.1787727113.1787727113.1787727113.1%3B%2B__utmz%3D258641246.1787727113.1.1.utmcsr%3D(direct)%7Cutmccn%3D(direct)%7Cutmcmd%3D(none)%3B&utmjid=&utmu=qAAAAAAAAAAAAAAAAAAAAAAE~ reason=response.body: Response body is unavailable for redirect responses
2026-08-26T06:52:00.647Z scroll:stable height=1108 samples=5
2026-08-26T06:52:02.213Z complete:001.html html=34482 assets=18
2026-08-26T06:52:04.716Z attempt:1/3 002.html
2026-08-26T06:52:04.717Z navigation:start http://edwards.yale.edu/archive?path=aHR0cDovL2Vkd2FyZHMueWFsZS5lZHUvY2dpLWJpbi9uZXdwaGlsby9nZXRvYmplY3QucGw%2FYy4yMToyLndqZW8%3D
2026-08-26T06:52:05.239Z resource:omit http://fonts.gstatic.com/s/playfairdisplay/v40/nuFiD-vYSZviVYUb_rj3ij__anPXDTzYgEM86xQ.woff2 reason=response.body: Response body is unavailable for redirect responses
2026-08-26T06:52:05.238Z resource:omit http://fonts.gstatic.com/s/opensans/v44/memvYaGs126MiZpBA-UvWbX2vVnXBbObj2OVTS-mu0SC55I.woff2 reason=response.body: Response body is unavailable for redirect responses
2026-08-26T06:52:05.239Z resource:omit http://fonts.gstatic.com/s/opensans/v44/memvYaGs126MiZpBA-UvWbX2vVnXBbObj2OVTUGmu0SC55K5gw.woff2 reason=response.body: Response body is unavailable for redirect responses
2026-08-26T06:52:05.425Z resource:omit http://fonts.gstatic.com/s/playfairdisplay/v40/nuFkD-vYSZviVYUb_rj3ij__anPXDTnogkk7yRZrPA.woff2 reason=response.body: Response body is unavailable for redirect responses
2026-08-26T06:52:05.650Z resource:omit http://www.google-analytics.com/ga.js reason=response.body: Response body is unavailable for redirect responses
2026-08-26T06:52:05.653Z resource:omit http://www.google-analytics.com/__utm.gif?utmwv=5.7.2&utms=3&utmn=2146239506&utmhn=edwards.yale.edu&utmcs=UTF-8&utmsr=1280x720&utmvp=1280x720&utmsc=24-bit&utmul=pl&utmje=0&utmfl=-&utmdt=Search%20WJE%20Online%20%7C%20The%20Jonathan%20Edwards%20Center%20at%20Yale%20University&utmhid=318371865&utmr=-&utmp=%2Farchive%3Fpath%3DaHR0cDovL2Vkd2FyZHMueWFsZS5lZHUvY2dpLWJpbi9uZXdwaGlsby9nZXRvYmplY3QucGw%25252FYy4yMToyLndqZW8%25253D&utmht=1787727125650&utmac=UA-1489454-4&utmcc=__utma%3D258641246.631019599.1787727113.1787727113.1787727113.1%3B%2B__utmz%3D258641246.1787727113.1.1.utmcsr%3D(direct)%7Cutmccn%3D(direct)%7Cutmcmd%3D(none)%3B&utmjid=&utmu=qAAAAAAAAAAAAAAAAAAAAAAE~ reason=response.body: Response body is unavailable for redirect responses
2026-08-26T06:52:06.422Z scroll:stable height=2303 samples=7
2026-08-26T06:52:07.475Z complete:002.html html=38494 assets=18
2026-08-26T06:52:09.978Z attempt:1/3 003.html
2026-08-26T06:52:09.979Z navigation:start http://edwards.yale.edu/archive?path=aHR0cDovL2Vkd2FyZHMueWFsZS5lZHUvY2dpLWJpbi9uZXdwaGlsby9nZXRvYmplY3QucGw%2FYy4yMTozLndqZW8%3D
2026-08-26T06:52:10.510Z resource:omit http://fonts.gstatic.com/s/playfairdisplay/v40/nuFiD-vYSZviVYUb_rj3ij__anPXDTzYgEM86xQ.woff2 reason=response.body: Response body is unavailable for redirect responses
2026-08-26T06:52:10.510Z resource:omit http://fonts.gstatic.com/s/opensans/v44/memvYaGs126MiZpBA-UvWbX2vVnXBbObj2OVTS-mu0SC55I.woff2 reason=response.body: Response body is unavailable for redirect responses
2026-08-26T06:52:10.510Z resource:omit http://fonts.gstatic.com/s/opensans/v44/memvYaGs126MiZpBA-UvWbX2vVnXBbObj2OVTUGmu0SC55K5gw.woff2 reason=response.body: Response body is unavailable for redirect responses
2026-08-26T06:52:10.683Z resource:omit http://fonts.gstatic.com/s/playfairdisplay/v40/nuFkD-vYSZviVYUb_rj3ij__anPXDTnogkk7yRZrPA.woff2 reason=response.body: Response body is unavailable for redirect responses
2026-08-26T06:52:10.891Z resource:omit http://www.google-analytics.com/ga.js reason=response.body: Response body is unavailable for redirect responses
2026-08-26T06:52:10.895Z resource:omit http://www.google-analytics.com/__utm.gif?utmwv=5.7.2&utms=4&utmn=1748960135&utmhn=edwards.yale.edu&utmcs=UTF-8&utmsr=1280x720&utmvp=1280x720&utmsc=24-bit&utmul=pl&utmje=0&utmfl=-&utmdt=Search%20WJE%20Online%20%7C%20The%20Jonathan%20Edwards%20Center%20at%20Yale%20University&utmhid=1640584943&utmr=-&utmp=%2Farchive%3Fpath%3DaHR0cDovL2Vkd2FyZHMueWFsZS5lZHUvY2dpLWJpbi9uZXdwaGlsby9nZXRvYmplY3QucGw%25252FYy4yMTozLndqZW8%25253D&utmht=1787727130892&utmac=UA-1489454-4&utmcc=__utma%3D258641246.631019599.1787727113.1787727113.1787727113.1%3B%2B__utmz%3D258641246.1787727113.1.1.utmcsr%3D(direct)%7Cutmccn%3D(direct)%7Cutmcmd%3D(none)%3B&utmjid=&utmu=qAAAAAAAAAAAAAAAAAAAAAAE~ reason=response.body: Response body is unavailable for redirect responses
2026-08-26T06:52:11.665Z scroll:stable height=1861 samples=7
2026-08-26T06:52:12.726Z complete:003.html html=39429 assets=18
2026-08-26T06:52:15.228Z attempt:1/3 004.html
2026-08-26T06:52:15.228Z navigation:start http://edwards.yale.edu/archive?path=aHR0cDovL2Vkd2FyZHMueWFsZS5lZHUvY2dpLWJpbi9uZXdwaGlsby9nZXRvYmplY3QucGw%2FYy4yMTo0LndqZW8%3D
2026-08-26T06:52:15.757Z resource:omit http://fonts.gstatic.com/s/opensans/v44/memvYaGs126MiZpBA-UvWbX2vVnXBbObj2OVTS-mu0SC55I.woff2 reason=response.body: Response body is unavailable for redirect responses
2026-08-26T06:52:15.757Z resource:omit http://fonts.gstatic.com/s/opensans/v44/memvYaGs126MiZpBA-UvWbX2vVnXBbObj2OVTUGmu0SC55K5gw.woff2 reason=response.body: Response body is unavailable for redirect responses
2026-08-26T06:52:15.757Z resource:omit http://fonts.gstatic.com/s/playfairdisplay/v40/nuFiD-vYSZviVYUb_rj3ij__anPXDTzYgEM86xQ.woff2 reason=response.body: Response body is unavailable for redirect responses
2026-08-26T06:52:15.950Z resource:omit http://fonts.gstatic.com/s/playfairdisplay/v40/nuFkD-vYSZviVYUb_rj3ij__anPXDTnogkk7yRZrPA.woff2 reason=response.body: Response body is unavailable for redirect responses
2026-08-26T06:52:16.133Z resource:omit http://www.google-analytics.com/ga.js reason=response.body: Response body is unavailable for redirect responses
2026-08-26T06:52:16.138Z resource:omit http://www.google-analytics.com/__utm.gif?utmwv=5.7.2&utms=5&utmn=2140186812&utmhn=edwards.yale.edu&utmcs=UTF-8&utmsr=1280x720&utmvp=1280x720&utmsc=24-bit&utmul=pl&utmje=0&utmfl=-&utmdt=Search%20WJE%20Online%20%7C%20The%20Jonathan%20Edwards%20Center%20at%20Yale%20University&utmhid=1599277819&utmr=-&utmp=%2Farchive%3Fpath%3DaHR0cDovL2Vkd2FyZHMueWFsZS5lZHUvY2dpLWJpbi9uZXdwaGlsby9nZXRvYmplY3QucGw%25252FYy4yMTo0LndqZW8%25253D&utmht=1787727136135&utmac=UA-1489454-4&utmcc=__utma%3D258641246.631019599.1787727113.1787727113.1787727113.1%3B%2B__utmz%3D258641246.1787727113.1.1.utmcsr%3D(direct)%7Cutmccn%3D(direct)%7Cutmcmd%3D(none)%3B&utmjid=&utmu=qAAAAAAAAAAAAAAAAAAAAAAE~ reason=response.body: Response body is unavailable for redirect responses
2026-08-26T06:52:16.905Z scroll:stable height=2065 samples=7
2026-08-26T06:52:17.957Z complete:004.html html=39267 assets=18
2026-08-26T06:52:20.459Z attempt:1/3 005.html
2026-08-26T06:52:20.460Z navigation:start http://edwards.yale.edu/archive?path=aHR0cDovL2Vkd2FyZHMueWFsZS5lZHUvY2dpLWJpbi9uZXdwaGlsby9nZXRvYmplY3QucGw%2FYy4yMTo1LndqZW8%3D
2026-08-26T06:52:21.035Z resource:omit http://fonts.gstatic.com/s/opensans/v44/memvYaGs126MiZpBA-UvWbX2vVnXBbObj2OVTS-mu0SC55I.woff2 reason=response.body: Response body is unavailable for redirect responses
2026-08-26T06:52:21.035Z resource:omit http://fonts.gstatic.com/s/opensans/v44/memvYaGs126MiZpBA-UvWbX2vVnXBbObj2OVTUGmu0SC55K5gw.woff2 reason=response.body: Response body is unavailable for redirect responses
2026-08-26T06:52:21.035Z resource:omit http://fonts.gstatic.com/s/playfairdisplay/v40/nuFiD-vYSZviVYUb_rj3ij__anPXDTzYgEM86xQ.woff2 reason=response.body: Response body is unavailable for redirect responses
2026-08-26T06:52:21.216Z resource:omit http://fonts.gstatic.com/s/playfairdisplay/v40/nuFkD-vYSZviVYUb_rj3ij__anPXDTnogkk7yRZrPA.woff2 reason=response.body: Response body is unavailable for redirect responses
2026-08-26T06:52:22.295Z resource:omit http://www.google-analytics.com/ga.js reason=response.body: Response body is unavailable for redirect responses
2026-08-26T06:52:22.302Z resource:omit http://www.google-analytics.com/__utm.gif?utmwv=5.7.2&utms=6&utmn=894149369&utmhn=edwards.yale.edu&utmcs=UTF-8&utmsr=1280x720&utmvp=1280x720&utmsc=24-bit&utmul=pl&utmje=0&utmfl=-&utmdt=Search%20WJE%20Online%20%7C%20The%20Jonathan%20Edwards%20Center%20at%20Yale%20University&utmhid=1189353757&utmr=-&utmp=%2Farchive%3Fpath%3DaHR0cDovL2Vkd2FyZHMueWFsZS5lZHUvY2dpLWJpbi9uZXdwaGlsby9nZXRvYmplY3QucGw%25252FYy4yMTo1LndqZW8%25253D&utmht=1787727142297&utmac=UA-1489454-4&utmcc=__utma%3D258641246.631019599.1787727113.1787727113.1787727113.1%3B%2B__utmz%3D258641246.1787727113.1.1.utmcsr%3D(direct)%7Cutmccn%3D(direct)%7Cutmcmd%3D(none)%3B&utmjid=&utmu=qAAAAAAAAAAAAAAAAAAAAAAE~ reason=response.body: Response body is unavailable for redirect responses
2026-08-26T06:52:28.248Z scroll:stable height=23682 samples=47
2026-08-26T06:52:29.319Z complete:005.html html=185111 assets=18
2026-08-26T06:52:31.821Z attempt:1/3 006.html
2026-08-26T06:52:31.822Z navigation:start http://edwards.yale.edu/archive?path=aHR0cDovL2Vkd2FyZHMueWFsZS5lZHUvY2dpLWJpbi9uZXdwaGlsby9nZXRvYmplY3QucGw%2FYy4yMTo2LndqZW8%3D
2026-08-26T06:52:32.401Z resource:omit http://fonts.gstatic.com/s/opensans/v44/memvYaGs126MiZpBA-UvWbX2vVnXBbObj2OVTS-mu0SC55I.woff2 reason=response.body: Response body is unavailable for redirect responses
2026-08-26T06:52:32.401Z resource:omit http://fonts.gstatic.com/s/playfairdisplay/v40/nuFiD-vYSZviVYUb_rj3ij__anPXDTzYgEM86xQ.woff2 reason=response.body: Response body is unavailable for redirect responses
2026-08-26T06:52:32.401Z resource:omit http://fonts.gstatic.com/s/opensans/v44/memvYaGs126MiZpBA-UvWbX2vVnXBbObj2OVTUGmu0SC55K5gw.woff2 reason=response.body: Response body is unavailable for redirect responses
2026-08-26T06:52:32.575Z resource:omit http://fonts.gstatic.com/s/playfairdisplay/v40/nuFkD-vYSZviVYUb_rj3ij__anPXDTnogkk7yRZrPA.woff2 reason=response.body: Response body is unavailable for redirect responses
2026-08-26T06:52:32.735Z resource:omit http://www.google-analytics.com/ga.js reason=response.body: Response body is unavailable for redirect responses
2026-08-26T06:52:32.744Z resource:omit http://www.google-analytics.com/__utm.gif?utmwv=5.7.2&utms=7&utmn=2094245696&utmhn=edwards.yale.edu&utmcs=UTF-8&utmsr=1280x720&utmvp=1280x720&utmsc=24-bit&utmul=pl&utmje=0&utmfl=-&utmdt=Search%20WJE%20Online%20%7C%20The%20Jonathan%20Edwards%20Center%20at%20Yale%20University&utmhid=299207116&utmr=-&utmp=%2Farchive%3Fpath%3DaHR0cDovL2Vkd2FyZHMueWFsZS5lZHUvY2dpLWJpbi9uZXdwaGlsby9nZXRvYmplY3QucGw%25252FYy4yMTo2LndqZW8%25253D&utmht=1787727152742&utmac=UA-1489454-4&utmcc=__utma%3D258641246.631019599.1787727113.1787727113.1787727113.1%3B%2B__utmz%3D258641246.1787727113.1.1.utmcsr%3D(direct)%7Cutmccn%3D(direct)%7Cutmcmd%3D(none)%3B&utmjid=&utmu=qAAAAAAAAAAAAAAAAAAAAAAE~ reason=response.body: Response body is unavailable for redirect responses
2026-08-26T06:52:33.513Z scroll:stable height=1920 samples=7
2026-08-26T06:52:34.633Z complete:006.html html=39686 assets=18
2026-08-26T06:52:37.136Z attempt:1/3 007.html
2026-08-26T06:52:37.136Z navigation:start http://edwards.yale.edu/archive?path=aHR0cDovL2Vkd2FyZHMueWFsZS5lZHUvY2dpLWJpbi9uZXdwaGlsby9nZXRvYmplY3QucGw%2FYy4yMTo3LndqZW8%3D
2026-08-26T06:52:37.652Z resource:omit http://fonts.gstatic.com/s/opensans/v44/memvYaGs126MiZpBA-UvWbX2vVnXBbObj2OVTS-mu0SC55I.woff2 reason=response.body: Response body is unavailable for redirect responses
2026-08-26T06:52:37.652Z resource:omit http://fonts.gstatic.com/s/playfairdisplay/v40/nuFiD-vYSZviVYUb_rj3ij__anPXDTzYgEM86xQ.woff2 reason=response.body: Response body is unavailable for redirect responses
2026-08-26T06:52:37.652Z resource:omit http://fonts.gstatic.com/s/opensans/v44/memvYaGs126MiZpBA-UvWbX2vVnXBbObj2OVTUGmu0SC55K5gw.woff2 reason=response.body: Response body is unavailable for redirect responses
2026-08-26T06:52:37.832Z resource:omit http://fonts.gstatic.com/s/playfairdisplay/v40/nuFkD-vYSZviVYUb_rj3ij__anPXDTnogkk7yRZrPA.woff2 reason=response.body: Response body is unavailable for redirect responses
2026-08-26T06:52:38.169Z resource:omit http://www.google-analytics.com/ga.js reason=response.body: Response body is unavailable for redirect responses
2026-08-26T06:52:38.174Z resource:omit http://www.google-analytics.com/__utm.gif?utmwv=5.7.2&utms=8&utmn=38729838&utmhn=edwards.yale.edu&utmcs=UTF-8&utmsr=1280x720&utmvp=1280x720&utmsc=24-bit&utmul=pl&utmje=0&utmfl=-&utmdt=Search%20WJE%20Online%20%7C%20The%20Jonathan%20Edwards%20Center%20at%20Yale%20University&utmhid=11150711&utmr=-&utmp=%2Farchive%3Fpath%3DaHR0cDovL2Vkd2FyZHMueWFsZS5lZHUvY2dpLWJpbi9uZXdwaGlsby9nZXRvYmplY3QucGw%25252FYy4yMTo3LndqZW8%25253D&utmht=1787727158172&utmac=UA-1489454-4&utmcc=__utma%3D258641246.631019599.1787727113.1787727113.1787727113.1%3B%2B__utmz%3D258641246.1787727113.1.1.utmcsr%3D(direct)%7Cutmccn%3D(direct)%7Cutmcmd%3D(none)%3B&utmjid=&utmu=qAAAAAAAAAAAAAAAAAAAAAAE~ reason=response.body: Response body is unavailable for redirect responses
2026-08-26T06:52:40.555Z scroll:stable height=8954 samples=20
2026-08-26T06:52:41.631Z complete:007.html html=75314 assets=18
2026-08-26T06:52:44.134Z attempt:1/3 008.html
2026-08-26T06:52:44.134Z navigation:start http://edwards.yale.edu/archive?path=aHR0cDovL2Vkd2FyZHMueWFsZS5lZHUvY2dpLWJpbi9uZXdwaGlsby9nZXRvYmplY3QucGw%2FYy4yMTo4LndqZW8%3D
2026-08-26T06:52:44.852Z resource:omit http://fonts.gstatic.com/s/opensans/v44/memvYaGs126MiZpBA-UvWbX2vVnXBbObj2OVTS-mu0SC55I.woff2 reason=response.body: Response body is unavailable for redirect responses
2026-08-26T06:52:44.852Z resource:omit http://fonts.gstatic.com/s/playfairdisplay/v40/nuFiD-vYSZviVYUb_rj3ij__anPXDTzYgEM86xQ.woff2 reason=response.body: Response body is unavailable for redirect responses
2026-08-26T06:52:44.852Z resource:omit http://fonts.gstatic.com/s/opensans/v44/memvYaGs126MiZpBA-UvWbX2vVnXBbObj2OVTUGmu0SC55K5gw.woff2 reason=response.body: Response body is unavailable for redirect responses
2026-08-26T06:52:45.531Z resource:omit http://fonts.gstatic.com/s/playfairdisplay/v40/nuFkD-vYSZviVYUb_rj3ij__anPXDTnogkk7yRZrPA.woff2 reason=response.body: Response body is unavailable for redirect responses
2026-08-26T06:52:46.048Z resource:omit http://www.google-analytics.com/ga.js reason=response.body: Response body is unavailable for redirect responses
2026-08-26T06:52:46.052Z resource:omit http://www.google-analytics.com/__utm.gif?utmwv=5.7.2&utms=9&utmn=572805722&utmhn=edwards.yale.edu&utmcs=UTF-8&utmsr=1280x720&utmvp=1280x720&utmsc=24-bit&utmul=pl&utmje=0&utmfl=-&utmdt=Search%20WJE%20Online%20%7C%20The%20Jonathan%20Edwards%20Center%20at%20Yale%20University&utmhid=1508658155&utmr=-&utmp=%2Farchive%3Fpath%3DaHR0cDovL2Vkd2FyZHMueWFsZS5lZHUvY2dpLWJpbi9uZXdwaGlsby9nZXRvYmplY3QucGw%25252FYy4yMTo4LndqZW8%25253D&utmht=1787727166050&utmac=UA-1489454-4&utmcc=__utma%3D258641246.631019599.1787727113.1787727113.1787727113.1%3B%2B__utmz%3D258641246.1787727113.1.1.utmcsr%3D(direct)%7Cutmccn%3D(direct)%7Cutmcmd%3D(none)%3B&utmjid=&utmu=qAAAAAAAAAAAAAAAAAAAAAAE~ reason=response.body: Response body is unavailable for redirect responses
2026-08-26T06:52:46.951Z scroll:stable height=2793 samples=8
2026-08-26T06:52:48.127Z complete:008.html html=45490 assets=18
2026-08-26T06:52:50.630Z attempt:1/3 009.html
2026-08-26T06:52:50.631Z navigation:start http://edwards.yale.edu/archive?path=aHR0cDovL2Vkd2FyZHMueWFsZS5lZHUvY2dpLWJpbi9uZXdwaGlsby9nZXRvYmplY3QucGw%2FYy4yMTo5LndqZW8%3D
2026-08-26T06:52:51.117Z resource:omit http://fonts.gstatic.com/s/opensans/v44/memvYaGs126MiZpBA-UvWbX2vVnXBbObj2OVTS-mu0SC55I.woff2 reason=response.body: Response body is unavailable for redirect responses
2026-08-26T06:52:51.118Z resource:omit http://fonts.gstatic.com/s/playfairdisplay/v40/nuFiD-vYSZviVYUb_rj3ij__anPXDTzYgEM86xQ.woff2 reason=response.body: Response body is unavailable for redirect responses
2026-08-26T06:52:51.118Z resource:omit http://fonts.gstatic.com/s/opensans/v44/memvYaGs126MiZpBA-UvWbX2vVnXBbObj2OVTUGmu0SC55K5gw.woff2 reason=response.body: Response body is unavailable for redirect responses
2026-08-26T06:52:51.316Z resource:omit http://fonts.gstatic.com/s/playfairdisplay/v40/nuFkD-vYSZviVYUb_rj3ij__anPXDTnogkk7yRZrPA.woff2 reason=response.body: Response body is unavailable for redirect responses
2026-08-26T06:52:51.671Z resource:omit http://www.google-analytics.com/ga.js reason=response.body: Response body is unavailable for redirect responses
2026-08-26T06:52:51.676Z resource:omit http://www.google-analytics.com/__utm.gif?utmwv=5.7.2&utms=10&utmn=1118885994&utmhn=edwards.yale.edu&utmcs=UTF-8&utmsr=1280x720&utmvp=1280x720&utmsc=24-bit&utmul=pl&utmje=0&utmfl=-&utmdt=Search%20WJE%20Online%20%7C%20The%20Jonathan%20Edwards%20Center%20at%20Yale%20University&utmhid=1001153867&utmr=-&utmp=%2Farchive%3Fpath%3DaHR0cDovL2Vkd2FyZHMueWFsZS5lZHUvY2dpLWJpbi9uZXdwaGlsby9nZXRvYmplY3QucGw%25252FYy4yMTo5LndqZW8%25253D&utmht=1787727171674&utmac=UA-1489454-4&utmcc=__utma%3D258641246.631019599.1787727113.1787727113.1787727113.1%3B%2B__utmz%3D258641246.1787727113.1.1.utmcsr%3D(direct)%7Cutmccn%3D(direct)%7Cutmcmd%3D(none)%3B&utmjid=&utmu=qAAAAAAAAAAAAAAAAAAAAAAE~ reason=response.body: Response body is unavailable for redirect responses
2026-08-26T06:52:53.751Z scroll:stable height=7495 samples=17
2026-08-26T06:52:54.813Z complete:009.html html=66557 assets=18
2026-08-26T06:52:57.316Z attempt:1/3 010.html
2026-08-26T06:52:57.316Z navigation:start http://edwards.yale.edu/archive?path=aHR0cDovL2Vkd2FyZHMueWFsZS5lZHUvY2dpLWJpbi9uZXdwaGlsby9nZXRvYmplY3QucGw%2FYy4yMToxMC53amVv
2026-08-26T06:52:57.886Z resource:omit http://fonts.gstatic.com/s/opensans/v44/memvYaGs126MiZpBA-UvWbX2vVnXBbObj2OVTS-mu0SC55I.woff2 reason=response.body: Response body is unavailable for redirect responses
2026-08-26T06:52:57.886Z resource:omit http://fonts.gstatic.com/s/opensans/v44/memvYaGs126MiZpBA-UvWbX2vVnXBbObj2OVTUGmu0SC55K5gw.woff2 reason=response.body: Response body is unavailable for redirect responses
2026-08-26T06:52:57.886Z resource:omit http://fonts.gstatic.com/s/playfairdisplay/v40/nuFiD-vYSZviVYUb_rj3ij__anPXDTzYgEM86xQ.woff2 reason=response.body: Response body is unavailable for redirect responses
2026-08-26T06:52:58.091Z resource:omit http://fonts.gstatic.com/s/playfairdisplay/v40/nuFkD-vYSZviVYUb_rj3ij__anPXDTnogkk7yRZrPA.woff2 reason=response.body: Response body is unavailable for redirect responses
2026-08-26T06:52:58.247Z resource:omit http://www.google-analytics.com/ga.js reason=response.body: Response body is unavailable for redirect responses
2026-08-26T06:52:58.251Z resource:omit http://www.google-analytics.com/__utm.gif?utmwv=5.7.2&utms=11&utmn=585117287&utmhn=edwards.yale.edu&utmcs=UTF-8&utmsr=1280x720&utmvp=1280x720&utmsc=24-bit&utmul=pl&utmje=0&utmfl=-&utmdt=Search%20WJE%20Online%20%7C%20The%20Jonathan%20Edwards%20Center%20at%20Yale%20University&utmhid=322647278&utmr=-&utmp=%2Farchive%3Fpath%3DaHR0cDovL2Vkd2FyZHMueWFsZS5lZHUvY2dpLWJpbi9uZXdwaGlsby9nZXRvYmplY3QucGw%25252FYy4yMToxMC53amVv&utmht=1787727178248&utmac=UA-1489454-4&utmcc=__utma%3D258641246.631019599.1787727113.1787727113.1787727113.1%3B%2B__utmz%3D258641246.1787727113.1.1.utmcsr%3D(direct)%7Cutmccn%3D(direct)%7Cutmcmd%3D(none)%3B&utmjid=&utmu=qAAAAAAAAAAAAAAAAAAAAAAE~ reason=response.body: Response body is unavailable for redirect responses
2026-08-26T06:52:59.014Z scroll:stable height=2318 samples=7
2026-08-26T06:53:00.142Z complete:010.html html=42073 assets=18
2026-08-26T06:53:02.643Z attempt:1/3 011.html
2026-08-26T06:53:02.643Z navigation:start http://edwards.yale.edu/archive?path=aHR0cDovL2Vkd2FyZHMueWFsZS5lZHUvY2dpLWJpbi9uZXdwaGlsby9nZXRvYmplY3QucGw%2FYy4yMToxMS53amVv
2026-08-26T06:53:03.184Z resource:omit http://fonts.gstatic.com/s/opensans/v44/memvYaGs126MiZpBA-UvWbX2vVnXBbObj2OVTS-mu0SC55I.woff2 reason=response.body: Response body is unavailable for redirect responses
2026-08-26T06:53:03.185Z resource:omit http://fonts.gstatic.com/s/opensans/v44/memvYaGs126MiZpBA-UvWbX2vVnXBbObj2OVTUGmu0SC55K5gw.woff2 reason=response.body: Response body is unavailable for redirect responses
2026-08-26T06:53:03.185Z resource:omit http://fonts.gstatic.com/s/playfairdisplay/v40/nuFiD-vYSZviVYUb_rj3ij__anPXDTzYgEM86xQ.woff2 reason=response.body: Response body is unavailable for redirect responses
2026-08-26T06:53:03.382Z resource:omit http://fonts.gstatic.com/s/playfairdisplay/v40/nuFkD-vYSZviVYUb_rj3ij__anPXDTnogkk7yRZrPA.woff2 reason=response.body: Response body is unavailable for redirect responses
2026-08-26T06:53:04.077Z resource:omit http://www.google-analytics.com/ga.js reason=response.body: Response body is unavailable for redirect responses
2026-08-26T06:53:04.084Z resource:omit http://www.google-analytics.com/__utm.gif?utmwv=5.7.2&utms=12&utmn=903123836&utmhn=edwards.yale.edu&utmcs=UTF-8&utmsr=1280x720&utmvp=1280x720&utmsc=24-bit&utmul=pl&utmje=0&utmfl=-&utmdt=Search%20WJE%20Online%20%7C%20The%20Jonathan%20Edwards%20Center%20at%20Yale%20University&utmhid=1472402328&utmr=-&utmp=%2Farchive%3Fpath%3DaHR0cDovL2Vkd2FyZHMueWFsZS5lZHUvY2dpLWJpbi9uZXdwaGlsby9nZXRvYmplY3QucGw%25252FYy4yMToxMS53amVv&utmht=1787727184082&utmac=UA-1489454-4&utmcc=__utma%3D258641246.631019599.1787727113.1787727113.1787727113.1%3B%2B__utmz%3D258641246.1787727113.1.1.utmcsr%3D(direct)%7Cutmccn%3D(direct)%7Cutmcmd%3D(none)%3B&utmjid=&utmu=qAAAAAAAAAAAAAAAAAAAAAAE~ reason=response.body: Response body is unavailable for redirect responses
2026-08-26T06:53:06.935Z scroll:stable height=11023 samples=24
2026-08-26T06:53:07.992Z complete:011.html html=94190 assets=18
2026-08-26T06:53:10.494Z attempt:1/3 012.html
2026-08-26T06:53:10.496Z navigation:start http://edwards.yale.edu/archive?path=aHR0cDovL2Vkd2FyZHMueWFsZS5lZHUvY2dpLWJpbi9uZXdwaGlsby9nZXRvYmplY3QucGw%2FYy4yMToxMi53amVv
2026-08-26T06:53:11.006Z resource:omit http://fonts.gstatic.com/s/playfairdisplay/v40/nuFiD-vYSZviVYUb_rj3ij__anPXDTzYgEM86xQ.woff2 reason=response.body: Response body is unavailable for redirect responses
2026-08-26T06:53:11.006Z resource:omit http://fonts.gstatic.com/s/opensans/v44/memvYaGs126MiZpBA-UvWbX2vVnXBbObj2OVTUGmu0SC55K5gw.woff2 reason=response.body: Response body is unavailable for redirect responses
2026-08-26T06:53:11.006Z resource:omit http://fonts.gstatic.com/s/opensans/v44/memvYaGs126MiZpBA-UvWbX2vVnXBbObj2OVTS-mu0SC55I.woff2 reason=response.body: Response body is unavailable for redirect responses
2026-08-26T06:53:11.198Z resource:omit http://fonts.gstatic.com/s/playfairdisplay/v40/nuFkD-vYSZviVYUb_rj3ij__anPXDTnogkk7yRZrPA.woff2 reason=response.body: Response body is unavailable for redirect responses
2026-08-26T06:53:11.356Z resource:omit http://www.google-analytics.com/ga.js reason=response.body: Response body is unavailable for redirect responses
2026-08-26T06:53:11.360Z resource:omit http://www.google-analytics.com/__utm.gif?utmwv=5.7.2&utms=13&utmn=284560767&utmhn=edwards.yale.edu&utmcs=UTF-8&utmsr=1280x720&utmvp=1280x720&utmsc=24-bit&utmul=pl&utmje=0&utmfl=-&utmdt=Search%20WJE%20Online%20%7C%20The%20Jonathan%20Edwards%20Center%20at%20Yale%20University&utmhid=1128132139&utmr=-&utmp=%2Farchive%3Fpath%3DaHR0cDovL2Vkd2FyZHMueWFsZS5lZHUvY2dpLWJpbi9uZXdwaGlsby9nZXRvYmplY3QucGw%25252FYy4yMToxMi53amVv&utmht=1787727191358&utmac=UA-1489454-4&utmcc=__utma%3D258641246.631019599.1787727113.1787727113.1787727113.1%3B%2B__utmz%3D258641246.1787727113.1.1.utmcsr%3D(direct)%7Cutmccn%3D(direct)%7Cutmcmd%3D(none)%3B&utmjid=&utmu=qAAAAAAAAAAAAAAAAAAAAAAE~ reason=response.body: Response body is unavailable for redirect responses
2026-08-26T06:53:12.011Z scroll:stable height=1758 samples=6
2026-08-26T06:53:13.253Z complete:012.html html=38603 assets=18
2026-08-26T06:53:15.755Z attempt:1/3 013.html
2026-08-26T06:53:15.755Z navigation:start http://edwards.yale.edu/archive?path=aHR0cDovL2Vkd2FyZHMueWFsZS5lZHUvY2dpLWJpbi9uZXdwaGlsby9nZXRvYmplY3QucGw%2FYy4yMToxMy53amVv
2026-08-26T06:53:16.292Z resource:omit http://fonts.gstatic.com/s/opensans/v44/memvYaGs126MiZpBA-UvWbX2vVnXBbObj2OVTS-mu0SC55I.woff2 reason=response.body: Response body is unavailable for redirect responses
2026-08-26T06:53:16.292Z resource:omit http://fonts.gstatic.com/s/opensans/v44/memvYaGs126MiZpBA-UvWbX2vVnXBbObj2OVTUGmu0SC55K5gw.woff2 reason=response.body: Response body is unavailable for redirect responses
2026-08-26T06:53:16.292Z resource:omit http://fonts.gstatic.com/s/playfairdisplay/v40/nuFiD-vYSZviVYUb_rj3ij__anPXDTzYgEM86xQ.woff2 reason=response.body: Response body is unavailable for redirect responses
2026-08-26T06:53:16.472Z resource:omit http://fonts.gstatic.com/s/playfairdisplay/v40/nuFkD-vYSZviVYUb_rj3ij__anPXDTnogkk7yRZrPA.woff2 reason=response.body: Response body is unavailable for redirect responses
2026-08-26T06:53:16.803Z resource:omit http://www.google-analytics.com/ga.js reason=response.body: Response body is unavailable for redirect responses
2026-08-26T06:53:16.808Z resource:omit http://www.google-analytics.com/__utm.gif?utmwv=5.7.2&utms=14&utmn=1671322835&utmhn=edwards.yale.edu&utmcs=UTF-8&utmsr=1280x720&utmvp=1280x720&utmsc=24-bit&utmul=pl&utmje=0&utmfl=-&utmdt=Search%20WJE%20Online%20%7C%20The%20Jonathan%20Edwards%20Center%20at%20Yale%20University&utmhid=169840380&utmr=-&utmp=%2Farchive%3Fpath%3DaHR0cDovL2Vkd2FyZHMueWFsZS5lZHUvY2dpLWJpbi9uZXdwaGlsby9nZXRvYmplY3QucGw%25252FYy4yMToxMy53amVv&utmht=1787727196806&utmac=UA-1489454-4&utmcc=__utma%3D258641246.631019599.1787727113.1787727113.1787727113.1%3B%2B__utmz%3D258641246.1787727113.1.1.utmcsr%3D(direct)%7Cutmccn%3D(direct)%7Cutmcmd%3D(none)%3B&utmjid=&utmu=qAAAAAAAAAAAAAAAAAAAAAAE~ reason=response.body: Response body is unavailable for redirect responses
2026-08-26T06:53:18.195Z scroll:stable height=4650 samples=12
2026-08-26T06:53:19.255Z complete:013.html html=48890 assets=18
2026-08-26T06:53:21.756Z attempt:1/3 014.html
2026-08-26T06:53:21.757Z navigation:start http://edwards.yale.edu/archive?path=aHR0cDovL2Vkd2FyZHMueWFsZS5lZHUvY2dpLWJpbi9uZXdwaGlsby9nZXRvYmplY3QucGw%2FYy4yMToxNC53amVv
2026-08-26T06:53:22.298Z resource:omit http://fonts.gstatic.com/s/playfairdisplay/v40/nuFiD-vYSZviVYUb_rj3ij__anPXDTzYgEM86xQ.woff2 reason=response.body: Response body is unavailable for redirect responses
2026-08-26T06:53:22.298Z resource:omit http://fonts.gstatic.com/s/opensans/v44/memvYaGs126MiZpBA-UvWbX2vVnXBbObj2OVTS-mu0SC55I.woff2 reason=response.body: Response body is unavailable for redirect responses
2026-08-26T06:53:22.298Z resource:omit http://fonts.gstatic.com/s/opensans/v44/memvYaGs126MiZpBA-UvWbX2vVnXBbObj2OVTUGmu0SC55K5gw.woff2 reason=response.body: Response body is unavailable for redirect responses
2026-08-26T06:53:22.472Z resource:omit http://fonts.gstatic.com/s/playfairdisplay/v40/nuFkD-vYSZviVYUb_rj3ij__anPXDTnogkk7yRZrPA.woff2 reason=response.body: Response body is unavailable for redirect responses
2026-08-26T06:53:22.714Z resource:omit http://www.google-analytics.com/ga.js reason=response.body: Response body is unavailable for redirect responses
2026-08-26T06:53:22.718Z resource:omit http://www.google-analytics.com/__utm.gif?utmwv=5.7.2&utms=15&utmn=1855787179&utmhn=edwards.yale.edu&utmcs=UTF-8&utmsr=1280x720&utmvp=1280x720&utmsc=24-bit&utmul=pl&utmje=0&utmfl=-&utmdt=Search%20WJE%20Online%20%7C%20The%20Jonathan%20Edwards%20Center%20at%20Yale%20University&utmhid=121674849&utmr=-&utmp=%2Farchive%3Fpath%3DaHR0cDovL2Vkd2FyZHMueWFsZS5lZHUvY2dpLWJpbi9uZXdwaGlsby9nZXRvYmplY3QucGw%25252FYy4yMToxNC53amVv&utmht=1787727202716&utmac=UA-1489454-4&utmcc=__utma%3D258641246.631019599.1787727113.1787727113.1787727113.1%3B%2B__utmz%3D258641246.1787727113.1.1.utmcsr%3D(direct)%7Cutmccn%3D(direct)%7Cutmcmd%3D(none)%3B&utmjid=&utmu=qAAAAAAAAAAAAAAAAAAAAAAE~ reason=response.body: Response body is unavailable for redirect responses
2026-08-26T06:53:23.609Z scroll:stable height=2371 samples=8
2026-08-26T06:53:24.669Z complete:014.html html=42018 assets=18
2026-08-26T06:53:27.171Z attempt:1/3 015.html
2026-08-26T06:53:27.171Z navigation:start http://edwards.yale.edu/archive?path=aHR0cDovL2Vkd2FyZHMueWFsZS5lZHUvY2dpLWJpbi9uZXdwaGlsby9nZXRvYmplY3QucGw%2FYy4yMToxNS53amVv
2026-08-26T06:53:27.797Z resource:omit http://fonts.gstatic.com/s/opensans/v44/memvYaGs126MiZpBA-UvWbX2vVnXBbObj2OVTS-mu0SC55I.woff2 reason=response.body: Response body is unavailable for redirect responses
2026-08-26T06:53:27.797Z resource:omit http://fonts.gstatic.com/s/playfairdisplay/v40/nuFiD-vYSZviVYUb_rj3ij__anPXDTzYgEM86xQ.woff2 reason=response.body: Response body is unavailable for redirect responses
2026-08-26T06:53:27.798Z resource:omit http://fonts.gstatic.com/s/opensans/v44/memvYaGs126MiZpBA-UvWbX2vVnXBbObj2OVTUGmu0SC55K5gw.woff2 reason=response.body: Response body is unavailable for redirect responses
2026-08-26T06:53:27.972Z resource:omit http://fonts.gstatic.com/s/playfairdisplay/v40/nuFkD-vYSZviVYUb_rj3ij__anPXDTnogkk7yRZrPA.woff2 reason=response.body: Response body is unavailable for redirect responses
2026-08-26T06:53:28.708Z resource:omit http://www.google-analytics.com/ga.js reason=response.body: Response body is unavailable for redirect responses
2026-08-26T06:53:28.715Z resource:omit http://www.google-analytics.com/__utm.gif?utmwv=5.7.2&utms=16&utmn=897555820&utmhn=edwards.yale.edu&utmcs=UTF-8&utmsr=1280x720&utmvp=1280x720&utmsc=24-bit&utmul=pl&utmje=0&utmfl=-&utmdt=Search%20WJE%20Online%20%7C%20The%20Jonathan%20Edwards%20Center%20at%20Yale%20University&utmhid=1482784322&utmr=-&utmp=%2Farchive%3Fpath%3DaHR0cDovL2Vkd2FyZHMueWFsZS5lZHUvY2dpLWJpbi9uZXdwaGlsby9nZXRvYmplY3QucGw%25252FYy4yMToxNS53amVv&utmht=1787727208711&utmac=UA-1489454-4&utmcc=__utma%3D258641246.631019599.1787727113.1787727113.1787727113.1%3B%2B__utmz%3D258641246.1787727113.1.1.utmcsr%3D(direct)%7Cutmccn%3D(direct)%7Cutmcmd%3D(none)%3B&utmjid=&utmu=qAAAAAAAAAAAAAAAAAAAAAAE~ reason=response.body: Response body is unavailable for redirect responses
2026-08-26T06:53:31.951Z scroll:stable height=12673 samples=27
2026-08-26T06:53:33.015Z complete:015.html html=101401 assets=18
2026-08-26T06:53:35.517Z attempt:1/3 016.html
2026-08-26T06:53:35.518Z navigation:start http://edwards.yale.edu/archive?path=aHR0cDovL2Vkd2FyZHMueWFsZS5lZHUvY2dpLWJpbi9uZXdwaGlsby9nZXRvYmplY3QucGw%2FYy4yMToxNi53amVv
2026-08-26T06:53:36.037Z resource:omit http://fonts.gstatic.com/s/opensans/v44/memvYaGs126MiZpBA-UvWbX2vVnXBbObj2OVTS-mu0SC55I.woff2 reason=response.body: Response body is unavailable for redirect responses
2026-08-26T06:53:36.037Z resource:omit http://fonts.gstatic.com/s/playfairdisplay/v40/nuFiD-vYSZviVYUb_rj3ij__anPXDTzYgEM86xQ.woff2 reason=response.body: Response body is unavailable for redirect responses
2026-08-26T06:53:36.037Z resource:omit http://fonts.gstatic.com/s/opensans/v44/memvYaGs126MiZpBA-UvWbX2vVnXBbObj2OVTUGmu0SC55K5gw.woff2 reason=response.body: Response body is unavailable for redirect responses
2026-08-26T06:53:36.214Z resource:omit http://fonts.gstatic.com/s/playfairdisplay/v40/nuFkD-vYSZviVYUb_rj3ij__anPXDTnogkk7yRZrPA.woff2 reason=response.body: Response body is unavailable for redirect responses
2026-08-26T06:53:36.371Z resource:omit http://www.google-analytics.com/ga.js reason=response.body: Response body is unavailable for redirect responses
2026-08-26T06:53:36.376Z resource:omit http://www.google-analytics.com/__utm.gif?utmwv=5.7.2&utms=17&utmn=1285782377&utmhn=edwards.yale.edu&utmcs=UTF-8&utmsr=1280x720&utmvp=1280x720&utmsc=24-bit&utmul=pl&utmje=0&utmfl=-&utmdt=Search%20WJE%20Online%20%7C%20The%20Jonathan%20Edwards%20Center%20at%20Yale%20University&utmhid=903939355&utmr=-&utmp=%2Farchive%3Fpath%3DaHR0cDovL2Vkd2FyZHMueWFsZS5lZHUvY2dpLWJpbi9uZXdwaGlsby9nZXRvYmplY3QucGw%25252FYy4yMToxNi53amVv&utmht=1787727216374&utmac=UA-1489454-4&utmcc=__utma%3D258641246.631019599.1787727113.1787727113.1787727113.1%3B%2B__utmz%3D258641246.1787727113.1.1.utmcsr%3D(direct)%7Cutmccn%3D(direct)%7Cutmcmd%3D(none)%3B&utmjid=&utmu=qAAAAAAAAAAAAAAAAAAAAAAE~ reason=response.body: Response body is unavailable for redirect responses
2026-08-26T06:53:37.148Z scroll:stable height=2107 samples=7
2026-08-26T06:53:38.204Z complete:016.html html=40665 assets=18
2026-08-26T06:53:40.706Z attempt:1/3 017.html
2026-08-26T06:53:40.706Z navigation:start http://edwards.yale.edu/archive?path=aHR0cDovL2Vkd2FyZHMueWFsZS5lZHUvY2dpLWJpbi9uZXdwaGlsby9nZXRvYmplY3QucGw%2FYy4yMToxNy53amVv
2026-08-26T06:53:41.258Z resource:omit http://fonts.gstatic.com/s/opensans/v44/memvYaGs126MiZpBA-UvWbX2vVnXBbObj2OVTS-mu0SC55I.woff2 reason=response.body: Response body is unavailable for redirect responses
2026-08-26T06:53:41.259Z resource:omit http://fonts.gstatic.com/s/playfairdisplay/v40/nuFiD-vYSZviVYUb_rj3ij__anPXDTzYgEM86xQ.woff2 reason=response.body: Response body is unavailable for redirect responses
2026-08-26T06:53:41.259Z resource:omit http://fonts.gstatic.com/s/opensans/v44/memvYaGs126MiZpBA-UvWbX2vVnXBbObj2OVTUGmu0SC55K5gw.woff2 reason=response.body: Response body is unavailable for redirect responses
2026-08-26T06:53:41.438Z resource:omit http://fonts.gstatic.com/s/playfairdisplay/v40/nuFkD-vYSZviVYUb_rj3ij__anPXDTnogkk7yRZrPA.woff2 reason=response.body: Response body is unavailable for redirect responses
2026-08-26T06:53:41.969Z resource:omit http://www.google-analytics.com/ga.js reason=response.body: Response body is unavailable for redirect responses
2026-08-26T06:53:41.974Z resource:omit http://www.google-analytics.com/__utm.gif?utmwv=5.7.2&utms=18&utmn=1550897411&utmhn=edwards.yale.edu&utmcs=UTF-8&utmsr=1280x720&utmvp=1280x720&utmsc=24-bit&utmul=pl&utmje=0&utmfl=-&utmdt=Search%20WJE%20Online%20%7C%20The%20Jonathan%20Edwards%20Center%20at%20Yale%20University&utmhid=120312132&utmr=-&utmp=%2Farchive%3Fpath%3DaHR0cDovL2Vkd2FyZHMueWFsZS5lZHUvY2dpLWJpbi9uZXdwaGlsby9nZXRvYmplY3QucGw%25252FYy4yMToxNy53amVv&utmht=1787727221971&utmac=UA-1489454-4&utmcc=__utma%3D258641246.631019599.1787727113.1787727113.1787727113.1%3B%2B__utmz%3D258641246.1787727113.1.1.utmcsr%3D(direct)%7Cutmccn%3D(direct)%7Cutmcmd%3D(none)%3B&utmjid=&utmu=qAAAAAAAAAAAAAAAAAAAAAAE~ reason=response.body: Response body is unavailable for redirect responses
2026-08-26T06:53:44.703Z scroll:stable height=10443 samples=23
2026-08-26T06:53:45.759Z complete:017.html html=86932 assets=18
2026-08-26T06:53:48.261Z attempt:1/3 018.html
2026-08-26T06:53:48.262Z navigation:start http://edwards.yale.edu/archive?path=aHR0cDovL2Vkd2FyZHMueWFsZS5lZHUvY2dpLWJpbi9uZXdwaGlsby9nZXRvYmplY3QucGw%2FYy4yMToxOC53amVv
2026-08-26T06:53:49.118Z resource:omit http://fonts.gstatic.com/s/opensans/v44/memvYaGs126MiZpBA-UvWbX2vVnXBbObj2OVTS-mu0SC55I.woff2 reason=response.body: Response body is unavailable for redirect responses
2026-08-26T06:53:49.118Z resource:omit http://fonts.gstatic.com/s/playfairdisplay/v40/nuFiD-vYSZviVYUb_rj3ij__anPXDTzYgEM86xQ.woff2 reason=response.body: Response body is unavailable for redirect responses
2026-08-26T06:53:49.119Z resource:omit http://fonts.gstatic.com/s/opensans/v44/memvYaGs126MiZpBA-UvWbX2vVnXBbObj2OVTUGmu0SC55K5gw.woff2 reason=response.body: Response body is unavailable for redirect responses
2026-08-26T06:53:49.997Z resource:omit http://fonts.gstatic.com/s/playfairdisplay/v40/nuFkD-vYSZviVYUb_rj3ij__anPXDTnogkk7yRZrPA.woff2 reason=response.body: Response body is unavailable for redirect responses
2026-08-26T06:53:50.579Z resource:omit http://www.google-analytics.com/ga.js reason=response.body: Response body is unavailable for redirect responses
2026-08-26T06:53:50.581Z resource:omit http://www.google-analytics.com/__utm.gif?utmwv=5.7.2&utms=19&utmn=2030798118&utmhn=edwards.yale.edu&utmcs=UTF-8&utmsr=1280x720&utmvp=1280x720&utmsc=24-bit&utmul=pl&utmje=0&utmfl=-&utmdt=Search%20WJE%20Online%20%7C%20The%20Jonathan%20Edwards%20Center%20at%20Yale%20University&utmhid=1612837427&utmr=-&utmp=%2Farchive%3Fpath%3DaHR0cDovL2Vkd2FyZHMueWFsZS5lZHUvY2dpLWJpbi9uZXdwaGlsby9nZXRvYmplY3QucGw%25252FYy4yMToxOC53amVv&utmht=1787727230578&utmac=UA-1489454-4&utmcc=__utma%3D258641246.631019599.1787727113.1787727113.1787727113.1%3B%2B__utmz%3D258641246.1787727113.1.1.utmcsr%3D(direct)%7Cutmccn%3D(direct)%7Cutmcmd%3D(none)%3B&utmjid=&utmu=qAAAAAAAAAAAAAAAAAAAAAAE~ reason=response.body: Response body is unavailable for redirect responses
2026-08-26T06:53:51.348Z scroll:stable height=1860 samples=7
2026-08-26T06:53:53.687Z complete:018.html html=38376 assets=18
2026-08-26T06:53:56.189Z attempt:1/3 019.html
2026-08-26T06:53:56.190Z navigation:start http://edwards.yale.edu/archive?path=aHR0cDovL2Vkd2FyZHMueWFsZS5lZHUvY2dpLWJpbi9uZXdwaGlsby9nZXRvYmplY3QucGw%2FYy4yMToxOS53amVv
2026-08-26T06:53:56.796Z resource:omit http://fonts.gstatic.com/s/playfairdisplay/v40/nuFiD-vYSZviVYUb_rj3ij__anPXDTzYgEM86xQ.woff2 reason=response.body: Response body is unavailable for redirect responses
2026-08-26T06:53:56.796Z resource:omit http://fonts.gstatic.com/s/opensans/v44/memvYaGs126MiZpBA-UvWbX2vVnXBbObj2OVTS-mu0SC55I.woff2 reason=response.body: Response body is unavailable for redirect responses
2026-08-26T06:53:56.796Z resource:omit http://fonts.gstatic.com/s/opensans/v44/memvYaGs126MiZpBA-UvWbX2vVnXBbObj2OVTUGmu0SC55K5gw.woff2 reason=response.body: Response body is unavailable for redirect responses
2026-08-26T06:53:57.088Z resource:omit http://fonts.gstatic.com/s/playfairdisplay/v40/nuFkD-vYSZviVYUb_rj3ij__anPXDTnogkk7yRZrPA.woff2 reason=response.body: Response body is unavailable for redirect responses
2026-08-26T06:53:57.494Z resource:omit http://www.google-analytics.com/ga.js reason=response.body: Response body is unavailable for redirect responses
2026-08-26T06:53:57.499Z resource:omit http://www.google-analytics.com/__utm.gif?utmwv=5.7.2&utms=20&utmn=1178079717&utmhn=edwards.yale.edu&utmcs=UTF-8&utmsr=1280x720&utmvp=1280x720&utmsc=24-bit&utmul=pl&utmje=0&utmfl=-&utmdt=Search%20WJE%20Online%20%7C%20The%20Jonathan%20Edwards%20Center%20at%20Yale%20University&utmhid=1406641572&utmr=-&utmp=%2Farchive%3Fpath%3DaHR0cDovL2Vkd2FyZHMueWFsZS5lZHUvY2dpLWJpbi9uZXdwaGlsby9nZXRvYmplY3QucGw%25252FYy4yMToxOS53amVv&utmht=1787727237496&utmac=UA-1489454-4&utmcc=__utma%3D258641246.631019599.1787727113.1787727113.1787727113.1%3B%2B__utmz%3D258641246.1787727113.1.1.utmcsr%3D(direct)%7Cutmccn%3D(direct)%7Cutmcmd%3D(none)%3B&utmjid=&utmu=qAAAAAAAAAAAAAAAAAAAAAAE~ reason=response.body: Response body is unavailable for redirect responses
2026-08-26T06:53:58.996Z scroll:stable height=5568 samples=13
2026-08-26T06:54:00.048Z complete:019.html html=59099 assets=18
2026-08-26T06:54:02.550Z attempt:1/3 020.html
2026-08-26T06:54:02.550Z navigation:start http://edwards.yale.edu/archive?path=aHR0cDovL2Vkd2FyZHMueWFsZS5lZHUvY2dpLWJpbi9uZXdwaGlsby9nZXRvYmplY3QucGw%2FYy4yMToyMC53amVv
2026-08-26T06:54:03.098Z resource:omit http://fonts.gstatic.com/s/opensans/v44/memvYaGs126MiZpBA-UvWbX2vVnXBbObj2OVTS-mu0SC55I.woff2 reason=response.body: Response body is unavailable for redirect responses
2026-08-26T06:54:03.098Z resource:omit http://fonts.gstatic.com/s/playfairdisplay/v40/nuFiD-vYSZviVYUb_rj3ij__anPXDTzYgEM86xQ.woff2 reason=response.body: Response body is unavailable for redirect responses
2026-08-26T06:54:03.098Z resource:omit http://fonts.gstatic.com/s/opensans/v44/memvYaGs126MiZpBA-UvWbX2vVnXBbObj2OVTUGmu0SC55K5gw.woff2 reason=response.body: Response body is unavailable for redirect responses
2026-08-26T06:54:03.280Z resource:omit http://fonts.gstatic.com/s/playfairdisplay/v40/nuFkD-vYSZviVYUb_rj3ij__anPXDTnogkk7yRZrPA.woff2 reason=response.body: Response body is unavailable for redirect responses
2026-08-26T06:54:03.437Z resource:omit http://www.google-analytics.com/ga.js reason=response.body: Response body is unavailable for redirect responses
2026-08-26T06:54:03.441Z resource:omit http://www.google-analytics.com/__utm.gif?utmwv=5.7.2&utms=21&utmn=931089229&utmhn=edwards.yale.edu&utmcs=UTF-8&utmsr=1280x720&utmvp=1280x720&utmsc=24-bit&utmul=pl&utmje=0&utmfl=-&utmdt=Search%20WJE%20Online%20%7C%20The%20Jonathan%20Edwards%20Center%20at%20Yale%20University&utmhid=9544490&utmr=-&utmp=%2Farchive%3Fpath%3DaHR0cDovL2Vkd2FyZHMueWFsZS5lZHUvY2dpLWJpbi9uZXdwaGlsby9nZXRvYmplY3QucGw%25252FYy4yMToyMC53amVv&utmht=1787727243439&utmac=UA-1489454-4&utmcc=__utma%3D258641246.631019599.1787727113.1787727113.1787727113.1%3B%2B__utmz%3D258641246.1787727113.1.1.utmcsr%3D(direct)%7Cutmccn%3D(direct)%7Cutmcmd%3D(none)%3B&utmjid=&utmu=qAAAAAAAAAAAAAAAAAAAAAAE~ reason=response.body: Response body is unavailable for redirect responses
2026-08-26T06:54:04.324Z scroll:stable height=2532 samples=8
2026-08-26T06:54:05.375Z complete:020.html html=43943 assets=18
2026-08-26T06:54:07.878Z attempt:1/3 021.html
2026-08-26T06:54:07.878Z navigation:start http://edwards.yale.edu/archive?path=aHR0cDovL2Vkd2FyZHMueWFsZS5lZHUvY2dpLWJpbi9uZXdwaGlsby9nZXRvYmplY3QucGw%2FYy4yMToyMS53amVv
2026-08-26T06:54:08.413Z resource:omit http://fonts.gstatic.com/s/opensans/v44/memvYaGs126MiZpBA-UvWbX2vVnXBbObj2OVTS-mu0SC55I.woff2 reason=response.body: Response body is unavailable for redirect responses
2026-08-26T06:54:08.413Z resource:omit http://fonts.gstatic.com/s/playfairdisplay/v40/nuFiD-vYSZviVYUb_rj3ij__anPXDTzYgEM86xQ.woff2 reason=response.body: Response body is unavailable for redirect responses
2026-08-26T06:54:08.413Z resource:omit http://fonts.gstatic.com/s/opensans/v44/memvYaGs126MiZpBA-UvWbX2vVnXBbObj2OVTUGmu0SC55K5gw.woff2 reason=response.body: Response body is unavailable for redirect responses
2026-08-26T06:54:08.597Z resource:omit http://fonts.gstatic.com/s/playfairdisplay/v40/nuFkD-vYSZviVYUb_rj3ij__anPXDTnogkk7yRZrPA.woff2 reason=response.body: Response body is unavailable for redirect responses
2026-08-26T06:54:08.922Z resource:omit http://www.google-analytics.com/ga.js reason=response.body: Response body is unavailable for redirect responses
2026-08-26T06:54:08.927Z resource:omit http://www.google-analytics.com/__utm.gif?utmwv=5.7.2&utms=22&utmn=1032115120&utmhn=edwards.yale.edu&utmcs=UTF-8&utmsr=1280x720&utmvp=1280x720&utmsc=24-bit&utmul=pl&utmje=0&utmfl=-&utmdt=Search%20WJE%20Online%20%7C%20The%20Jonathan%20Edwards%20Center%20at%20Yale%20University&utmhid=1660329584&utmr=-&utmp=%2Farchive%3Fpath%3DaHR0cDovL2Vkd2FyZHMueWFsZS5lZHUvY2dpLWJpbi9uZXdwaGlsby9nZXRvYmplY3QucGw%25252FYy4yMToyMS53amVv&utmht=1787727248925&utmac=UA-1489454-4&utmcc=__utma%3D258641246.631019599.1787727113.1787727113.1787727113.1%3B%2B__utmz%3D258641246.1787727113.1.1.utmcsr%3D(direct)%7Cutmccn%3D(direct)%7Cutmcmd%3D(none)%3B&utmjid=&utmu=qAAAAAAAAAAAAAAAAAAAAAAE~ reason=response.body: Response body is unavailable for redirect responses
2026-08-26T06:54:10.809Z scroll:stable height=6714 samples=16
2026-08-26T06:54:11.868Z complete:021.html html=65218 assets=18
2026-08-26T06:54:14.371Z attempt:1/3 022.html
2026-08-26T06:54:14.371Z navigation:start http://edwards.yale.edu/archive?path=aHR0cDovL2Vkd2FyZHMueWFsZS5lZHUvY2dpLWJpbi9uZXdwaGlsby9nZXRvYmplY3QucGw%2FYy4yMToyMi53amVv
2026-08-26T06:54:14.964Z resource:omit http://fonts.gstatic.com/s/opensans/v44/memvYaGs126MiZpBA-UvWbX2vVnXBbObj2OVTS-mu0SC55I.woff2 reason=response.body: Response body is unavailable for redirect responses
2026-08-26T06:54:14.964Z resource:omit http://fonts.gstatic.com/s/playfairdisplay/v40/nuFiD-vYSZviVYUb_rj3ij__anPXDTzYgEM86xQ.woff2 reason=response.body: Response body is unavailable for redirect responses
2026-08-26T06:54:14.964Z resource:omit http://fonts.gstatic.com/s/opensans/v44/memvYaGs126MiZpBA-UvWbX2vVnXBbObj2OVTUGmu0SC55K5gw.woff2 reason=response.body: Response body is unavailable for redirect responses
2026-08-26T06:54:15.154Z resource:omit http://fonts.gstatic.com/s/playfairdisplay/v40/nuFkD-vYSZviVYUb_rj3ij__anPXDTnogkk7yRZrPA.woff2 reason=response.body: Response body is unavailable for redirect responses
2026-08-26T06:54:15.318Z resource:omit http://www.google-analytics.com/ga.js reason=response.body: Response body is unavailable for redirect responses
2026-08-26T06:54:15.322Z resource:omit http://www.google-analytics.com/__utm.gif?utmwv=5.7.2&utms=23&utmn=1959044345&utmhn=edwards.yale.edu&utmcs=UTF-8&utmsr=1280x720&utmvp=1280x720&utmsc=24-bit&utmul=pl&utmje=0&utmfl=-&utmdt=Search%20WJE%20Online%20%7C%20The%20Jonathan%20Edwards%20Center%20at%20Yale%20University&utmhid=964476608&utmr=-&utmp=%2Farchive%3Fpath%3DaHR0cDovL2Vkd2FyZHMueWFsZS5lZHUvY2dpLWJpbi9uZXdwaGlsby9nZXRvYmplY3QucGw%25252FYy4yMToyMi53amVv&utmht=1787727255320&utmac=UA-1489454-4&utmcc=__utma%3D258641246.631019599.1787727113.1787727113.1787727113.1%3B%2B__utmz%3D258641246.1787727113.1.1.utmcsr%3D(direct)%7Cutmccn%3D(direct)%7Cutmcmd%3D(none)%3B&utmjid=&utmu=qAAAAAAAAAAAAAAAAAAAAAAE~ reason=response.body: Response body is unavailable for redirect responses
2026-08-26T06:54:16.095Z scroll:stable height=1920 samples=7
2026-08-26T06:54:17.206Z complete:022.html html=39462 assets=18
2026-08-26T06:54:19.708Z attempt:1/3 023.html
2026-08-26T06:54:19.708Z navigation:start http://edwards.yale.edu/archive?path=aHR0cDovL2Vkd2FyZHMueWFsZS5lZHUvY2dpLWJpbi9uZXdwaGlsby9nZXRvYmplY3QucGw%2FYy4yMToyMy53amVv
2026-08-26T06:54:20.257Z resource:omit http://fonts.gstatic.com/s/opensans/v44/memvYaGs126MiZpBA-UvWbX2vVnXBbObj2OVTS-mu0SC55I.woff2 reason=response.body: Response body is unavailable for redirect responses
2026-08-26T06:54:20.258Z resource:omit http://fonts.gstatic.com/s/playfairdisplay/v40/nuFiD-vYSZviVYUb_rj3ij__anPXDTzYgEM86xQ.woff2 reason=response.body: Response body is unavailable for redirect responses
2026-08-26T06:54:20.258Z resource:omit http://fonts.gstatic.com/s/opensans/v44/memvYaGs126MiZpBA-UvWbX2vVnXBbObj2OVTUGmu0SC55K5gw.woff2 reason=response.body: Response body is unavailable for redirect responses
2026-08-26T06:54:20.447Z resource:omit http://fonts.gstatic.com/s/playfairdisplay/v40/nuFkD-vYSZviVYUb_rj3ij__anPXDTnogkk7yRZrPA.woff2 reason=response.body: Response body is unavailable for redirect responses
2026-08-26T06:54:20.970Z resource:omit http://www.google-analytics.com/ga.js reason=response.body: Response body is unavailable for redirect responses
2026-08-26T06:54:20.975Z resource:omit http://www.google-analytics.com/__utm.gif?utmwv=5.7.2&utms=24&utmn=679050589&utmhn=edwards.yale.edu&utmcs=UTF-8&utmsr=1280x720&utmvp=1280x720&utmsc=24-bit&utmul=pl&utmje=0&utmfl=-&utmdt=Search%20WJE%20Online%20%7C%20The%20Jonathan%20Edwards%20Center%20at%20Yale%20University&utmhid=1100747075&utmr=-&utmp=%2Farchive%3Fpath%3DaHR0cDovL2Vkd2FyZHMueWFsZS5lZHUvY2dpLWJpbi9uZXdwaGlsby9nZXRvYmplY3QucGw%25252FYy4yMToyMy53amVv&utmht=1787727260973&utmac=UA-1489454-4&utmcc=__utma%3D258641246.631019599.1787727113.1787727113.1787727113.1%3B%2B__utmz%3D258641246.1787727113.1.1.utmcsr%3D(direct)%7Cutmccn%3D(direct)%7Cutmcmd%3D(none)%3B&utmjid=&utmu=qAAAAAAAAAAAAAAAAAAAAAAE~ reason=response.body: Response body is unavailable for redirect responses
2026-08-26T06:54:23.945Z scroll:stable height=11659 samples=25
2026-08-26T06:54:25.008Z complete:023.html html=96789 assets=18
2026-08-26T06:54:27.509Z attempt:1/3 024.html
2026-08-26T06:54:27.509Z navigation:start http://edwards.yale.edu/archive?path=aHR0cDovL2Vkd2FyZHMueWFsZS5lZHUvY2dpLWJpbi9uZXdwaGlsby9nZXRvYmplY3QucGw%2FYy4yMToyNC53amVv
2026-08-26T06:54:28.044Z resource:omit http://fonts.gstatic.com/s/opensans/v44/memvYaGs126MiZpBA-UvWbX2vVnXBbObj2OVTS-mu0SC55I.woff2 reason=response.body: Response body is unavailable for redirect responses
2026-08-26T06:54:28.044Z resource:omit http://fonts.gstatic.com/s/opensans/v44/memvYaGs126MiZpBA-UvWbX2vVnXBbObj2OVTUGmu0SC55K5gw.woff2 reason=response.body: Response body is unavailable for redirect responses
2026-08-26T06:54:28.044Z resource:omit http://fonts.gstatic.com/s/playfairdisplay/v40/nuFiD-vYSZviVYUb_rj3ij__anPXDTzYgEM86xQ.woff2 reason=response.body: Response body is unavailable for redirect responses
2026-08-26T06:54:28.262Z resource:omit http://fonts.gstatic.com/s/playfairdisplay/v40/nuFkD-vYSZviVYUb_rj3ij__anPXDTnogkk7yRZrPA.woff2 reason=response.body: Response body is unavailable for redirect responses
2026-08-26T06:54:28.423Z resource:omit http://www.google-analytics.com/ga.js reason=response.body: Response body is unavailable for redirect responses
2026-08-26T06:54:28.430Z resource:omit http://www.google-analytics.com/__utm.gif?utmwv=5.7.2&utms=25&utmn=1657895628&utmhn=edwards.yale.edu&utmcs=UTF-8&utmsr=1280x720&utmvp=1280x720&utmsc=24-bit&utmul=pl&utmje=0&utmfl=-&utmdt=Search%20WJE%20Online%20%7C%20The%20Jonathan%20Edwards%20Center%20at%20Yale%20University&utmhid=41075583&utmr=-&utmp=%2Farchive%3Fpath%3DaHR0cDovL2Vkd2FyZHMueWFsZS5lZHUvY2dpLWJpbi9uZXdwaGlsby9nZXRvYmplY3QucGw%25252FYy4yMToyNC53amVv&utmht=1787727268425&utmac=UA-1489454-4&utmcc=__utma%3D258641246.631019599.1787727113.1787727113.1787727113.1%3B%2B__utmz%3D258641246.1787727113.1.1.utmcsr%3D(direct)%7Cutmccn%3D(direct)%7Cutmcmd%3D(none)%3B&utmjid=&utmu=qAAAAAAAAAAAAAAAAAAAAAAE~ reason=response.body: Response body is unavailable for redirect responses
2026-08-26T06:54:29.196Z scroll:stable height=1890 samples=7
2026-08-26T06:54:30.318Z complete:024.html html=38919 assets=18
2026-08-26T06:54:32.820Z attempt:1/3 025.html
2026-08-26T06:54:32.820Z navigation:start http://edwards.yale.edu/archive?path=aHR0cDovL2Vkd2FyZHMueWFsZS5lZHUvY2dpLWJpbi9uZXdwaGlsby9nZXRvYmplY3QucGw%2FYy4yMToyNS53amVv
2026-08-26T06:54:33.330Z resource:omit http://fonts.gstatic.com/s/opensans/v44/memvYaGs126MiZpBA-UvWbX2vVnXBbObj2OVTS-mu0SC55I.woff2 reason=response.body: Response body is unavailable for redirect responses
2026-08-26T06:54:33.330Z resource:omit http://fonts.gstatic.com/s/playfairdisplay/v40/nuFiD-vYSZviVYUb_rj3ij__anPXDTzYgEM86xQ.woff2 reason=response.body: Response body is unavailable for redirect responses
2026-08-26T06:54:33.330Z resource:omit http://fonts.gstatic.com/s/opensans/v44/memvYaGs126MiZpBA-UvWbX2vVnXBbObj2OVTUGmu0SC55K5gw.woff2 reason=response.body: Response body is unavailable for redirect responses
2026-08-26T06:54:33.676Z resource:omit http://fonts.gstatic.com/s/playfairdisplay/v40/nuFkD-vYSZviVYUb_rj3ij__anPXDTnogkk7yRZrPA.woff2 reason=response.body: Response body is unavailable for redirect responses
2026-08-26T06:54:33.855Z resource:omit http://www.google-analytics.com/ga.js reason=response.body: Response body is unavailable for redirect responses
2026-08-26T06:54:33.860Z resource:omit http://www.google-analytics.com/__utm.gif?utmwv=5.7.2&utms=26&utmn=1687212015&utmhn=edwards.yale.edu&utmcs=UTF-8&utmsr=1280x720&utmvp=1280x720&utmsc=24-bit&utmul=pl&utmje=0&utmfl=-&utmdt=Search%20WJE%20Online%20%7C%20The%20Jonathan%20Edwards%20Center%20at%20Yale%20University&utmhid=551167215&utmr=-&utmp=%2Farchive%3Fpath%3DaHR0cDovL2Vkd2FyZHMueWFsZS5lZHUvY2dpLWJpbi9uZXdwaGlsby9nZXRvYmplY3QucGw%25252FYy4yMToyNS53amVv&utmht=1787727273857&utmac=UA-1489454-4&utmcc=__utma%3D258641246.631019599.1787727113.1787727113.1787727113.1%3B%2B__utmz%3D258641246.1787727113.1.1.utmcsr%3D(direct)%7Cutmccn%3D(direct)%7Cutmcmd%3D(none)%3B&utmjid=&utmu=qAAAAAAAAAAAAAAAAAAAAAAE~ reason=response.body: Response body is unavailable for redirect responses
2026-08-26T06:54:35.360Z scroll:stable height=5181 samples=13
2026-08-26T06:54:36.423Z complete:025.html html=52023 assets=18
2026-08-26T06:54:38.924Z attempt:1/3 026.html
2026-08-26T06:54:38.925Z navigation:start http://edwards.yale.edu/archive?path=aHR0cDovL2Vkd2FyZHMueWFsZS5lZHUvY2dpLWJpbi9uZXdwaGlsby9nZXRvYmplY3QucGw%2FYy4yMToyNi53amVv
2026-08-26T06:54:39.430Z resource:omit http://fonts.gstatic.com/s/playfairdisplay/v40/nuFiD-vYSZviVYUb_rj3ij__anPXDTzYgEM86xQ.woff2 reason=response.body: Response body is unavailable for redirect responses
2026-08-26T06:54:39.430Z resource:omit http://fonts.gstatic.com/s/opensans/v44/memvYaGs126MiZpBA-UvWbX2vVnXBbObj2OVTS-mu0SC55I.woff2 reason=response.body: Response body is unavailable for redirect responses
2026-08-26T06:54:39.430Z resource:omit http://fonts.gstatic.com/s/opensans/v44/memvYaGs126MiZpBA-UvWbX2vVnXBbObj2OVTUGmu0SC55K5gw.woff2 reason=response.body: Response body is unavailable for redirect responses
2026-08-26T06:54:39.603Z resource:omit http://fonts.gstatic.com/s/playfairdisplay/v40/nuFkD-vYSZviVYUb_rj3ij__anPXDTnogkk7yRZrPA.woff2 reason=response.body: Response body is unavailable for redirect responses
2026-08-26T06:54:39.779Z resource:omit http://www.google-analytics.com/ga.js reason=response.body: Response body is unavailable for redirect responses
2026-08-26T06:54:39.784Z resource:omit http://www.google-analytics.com/__utm.gif?utmwv=5.7.2&utms=27&utmn=1067473273&utmhn=edwards.yale.edu&utmcs=UTF-8&utmsr=1280x720&utmvp=1280x720&utmsc=24-bit&utmul=pl&utmje=0&utmfl=-&utmdt=Search%20WJE%20Online%20%7C%20The%20Jonathan%20Edwards%20Center%20at%20Yale%20University&utmhid=1092393902&utmr=-&utmp=%2Farchive%3Fpath%3DaHR0cDovL2Vkd2FyZHMueWFsZS5lZHUvY2dpLWJpbi9uZXdwaGlsby9nZXRvYmplY3QucGw%25252FYy4yMToyNi53amVv&utmht=1787727279782&utmac=UA-1489454-4&utmcc=__utma%3D258641246.631019599.1787727113.1787727113.1787727113.1%3B%2B__utmz%3D258641246.1787727113.1.1.utmcsr%3D(direct)%7Cutmccn%3D(direct)%7Cutmcmd%3D(none)%3B&utmjid=&utmu=qAAAAAAAAAAAAAAAAAAAAAAE~ reason=response.body: Response body is unavailable for redirect responses
2026-08-26T06:54:40.560Z scroll:stable height=2063 samples=7
2026-08-26T06:54:41.643Z complete:026.html html=40519 assets=18
2026-08-26T06:54:44.145Z attempt:1/3 027.html
2026-08-26T06:54:44.146Z navigation:start http://edwards.yale.edu/archive?path=aHR0cDovL2Vkd2FyZHMueWFsZS5lZHUvY2dpLWJpbi9uZXdwaGlsby9nZXRvYmplY3QucGw%2FYy4yMToyNy53amVv
2026-08-26T06:54:44.663Z resource:omit http://fonts.gstatic.com/s/opensans/v44/memvYaGs126MiZpBA-UvWbX2vVnXBbObj2OVTS-mu0SC55I.woff2 reason=response.body: Response body is unavailable for redirect responses
2026-08-26T06:54:44.663Z resource:omit http://fonts.gstatic.com/s/playfairdisplay/v40/nuFiD-vYSZviVYUb_rj3ij__anPXDTzYgEM86xQ.woff2 reason=response.body: Response body is unavailable for redirect responses
2026-08-26T06:54:44.663Z resource:omit http://fonts.gstatic.com/s/opensans/v44/memvYaGs126MiZpBA-UvWbX2vVnXBbObj2OVTUGmu0SC55K5gw.woff2 reason=response.body: Response body is unavailable for redirect responses
2026-08-26T06:54:44.837Z resource:omit http://fonts.gstatic.com/s/playfairdisplay/v40/nuFkD-vYSZviVYUb_rj3ij__anPXDTnogkk7yRZrPA.woff2 reason=response.body: Response body is unavailable for redirect responses
2026-08-26T06:54:45.301Z resource:omit http://www.google-analytics.com/ga.js reason=response.body: Response body is unavailable for redirect responses
2026-08-26T06:54:45.311Z resource:omit http://www.google-analytics.com/__utm.gif?utmwv=5.7.2&utms=28&utmn=1075724128&utmhn=edwards.yale.edu&utmcs=UTF-8&utmsr=1280x720&utmvp=1280x720&utmsc=24-bit&utmul=pl&utmje=0&utmfl=-&utmdt=Search%20WJE%20Online%20%7C%20The%20Jonathan%20Edwards%20Center%20at%20Yale%20University&utmhid=1238815735&utmr=-&utmp=%2Farchive%3Fpath%3DaHR0cDovL2Vkd2FyZHMueWFsZS5lZHUvY2dpLWJpbi9uZXdwaGlsby9nZXRvYmplY3QucGw%25252FYy4yMToyNy53amVv&utmht=1787727285304&utmac=UA-1489454-4&utmcc=__utma%3D258641246.631019599.1787727113.1787727113.1787727113.1%3B%2B__utmz%3D258641246.1787727113.1.1.utmcsr%3D(direct)%7Cutmccn%3D(direct)%7Cutmcmd%3D(none)%3B&utmjid=&utmu=qAAAAAAAAAAAAAAAAAAAAAAE~ reason=response.body: Response body is unavailable for redirect responses
2026-08-26T06:54:47.178Z scroll:stable height=6770 samples=16
2026-08-26T06:54:48.242Z complete:027.html html=67601 assets=18
2026-08-26T06:54:50.743Z attempt:1/3 028.html
2026-08-26T06:54:50.744Z navigation:start http://edwards.yale.edu/archive?path=aHR0cDovL2Vkd2FyZHMueWFsZS5lZHUvY2dpLWJpbi9uZXdwaGlsby9nZXRvYmplY3QucGw%2FYy4yMToyOC53amVv
2026-08-26T06:54:51.324Z resource:omit http://fonts.gstatic.com/s/opensans/v44/memvYaGs126MiZpBA-UvWbX2vVnXBbObj2OVTS-mu0SC55I.woff2 reason=response.body: Response body is unavailable for redirect responses
2026-08-26T06:54:51.325Z resource:omit http://fonts.gstatic.com/s/playfairdisplay/v40/nuFiD-vYSZviVYUb_rj3ij__anPXDTzYgEM86xQ.woff2 reason=response.body: Response body is unavailable for redirect responses
2026-08-26T06:54:51.325Z resource:omit http://fonts.gstatic.com/s/opensans/v44/memvYaGs126MiZpBA-UvWbX2vVnXBbObj2OVTUGmu0SC55K5gw.woff2 reason=response.body: Response body is unavailable for redirect responses
2026-08-26T06:54:51.504Z resource:omit http://fonts.gstatic.com/s/playfairdisplay/v40/nuFkD-vYSZviVYUb_rj3ij__anPXDTnogkk7yRZrPA.woff2 reason=response.body: Response body is unavailable for redirect responses
2026-08-26T06:54:51.670Z resource:omit http://www.google-analytics.com/ga.js reason=response.body: Response body is unavailable for redirect responses
2026-08-26T06:54:51.671Z resource:omit http://www.google-analytics.com/__utm.gif?utmwv=5.7.2&utms=29&utmn=1346632444&utmhn=edwards.yale.edu&utmcs=UTF-8&utmsr=1280x720&utmvp=1280x720&utmsc=24-bit&utmul=pl&utmje=0&utmfl=-&utmdt=Search%20WJE%20Online%20%7C%20The%20Jonathan%20Edwards%20Center%20at%20Yale%20University&utmhid=861293616&utmr=-&utmp=%2Farchive%3Fpath%3DaHR0cDovL2Vkd2FyZHMueWFsZS5lZHUvY2dpLWJpbi9uZXdwaGlsby9nZXRvYmplY3QucGw%25252FYy4yMToyOC53amVv&utmht=1787727291669&utmac=UA-1489454-4&utmcc=__utma%3D258641246.631019599.1787727113.1787727113.1787727113.1%3B%2B__utmz%3D258641246.1787727113.1.1.utmcsr%3D(direct)%7Cutmccn%3D(direct)%7Cutmcmd%3D(none)%3B&utmjid=&utmu=qAAAAAAAAAAAAAAAAAAAAAAE~ reason=response.body: Response body is unavailable for redirect responses
2026-08-26T06:54:52.438Z scroll:stable height=2284 samples=7
2026-08-26T06:54:53.570Z complete:028.html html=41845 assets=18
2026-08-26T06:54:56.073Z attempt:1/3 029.html
2026-08-26T06:54:56.074Z navigation:start http://edwards.yale.edu/archive?path=aHR0cDovL2Vkd2FyZHMueWFsZS5lZHUvY2dpLWJpbi9uZXdwaGlsby9nZXRvYmplY3QucGw%2FYy4yMToyOS53amVv
2026-08-26T06:54:56.614Z resource:omit http://fonts.gstatic.com/s/opensans/v44/memvYaGs126MiZpBA-UvWbX2vVnXBbObj2OVTS-mu0SC55I.woff2 reason=response.body: Response body is unavailable for redirect responses
2026-08-26T06:54:56.614Z resource:omit http://fonts.gstatic.com/s/opensans/v44/memvYaGs126MiZpBA-UvWbX2vVnXBbObj2OVTUGmu0SC55K5gw.woff2 reason=response.body: Response body is unavailable for redirect responses
2026-08-26T06:54:56.614Z resource:omit http://fonts.gstatic.com/s/playfairdisplay/v40/nuFiD-vYSZviVYUb_rj3ij__anPXDTzYgEM86xQ.woff2 reason=response.body: Response body is unavailable for redirect responses
2026-08-26T06:54:56.795Z resource:omit http://fonts.gstatic.com/s/playfairdisplay/v40/nuFkD-vYSZviVYUb_rj3ij__anPXDTnogkk7yRZrPA.woff2 reason=response.body: Response body is unavailable for redirect responses
2026-08-26T06:54:57.303Z resource:omit http://www.google-analytics.com/ga.js reason=response.body: Response body is unavailable for redirect responses
2026-08-26T06:54:57.312Z resource:omit http://www.google-analytics.com/__utm.gif?utmwv=5.7.2&utms=30&utmn=1249219551&utmhn=edwards.yale.edu&utmcs=UTF-8&utmsr=1280x720&utmvp=1280x720&utmsc=24-bit&utmul=pl&utmje=0&utmfl=-&utmdt=Search%20WJE%20Online%20%7C%20The%20Jonathan%20Edwards%20Center%20at%20Yale%20University&utmhid=1049313867&utmr=-&utmp=%2Farchive%3Fpath%3DaHR0cDovL2Vkd2FyZHMueWFsZS5lZHUvY2dpLWJpbi9uZXdwaGlsby9nZXRvYmplY3QucGw%25252FYy4yMToyOS53amVv&utmht=1787727297305&utmac=UA-1489454-4&utmcc=__utma%3D258641246.631019599.1787727113.1787727113.1787727113.1%3B%2B__utmz%3D258641246.1787727113.1.1.utmcsr%3D(direct)%7Cutmccn%3D(direct)%7Cutmcmd%3D(none)%3B&utmjid=&utmu=qAAAAAAAAAAAAAAAAAAAAAAE~ reason=response.body: Response body is unavailable for redirect responses
2026-08-26T06:55:00.030Z scroll:stable height=10539 samples=23
2026-08-26T06:55:01.086Z complete:029.html html=87674 assets=18
2026-08-26T06:55:03.588Z attempt:1/3 030.html
2026-08-26T06:55:03.589Z navigation:start http://edwards.yale.edu/archive?path=aHR0cDovL2Vkd2FyZHMueWFsZS5lZHUvY2dpLWJpbi9uZXdwaGlsby9nZXRvYmplY3QucGw%2FYy4yMTozMC53amVv
2026-08-26T06:55:04.096Z resource:omit http://fonts.gstatic.com/s/opensans/v44/memvYaGs126MiZpBA-UvWbX2vVnXBbObj2OVTS-mu0SC55I.woff2 reason=response.body: Response body is unavailable for redirect responses
2026-08-26T06:55:04.096Z resource:omit http://fonts.gstatic.com/s/playfairdisplay/v40/nuFiD-vYSZviVYUb_rj3ij__anPXDTzYgEM86xQ.woff2 reason=response.body: Response body is unavailable for redirect responses
2026-08-26T06:55:04.096Z resource:omit http://fonts.gstatic.com/s/opensans/v44/memvYaGs126MiZpBA-UvWbX2vVnXBbObj2OVTUGmu0SC55K5gw.woff2 reason=response.body: Response body is unavailable for redirect responses
2026-08-26T06:55:04.270Z resource:omit http://fonts.gstatic.com/s/playfairdisplay/v40/nuFkD-vYSZviVYUb_rj3ij__anPXDTnogkk7yRZrPA.woff2 reason=response.body: Response body is unavailable for redirect responses
2026-08-26T06:55:04.424Z resource:omit http://www.google-analytics.com/ga.js reason=response.body: Response body is unavailable for redirect responses
2026-08-26T06:55:04.430Z resource:omit http://www.google-analytics.com/__utm.gif?utmwv=5.7.2&utms=31&utmn=521165413&utmhn=edwards.yale.edu&utmcs=UTF-8&utmsr=1280x720&utmvp=1280x720&utmsc=24-bit&utmul=pl&utmje=0&utmfl=-&utmdt=Search%20WJE%20Online%20%7C%20The%20Jonathan%20Edwards%20Center%20at%20Yale%20University&utmhid=2106431914&utmr=-&utmp=%2Farchive%3Fpath%3DaHR0cDovL2Vkd2FyZHMueWFsZS5lZHUvY2dpLWJpbi9uZXdwaGlsby9nZXRvYmplY3QucGw%25252FYy4yMTozMC53amVv&utmht=1787727304428&utmac=UA-1489454-4&utmcc=__utma%3D258641246.631019599.1787727113.1787727113.1787727113.1%3B%2B__utmz%3D258641246.1787727113.1.1.utmcsr%3D(direct)%7Cutmccn%3D(direct)%7Cutmcmd%3D(none)%3B&utmjid=&utmu=qAAAAAAAAAAAAAAAAAAAAAAE~ reason=response.body: Response body is unavailable for redirect responses
2026-08-26T06:55:05.318Z scroll:stable height=2574 samples=8
2026-08-26T06:55:06.386Z complete:030.html html=43445 assets=18
2026-08-26T06:55:08.888Z attempt:1/3 031.html
2026-08-26T06:55:08.888Z navigation:start http://edwards.yale.edu/archive?path=aHR0cDovL2Vkd2FyZHMueWFsZS5lZHUvY2dpLWJpbi9uZXdwaGlsby9nZXRvYmplY3QucGw%2FYy4yMTozMS53amVv
2026-08-26T06:55:09.516Z resource:omit http://fonts.gstatic.com/s/opensans/v44/memvYaGs126MiZpBA-UvWbX2vVnXBbObj2OVTS-mu0SC55I.woff2 reason=response.body: Response body is unavailable for redirect responses
2026-08-26T06:55:09.517Z resource:omit http://fonts.gstatic.com/s/playfairdisplay/v40/nuFiD-vYSZviVYUb_rj3ij__anPXDTzYgEM86xQ.woff2 reason=response.body: Response body is unavailable for redirect responses
2026-08-26T06:55:09.517Z resource:omit http://fonts.gstatic.com/s/opensans/v44/memvYaGs126MiZpBA-UvWbX2vVnXBbObj2OVTUGmu0SC55K5gw.woff2 reason=response.body: Response body is unavailable for redirect responses
2026-08-26T06:55:09.703Z resource:omit http://fonts.gstatic.com/s/playfairdisplay/v40/nuFkD-vYSZviVYUb_rj3ij__anPXDTnogkk7yRZrPA.woff2 reason=response.body: Response body is unavailable for redirect responses
2026-08-26T06:55:10.235Z resource:omit http://www.google-analytics.com/ga.js reason=response.body: Response body is unavailable for redirect responses
2026-08-26T06:55:10.241Z resource:omit http://www.google-analytics.com/__utm.gif?utmwv=5.7.2&utms=32&utmn=1173738445&utmhn=edwards.yale.edu&utmcs=UTF-8&utmsr=1280x720&utmvp=1280x720&utmsc=24-bit&utmul=pl&utmje=0&utmfl=-&utmdt=Search%20WJE%20Online%20%7C%20The%20Jonathan%20Edwards%20Center%20at%20Yale%20University&utmhid=226718779&utmr=-&utmp=%2Farchive%3Fpath%3DaHR0cDovL2Vkd2FyZHMueWFsZS5lZHUvY2dpLWJpbi9uZXdwaGlsby9nZXRvYmplY3QucGw%25252FYy4yMTozMS53amVv&utmht=1787727310238&utmac=UA-1489454-4&utmcc=__utma%3D258641246.631019599.1787727113.1787727113.1787727113.1%3B%2B__utmz%3D258641246.1787727113.1.1.utmcsr%3D(direct)%7Cutmccn%3D(direct)%7Cutmcmd%3D(none)%3B&utmjid=&utmu=qAAAAAAAAAAAAAAAAAAAAAAE~ reason=response.body: Response body is unavailable for redirect responses
2026-08-26T06:55:12.357Z scroll:stable height=8048 samples=18
2026-08-26T06:55:13.421Z complete:031.html html=74434 assets=18
2026-08-26T06:55:15.923Z attempt:1/3 032.html
2026-08-26T06:55:15.924Z navigation:start http://edwards.yale.edu/archive?path=aHR0cDovL2Vkd2FyZHMueWFsZS5lZHUvY2dpLWJpbi9uZXdwaGlsby9nZXRvYmplY3QucGw%2FYy4yMTozMi53amVv
2026-08-26T06:55:16.486Z resource:omit http://fonts.gstatic.com/s/opensans/v44/memvYaGs126MiZpBA-UvWbX2vVnXBbObj2OVTS-mu0SC55I.woff2 reason=response.body: Response body is unavailable for redirect responses
2026-08-26T06:55:16.486Z resource:omit http://fonts.gstatic.com/s/playfairdisplay/v40/nuFiD-vYSZviVYUb_rj3ij__anPXDTzYgEM86xQ.woff2 reason=response.body: Response body is unavailable for redirect responses
2026-08-26T06:55:16.486Z resource:omit http://fonts.gstatic.com/s/opensans/v44/memvYaGs126MiZpBA-UvWbX2vVnXBbObj2OVTUGmu0SC55K5gw.woff2 reason=response.body: Response body is unavailable for redirect responses
2026-08-26T06:55:16.670Z resource:omit http://fonts.gstatic.com/s/playfairdisplay/v40/nuFkD-vYSZviVYUb_rj3ij__anPXDTnogkk7yRZrPA.woff2 reason=response.body: Response body is unavailable for redirect responses
2026-08-26T06:55:16.867Z resource:omit http://www.google-analytics.com/ga.js reason=response.body: Response body is unavailable for redirect responses
2026-08-26T06:55:16.873Z resource:omit http://www.google-analytics.com/__utm.gif?utmwv=5.7.2&utms=33&utmn=783670294&utmhn=edwards.yale.edu&utmcs=UTF-8&utmsr=1280x720&utmvp=1280x720&utmsc=24-bit&utmul=pl&utmje=0&utmfl=-&utmdt=Search%20WJE%20Online%20%7C%20The%20Jonathan%20Edwards%20Center%20at%20Yale%20University&utmhid=1035807218&utmr=-&utmp=%2Farchive%3Fpath%3DaHR0cDovL2Vkd2FyZHMueWFsZS5lZHUvY2dpLWJpbi9uZXdwaGlsby9nZXRvYmplY3QucGw%25252FYy4yMTozMi53amVv&utmht=1787727316870&utmac=UA-1489454-4&utmcc=__utma%3D258641246.631019599.1787727113.1787727113.1787727113.1%3B%2B__utmz%3D258641246.1787727113.1.1.utmcsr%3D(direct)%7Cutmccn%3D(direct)%7Cutmcmd%3D(none)%3B&utmjid=&utmu=qAAAAAAAAAAAAAAAAAAAAAAE~ reason=response.body: Response body is unavailable for redirect responses
2026-08-26T06:55:17.768Z scroll:stable height=2417 samples=8
2026-08-26T06:55:18.839Z complete:032.html html=42477 assets=18
2026-08-26T06:55:21.340Z attempt:1/3 033.html
2026-08-26T06:55:21.341Z navigation:start http://edwards.yale.edu/archive?path=aHR0cDovL2Vkd2FyZHMueWFsZS5lZHUvY2dpLWJpbi9uZXdwaGlsby9nZXRvYmplY3QucGw%2FYy4yMTozMy53amVv
2026-08-26T06:55:21.866Z resource:omit http://fonts.gstatic.com/s/opensans/v44/memvYaGs126MiZpBA-UvWbX2vVnXBbObj2OVTS-mu0SC55I.woff2 reason=response.body: Response body is unavailable for redirect responses
2026-08-26T06:55:21.866Z resource:omit http://fonts.gstatic.com/s/playfairdisplay/v40/nuFiD-vYSZviVYUb_rj3ij__anPXDTzYgEM86xQ.woff2 reason=response.body: Response body is unavailable for redirect responses
2026-08-26T06:55:21.867Z resource:omit http://fonts.gstatic.com/s/opensans/v44/memvYaGs126MiZpBA-UvWbX2vVnXBbObj2OVTUGmu0SC55K5gw.woff2 reason=response.body: Response body is unavailable for redirect responses
2026-08-26T06:55:22.044Z resource:omit http://fonts.gstatic.com/s/playfairdisplay/v40/nuFkD-vYSZviVYUb_rj3ij__anPXDTnogkk7yRZrPA.woff2 reason=response.body: Response body is unavailable for redirect responses
2026-08-26T06:55:22.620Z resource:omit http://www.google-analytics.com/ga.js reason=response.body: Response body is unavailable for redirect responses
2026-08-26T06:55:22.629Z resource:omit http://www.google-analytics.com/__utm.gif?utmwv=5.7.2&utms=34&utmn=1362416774&utmhn=edwards.yale.edu&utmcs=UTF-8&utmsr=1280x720&utmvp=1280x720&utmsc=24-bit&utmul=pl&utmje=0&utmfl=-&utmdt=Search%20WJE%20Online%20%7C%20The%20Jonathan%20Edwards%20Center%20at%20Yale%20University&utmhid=2006729134&utmr=-&utmp=%2Farchive%3Fpath%3DaHR0cDovL2Vkd2FyZHMueWFsZS5lZHUvY2dpLWJpbi9uZXdwaGlsby9nZXRvYmplY3QucGw%25252FYy4yMTozMy53amVv&utmht=1787727322624&utmac=UA-1489454-4&utmcc=__utma%3D258641246.631019599.1787727113.1787727113.1787727113.1%3B%2B__utmz%3D258641246.1787727113.1.1.utmcsr%3D(direct)%7Cutmccn%3D(direct)%7Cutmcmd%3D(none)%3B&utmjid=&utmu=qAAAAAAAAAAAAAAAAAAAAAAE~ reason=response.body: Response body is unavailable for redirect responses
2026-08-26T06:55:25.716Z scroll:stable height=11635 samples=25
2026-08-26T06:55:26.774Z complete:033.html html=90105 assets=18
2026-08-26T06:55:29.275Z attempt:1/3 034.html
2026-08-26T06:55:29.276Z navigation:start http://edwards.yale.edu/archive?path=aHR0cDovL2Vkd2FyZHMueWFsZS5lZHUvY2dpLWJpbi9uZXdwaGlsby9nZXRvYmplY3QucGw%2FYy4yMTozNC53amVv
2026-08-26T06:55:29.795Z resource:omit http://fonts.gstatic.com/s/opensans/v44/memvYaGs126MiZpBA-UvWbX2vVnXBbObj2OVTS-mu0SC55I.woff2 reason=response.body: Response body is unavailable for redirect responses
2026-08-26T06:55:29.795Z resource:omit http://fonts.gstatic.com/s/opensans/v44/memvYaGs126MiZpBA-UvWbX2vVnXBbObj2OVTUGmu0SC55K5gw.woff2 reason=response.body: Response body is unavailable for redirect responses
2026-08-26T06:55:29.795Z resource:omit http://fonts.gstatic.com/s/playfairdisplay/v40/nuFiD-vYSZviVYUb_rj3ij__anPXDTzYgEM86xQ.woff2 reason=response.body: Response body is unavailable for redirect responses
2026-08-26T06:55:29.977Z resource:omit http://fonts.gstatic.com/s/playfairdisplay/v40/nuFkD-vYSZviVYUb_rj3ij__anPXDTnogkk7yRZrPA.woff2 reason=response.body: Response body is unavailable for redirect responses
2026-08-26T06:55:30.133Z resource:omit http://www.google-analytics.com/ga.js reason=response.body: Response body is unavailable for redirect responses
2026-08-26T06:55:30.138Z resource:omit http://www.google-analytics.com/__utm.gif?utmwv=5.7.2&utms=35&utmn=1672728005&utmhn=edwards.yale.edu&utmcs=UTF-8&utmsr=1280x720&utmvp=1280x720&utmsc=24-bit&utmul=pl&utmje=0&utmfl=-&utmdt=Search%20WJE%20Online%20%7C%20The%20Jonathan%20Edwards%20Center%20at%20Yale%20University&utmhid=29556292&utmr=-&utmp=%2Farchive%3Fpath%3DaHR0cDovL2Vkd2FyZHMueWFsZS5lZHUvY2dpLWJpbi9uZXdwaGlsby9nZXRvYmplY3QucGw%25252FYy4yMTozNC53amVv&utmht=1787727330135&utmac=UA-1489454-4&utmcc=__utma%3D258641246.631019599.1787727113.1787727113.1787727113.1%3B%2B__utmz%3D258641246.1787727113.1.1.utmcsr%3D(direct)%7Cutmccn%3D(direct)%7Cutmcmd%3D(none)%3B&utmjid=&utmu=qAAAAAAAAAAAAAAAAAAAAAAE~ reason=response.body: Response body is unavailable for redirect responses
2026-08-26T06:55:30.901Z scroll:stable height=1910 samples=7
2026-08-26T06:55:31.965Z complete:034.html html=39267 assets=18
2026-08-26T06:55:34.467Z attempt:1/3 035.html
2026-08-26T06:55:34.467Z navigation:start http://edwards.yale.edu/archive?path=aHR0cDovL2Vkd2FyZHMueWFsZS5lZHUvY2dpLWJpbi9uZXdwaGlsby9nZXRvYmplY3QucGw%2FYy4yMTozNS53amVv
2026-08-26T06:55:34.972Z resource:omit http://fonts.gstatic.com/s/opensans/v44/memvYaGs126MiZpBA-UvWbX2vVnXBbObj2OVTS-mu0SC55I.woff2 reason=response.body: Response body is unavailable for redirect responses
2026-08-26T06:55:34.972Z resource:omit http://fonts.gstatic.com/s/playfairdisplay/v40/nuFiD-vYSZviVYUb_rj3ij__anPXDTzYgEM86xQ.woff2 reason=response.body: Response body is unavailable for redirect responses
2026-08-26T06:55:34.972Z resource:omit http://fonts.gstatic.com/s/opensans/v44/memvYaGs126MiZpBA-UvWbX2vVnXBbObj2OVTUGmu0SC55K5gw.woff2 reason=response.body: Response body is unavailable for redirect responses
2026-08-26T06:55:35.161Z resource:omit http://fonts.gstatic.com/s/playfairdisplay/v40/nuFkD-vYSZviVYUb_rj3ij__anPXDTnogkk7yRZrPA.woff2 reason=response.body: Response body is unavailable for redirect responses
2026-08-26T06:55:35.522Z resource:omit http://www.google-analytics.com/ga.js reason=response.body: Response body is unavailable for redirect responses
2026-08-26T06:55:35.527Z resource:omit http://www.google-analytics.com/__utm.gif?utmwv=5.7.2&utms=36&utmn=2100965112&utmhn=edwards.yale.edu&utmcs=UTF-8&utmsr=1280x720&utmvp=1280x720&utmsc=24-bit&utmul=pl&utmje=0&utmfl=-&utmdt=Search%20WJE%20Online%20%7C%20The%20Jonathan%20Edwards%20Center%20at%20Yale%20University&utmhid=4154629&utmr=-&utmp=%2Farchive%3Fpath%3DaHR0cDovL2Vkd2FyZHMueWFsZS5lZHUvY2dpLWJpbi9uZXdwaGlsby9nZXRvYmplY3QucGw%25252FYy4yMTozNS53amVv&utmht=1787727335524&utmac=UA-1489454-4&utmcc=__utma%3D258641246.631019599.1787727113.1787727113.1787727113.1%3B%2B__utmz%3D258641246.1787727113.1.1.utmcsr%3D(direct)%7Cutmccn%3D(direct)%7Cutmcmd%3D(none)%3B&utmjid=&utmu=qAAAAAAAAAAAAAAAAAAAAAAE~ reason=response.body: Response body is unavailable for redirect responses
2026-08-26T06:55:37.284Z scroll:stable height=6624 samples=15
2026-08-26T06:55:38.349Z complete:035.html html=64892 assets=18
2026-08-26T06:55:40.851Z attempt:1/3 036.html
2026-08-26T06:55:40.851Z navigation:start http://edwards.yale.edu/archive?path=aHR0cDovL2Vkd2FyZHMueWFsZS5lZHUvY2dpLWJpbi9uZXdwaGlsby9nZXRvYmplY3QucGw%2FYy4yMTozNi53amVv
2026-08-26T06:55:41.446Z resource:omit http://fonts.gstatic.com/s/playfairdisplay/v40/nuFiD-vYSZviVYUb_rj3ij__anPXDTzYgEM86xQ.woff2 reason=response.body: Response body is unavailable for redirect responses
2026-08-26T06:55:41.446Z resource:omit http://fonts.gstatic.com/s/opensans/v44/memvYaGs126MiZpBA-UvWbX2vVnXBbObj2OVTUGmu0SC55K5gw.woff2 reason=response.body: Response body is unavailable for redirect responses
2026-08-26T06:55:41.446Z resource:omit http://fonts.gstatic.com/s/opensans/v44/memvYaGs126MiZpBA-UvWbX2vVnXBbObj2OVTS-mu0SC55I.woff2 reason=response.body: Response body is unavailable for redirect responses
2026-08-26T06:55:41.661Z resource:omit http://fonts.gstatic.com/s/playfairdisplay/v40/nuFkD-vYSZviVYUb_rj3ij__anPXDTnogkk7yRZrPA.woff2 reason=response.body: Response body is unavailable for redirect responses
2026-08-26T06:55:41.823Z resource:omit http://www.google-analytics.com/ga.js reason=response.body: Response body is unavailable for redirect responses
2026-08-26T06:55:41.828Z resource:omit http://www.google-analytics.com/__utm.gif?utmwv=5.7.2&utms=37&utmn=526538905&utmhn=edwards.yale.edu&utmcs=UTF-8&utmsr=1280x720&utmvp=1280x720&utmsc=24-bit&utmul=pl&utmje=0&utmfl=-&utmdt=Search%20WJE%20Online%20%7C%20The%20Jonathan%20Edwards%20Center%20at%20Yale%20University&utmhid=928090247&utmr=-&utmp=%2Farchive%3Fpath%3DaHR0cDovL2Vkd2FyZHMueWFsZS5lZHUvY2dpLWJpbi9uZXdwaGlsby9nZXRvYmplY3QucGw%25252FYy4yMTozNi53amVv&utmht=1787727341825&utmac=UA-1489454-4&utmcc=__utma%3D258641246.631019599.1787727113.1787727113.1787727113.1%3B%2B__utmz%3D258641246.1787727113.1.1.utmcsr%3D(direct)%7Cutmccn%3D(direct)%7Cutmcmd%3D(none)%3B&utmjid=&utmu=qAAAAAAAAAAAAAAAAAAAAAAE~ reason=response.body: Response body is unavailable for redirect responses
2026-08-26T06:55:42.591Z scroll:stable height=1825 samples=7
2026-08-26T06:55:43.702Z complete:036.html html=38773 assets=18
2026-08-26T06:55:46.203Z attempt:1/3 037.html
2026-08-26T06:55:46.204Z navigation:start http://edwards.yale.edu/archive?path=aHR0cDovL2Vkd2FyZHMueWFsZS5lZHUvY2dpLWJpbi9uZXdwaGlsby9nZXRvYmplY3QucGw%2FYy4yMTozNy53amVv
2026-08-26T06:55:46.747Z resource:omit http://fonts.gstatic.com/s/opensans/v44/memvYaGs126MiZpBA-UvWbX2vVnXBbObj2OVTS-mu0SC55I.woff2 reason=response.body: Response body is unavailable for redirect responses
2026-08-26T06:55:46.747Z resource:omit http://fonts.gstatic.com/s/playfairdisplay/v40/nuFiD-vYSZviVYUb_rj3ij__anPXDTzYgEM86xQ.woff2 reason=response.body: Response body is unavailable for redirect responses
2026-08-26T06:55:46.747Z resource:omit http://fonts.gstatic.com/s/opensans/v44/memvYaGs126MiZpBA-UvWbX2vVnXBbObj2OVTUGmu0SC55K5gw.woff2 reason=response.body: Response body is unavailable for redirect responses
2026-08-26T06:55:46.935Z resource:omit http://fonts.gstatic.com/s/playfairdisplay/v40/nuFkD-vYSZviVYUb_rj3ij__anPXDTnogkk7yRZrPA.woff2 reason=response.body: Response body is unavailable for redirect responses
2026-08-26T06:55:47.441Z resource:omit http://www.google-analytics.com/ga.js reason=response.body: Response body is unavailable for redirect responses
2026-08-26T06:55:47.448Z resource:omit http://www.google-analytics.com/__utm.gif?utmwv=5.7.2&utms=38&utmn=1680892780&utmhn=edwards.yale.edu&utmcs=UTF-8&utmsr=1280x720&utmvp=1280x720&utmsc=24-bit&utmul=pl&utmje=0&utmfl=-&utmdt=Search%20WJE%20Online%20%7C%20The%20Jonathan%20Edwards%20Center%20at%20Yale%20University&utmhid=1412256377&utmr=-&utmp=%2Farchive%3Fpath%3DaHR0cDovL2Vkd2FyZHMueWFsZS5lZHUvY2dpLWJpbi9uZXdwaGlsby9nZXRvYmplY3QucGw%25252FYy4yMTozNy53amVv&utmht=1787727347445&utmac=UA-1489454-4&utmcc=__utma%3D258641246.631019599.1787727113.1787727113.1787727113.1%3B%2B__utmz%3D258641246.1787727113.1.1.utmcsr%3D(direct)%7Cutmccn%3D(direct)%7Cutmcmd%3D(none)%3B&utmjid=&utmu=qAAAAAAAAAAAAAAAAAAAAAAE~ reason=response.body: Response body is unavailable for redirect responses
2026-08-26T06:55:50.295Z scroll:stable height=11276 samples=24
2026-08-26T06:55:51.348Z complete:037.html html=91982 assets=18
2026-08-26T06:55:53.851Z attempt:1/3 038.html
2026-08-26T06:55:53.851Z navigation:start http://edwards.yale.edu/archive?path=aHR0cDovL2Vkd2FyZHMueWFsZS5lZHUvY2dpLWJpbi9uZXdwaGlsby9nZXRvYmplY3QucGw%2FYy4yMTozOC53amVv
2026-08-26T06:55:54.361Z resource:omit http://fonts.gstatic.com/s/opensans/v44/memvYaGs126MiZpBA-UvWbX2vVnXBbObj2OVTS-mu0SC55I.woff2 reason=response.body: Response body is unavailable for redirect responses
2026-08-26T06:55:54.361Z resource:omit http://fonts.gstatic.com/s/playfairdisplay/v40/nuFiD-vYSZviVYUb_rj3ij__anPXDTzYgEM86xQ.woff2 reason=response.body: Response body is unavailable for redirect responses
2026-08-26T06:55:54.361Z resource:omit http://fonts.gstatic.com/s/opensans/v44/memvYaGs126MiZpBA-UvWbX2vVnXBbObj2OVTUGmu0SC55K5gw.woff2 reason=response.body: Response body is unavailable for redirect responses
2026-08-26T06:55:54.535Z resource:omit http://fonts.gstatic.com/s/playfairdisplay/v40/nuFkD-vYSZviVYUb_rj3ij__anPXDTnogkk7yRZrPA.woff2 reason=response.body: Response body is unavailable for redirect responses
2026-08-26T06:55:54.749Z resource:omit http://www.google-analytics.com/ga.js reason=response.body: Response body is unavailable for redirect responses
2026-08-26T06:55:54.753Z resource:omit http://www.google-analytics.com/__utm.gif?utmwv=5.7.2&utms=39&utmn=929731077&utmhn=edwards.yale.edu&utmcs=UTF-8&utmsr=1280x720&utmvp=1280x720&utmsc=24-bit&utmul=pl&utmje=0&utmfl=-&utmdt=Search%20WJE%20Online%20%7C%20The%20Jonathan%20Edwards%20Center%20at%20Yale%20University&utmhid=987635601&utmr=-&utmp=%2Farchive%3Fpath%3DaHR0cDovL2Vkd2FyZHMueWFsZS5lZHUvY2dpLWJpbi9uZXdwaGlsby9nZXRvYmplY3QucGw%25252FYy4yMTozOC53amVv&utmht=1787727354751&utmac=UA-1489454-4&utmcc=__utma%3D258641246.631019599.1787727113.1787727113.1787727113.1%3B%2B__utmz%3D258641246.1787727113.1.1.utmcsr%3D(direct)%7Cutmccn%3D(direct)%7Cutmcmd%3D(none)%3B&utmjid=&utmu=qAAAAAAAAAAAAAAAAAAAAAAE~ reason=response.body: Response body is unavailable for redirect responses
2026-08-26T06:55:55.639Z scroll:stable height=2699 samples=8
2026-08-26T06:55:56.696Z complete:038.html html=44478 assets=18
2026-08-26T06:55:59.197Z attempt:1/3 039.html
2026-08-26T06:55:59.198Z navigation:start http://edwards.yale.edu/archive?path=aHR0cDovL2Vkd2FyZHMueWFsZS5lZHUvY2dpLWJpbi9uZXdwaGlsby9nZXRvYmplY3QucGw%2FYy4yMTozOS53amVv
2026-08-26T06:55:59.805Z resource:omit http://fonts.gstatic.com/s/opensans/v44/memvYaGs126MiZpBA-UvWbX2vVnXBbObj2OVTS-mu0SC55I.woff2 reason=response.body: Response body is unavailable for redirect responses
2026-08-26T06:55:59.806Z resource:omit http://fonts.gstatic.com/s/playfairdisplay/v40/nuFiD-vYSZviVYUb_rj3ij__anPXDTzYgEM86xQ.woff2 reason=response.body: Response body is unavailable for redirect responses
2026-08-26T06:55:59.806Z resource:omit http://fonts.gstatic.com/s/opensans/v44/memvYaGs126MiZpBA-UvWbX2vVnXBbObj2OVTUGmu0SC55K5gw.woff2 reason=response.body: Response body is unavailable for redirect responses
2026-08-26T06:56:00.010Z resource:omit http://fonts.gstatic.com/s/playfairdisplay/v40/nuFkD-vYSZviVYUb_rj3ij__anPXDTnogkk7yRZrPA.woff2 reason=response.body: Response body is unavailable for redirect responses
2026-08-26T06:56:00.519Z resource:omit http://www.google-analytics.com/ga.js reason=response.body: Response body is unavailable for redirect responses
2026-08-26T06:56:00.528Z resource:omit http://www.google-analytics.com/__utm.gif?utmwv=5.7.2&utms=40&utmn=545553492&utmhn=edwards.yale.edu&utmcs=UTF-8&utmsr=1280x720&utmvp=1280x720&utmsc=24-bit&utmul=pl&utmje=0&utmfl=-&utmdt=Search%20WJE%20Online%20%7C%20The%20Jonathan%20Edwards%20Center%20at%20Yale%20University&utmhid=132693643&utmr=-&utmp=%2Farchive%3Fpath%3DaHR0cDovL2Vkd2FyZHMueWFsZS5lZHUvY2dpLWJpbi9uZXdwaGlsby9nZXRvYmplY3QucGw%25252FYy4yMTozOS53amVv&utmht=1787727360518&utmac=UA-1489454-4&utmcc=__utma%3D258641246.631019599.1787727113.1787727113.1787727113.1%3B%2B__utmz%3D258641246.1787727113.1.1.utmcsr%3D(direct)%7Cutmccn%3D(direct)%7Cutmcmd%3D(none)%3B&utmjid=&utmu=qAAAAAAAAAAAAAAAAAAAAAAE~ reason=response.body: Response body is unavailable for redirect responses
2026-08-26T06:56:03.245Z scroll:stable height=10797 samples=23
2026-08-26T06:56:04.297Z complete:039.html html=81215 assets=18
2026-08-26T06:56:06.799Z attempt:1/3 040.html
2026-08-26T06:56:06.799Z navigation:start http://edwards.yale.edu/archive?path=aHR0cDovL2Vkd2FyZHMueWFsZS5lZHUvY2dpLWJpbi9uZXdwaGlsby9nZXRvYmplY3QucGw%2FYy4yMTo0MC53amVv
2026-08-26T06:56:07.349Z resource:omit http://fonts.gstatic.com/s/opensans/v44/memvYaGs126MiZpBA-UvWbX2vVnXBbObj2OVTS-mu0SC55I.woff2 reason=response.body: Response body is unavailable for redirect responses
2026-08-26T06:56:07.349Z resource:omit http://fonts.gstatic.com/s/playfairdisplay/v40/nuFiD-vYSZviVYUb_rj3ij__anPXDTzYgEM86xQ.woff2 reason=response.body: Response body is unavailable for redirect responses
2026-08-26T06:56:07.351Z resource:omit http://fonts.gstatic.com/s/opensans/v44/memvYaGs126MiZpBA-UvWbX2vVnXBbObj2OVTUGmu0SC55K5gw.woff2 reason=response.body: Response body is unavailable for redirect responses
2026-08-26T06:56:07.527Z resource:omit http://fonts.gstatic.com/s/playfairdisplay/v40/nuFkD-vYSZviVYUb_rj3ij__anPXDTnogkk7yRZrPA.woff2 reason=response.body: Response body is unavailable for redirect responses
2026-08-26T06:56:07.692Z resource:omit http://www.google-analytics.com/ga.js reason=response.body: Response body is unavailable for redirect responses
2026-08-26T06:56:07.696Z resource:omit http://www.google-analytics.com/__utm.gif?utmwv=5.7.2&utms=41&utmn=1153685222&utmhn=edwards.yale.edu&utmcs=UTF-8&utmsr=1280x720&utmvp=1280x720&utmsc=24-bit&utmul=pl&utmje=0&utmfl=-&utmdt=Search%20WJE%20Online%20%7C%20The%20Jonathan%20Edwards%20Center%20at%20Yale%20University&utmhid=874066532&utmr=-&utmp=%2Farchive%3Fpath%3DaHR0cDovL2Vkd2FyZHMueWFsZS5lZHUvY2dpLWJpbi9uZXdwaGlsby9nZXRvYmplY3QucGw%25252FYy4yMTo0MC53amVv&utmht=1787727367694&utmac=UA-1489454-4&utmcc=__utma%3D258641246.631019599.1787727113.1787727113.1787727113.1%3B%2B__utmz%3D258641246.1787727113.1.1.utmcsr%3D(direct)%7Cutmccn%3D(direct)%7Cutmcmd%3D(none)%3B&utmjid=&utmu=qAAAAAAAAAAAAAAAAAAAAAAE~ reason=response.body: Response body is unavailable for redirect responses
2026-08-26T06:56:08.582Z scroll:stable height=2637 samples=8
2026-08-26T06:56:09.635Z complete:040.html html=43322 assets=18
2026-08-26T06:56:12.136Z attempt:1/3 041.html
2026-08-26T06:56:12.136Z navigation:start http://edwards.yale.edu/archive?path=aHR0cDovL2Vkd2FyZHMueWFsZS5lZHUvY2dpLWJpbi9uZXdwaGlsby9nZXRvYmplY3QucGw%2FYy4yMTo0MS53amVv
2026-08-26T06:56:12.689Z resource:omit http://fonts.gstatic.com/s/opensans/v44/memvYaGs126MiZpBA-UvWbX2vVnXBbObj2OVTS-mu0SC55I.woff2 reason=response.body: Response body is unavailable for redirect responses
2026-08-26T06:56:12.689Z resource:omit http://fonts.gstatic.com/s/playfairdisplay/v40/nuFiD-vYSZviVYUb_rj3ij__anPXDTzYgEM86xQ.woff2 reason=response.body: Response body is unavailable for redirect responses
2026-08-26T06:56:12.689Z resource:omit http://fonts.gstatic.com/s/opensans/v44/memvYaGs126MiZpBA-UvWbX2vVnXBbObj2OVTUGmu0SC55K5gw.woff2 reason=response.body: Response body is unavailable for redirect responses
2026-08-26T06:56:12.876Z resource:omit http://fonts.gstatic.com/s/playfairdisplay/v40/nuFkD-vYSZviVYUb_rj3ij__anPXDTnogkk7yRZrPA.woff2 reason=response.body: Response body is unavailable for redirect responses
2026-08-26T06:56:13.640Z resource:omit http://www.google-analytics.com/ga.js reason=response.body: Response body is unavailable for redirect responses
2026-08-26T06:56:13.643Z resource:omit http://www.google-analytics.com/__utm.gif?utmwv=5.7.2&utms=42&utmn=476415781&utmhn=edwards.yale.edu&utmcs=UTF-8&utmsr=1280x720&utmvp=1280x720&utmsc=24-bit&utmul=pl&utmje=0&utmfl=-&utmdt=Search%20WJE%20Online%20%7C%20The%20Jonathan%20Edwards%20Center%20at%20Yale%20University&utmhid=1480334826&utmr=-&utmp=%2Farchive%3Fpath%3DaHR0cDovL2Vkd2FyZHMueWFsZS5lZHUvY2dpLWJpbi9uZXdwaGlsby9nZXRvYmplY3QucGw%25252FYy4yMTo0MS53amVv&utmht=1787727373639&utmac=UA-1489454-4&utmcc=__utma%3D258641246.631019599.1787727113.1787727113.1787727113.1%3B%2B__utmz%3D258641246.1787727113.1.1.utmcsr%3D(direct)%7Cutmccn%3D(direct)%7Cutmcmd%3D(none)%3B&utmjid=&utmu=qAAAAAAAAAAAAAAAAAAAAAAE~ reason=response.body: Response body is unavailable for redirect responses
2026-08-26T06:56:16.731Z scroll:stable height=12302 samples=26
2026-08-26T06:56:17.788Z complete:041.html html=100430 assets=18
2026-08-26T06:56:20.290Z attempt:1/3 042.html
2026-08-26T06:56:20.290Z navigation:start http://edwards.yale.edu/archive?path=aHR0cDovL2Vkd2FyZHMueWFsZS5lZHUvY2dpLWJpbi9uZXdwaGlsby9nZXRvYmplY3QucGw%2FYy4yMTo0Mi53amVv
2026-08-26T06:56:20.818Z resource:omit http://fonts.gstatic.com/s/opensans/v44/memvYaGs126MiZpBA-UvWbX2vVnXBbObj2OVTS-mu0SC55I.woff2 reason=response.body: Response body is unavailable for redirect responses
2026-08-26T06:56:20.818Z resource:omit http://fonts.gstatic.com/s/playfairdisplay/v40/nuFiD-vYSZviVYUb_rj3ij__anPXDTzYgEM86xQ.woff2 reason=response.body: Response body is unavailable for redirect responses
2026-08-26T06:56:20.818Z resource:omit http://fonts.gstatic.com/s/opensans/v44/memvYaGs126MiZpBA-UvWbX2vVnXBbObj2OVTUGmu0SC55K5gw.woff2 reason=response.body: Response body is unavailable for redirect responses
2026-08-26T06:56:20.993Z resource:omit http://fonts.gstatic.com/s/playfairdisplay/v40/nuFkD-vYSZviVYUb_rj3ij__anPXDTnogkk7yRZrPA.woff2 reason=response.body: Response body is unavailable for redirect responses
2026-08-26T06:56:21.149Z resource:omit http://www.google-analytics.com/ga.js reason=response.body: Response body is unavailable for redirect responses
2026-08-26T06:56:21.153Z resource:omit http://www.google-analytics.com/__utm.gif?utmwv=5.7.2&utms=43&utmn=14065803&utmhn=edwards.yale.edu&utmcs=UTF-8&utmsr=1280x720&utmvp=1280x720&utmsc=24-bit&utmul=pl&utmje=0&utmfl=-&utmdt=Search%20WJE%20Online%20%7C%20The%20Jonathan%20Edwards%20Center%20at%20Yale%20University&utmhid=367974890&utmr=-&utmp=%2Farchive%3Fpath%3DaHR0cDovL2Vkd2FyZHMueWFsZS5lZHUvY2dpLWJpbi9uZXdwaGlsby9nZXRvYmplY3QucGw%25252FYy4yMTo0Mi53amVv&utmht=1787727381151&utmac=UA-1489454-4&utmcc=__utma%3D258641246.631019599.1787727113.1787727113.1787727113.1%3B%2B__utmz%3D258641246.1787727113.1.1.utmcsr%3D(direct)%7Cutmccn%3D(direct)%7Cutmcmd%3D(none)%3B&utmjid=&utmu=qAAAAAAAAAAAAAAAAAAAAAAE~ reason=response.body: Response body is unavailable for redirect responses
2026-08-26T06:56:21.916Z scroll:stable height=2186 samples=7
2026-08-26T06:56:23.036Z complete:042.html html=40773 assets=18
2026-08-26T06:56:25.538Z attempt:1/3 043.html
2026-08-26T06:56:25.538Z navigation:start http://edwards.yale.edu/archive?path=aHR0cDovL2Vkd2FyZHMueWFsZS5lZHUvY2dpLWJpbi9uZXdwaGlsby9nZXRvYmplY3QucGw%2FYy4yMTo0My53amVv
2026-08-26T06:56:26.049Z resource:omit http://fonts.gstatic.com/s/opensans/v44/memvYaGs126MiZpBA-UvWbX2vVnXBbObj2OVTS-mu0SC55I.woff2 reason=response.body: Response body is unavailable for redirect responses
2026-08-26T06:56:26.049Z resource:omit http://fonts.gstatic.com/s/playfairdisplay/v40/nuFiD-vYSZviVYUb_rj3ij__anPXDTzYgEM86xQ.woff2 reason=response.body: Response body is unavailable for redirect responses
2026-08-26T06:56:26.049Z resource:omit http://fonts.gstatic.com/s/opensans/v44/memvYaGs126MiZpBA-UvWbX2vVnXBbObj2OVTUGmu0SC55K5gw.woff2 reason=response.body: Response body is unavailable for redirect responses
2026-08-26T06:56:26.226Z resource:omit http://fonts.gstatic.com/s/playfairdisplay/v40/nuFkD-vYSZviVYUb_rj3ij__anPXDTnogkk7yRZrPA.woff2 reason=response.body: Response body is unavailable for redirect responses
2026-08-26T06:56:26.568Z resource:omit http://www.google-analytics.com/ga.js reason=response.body: Response body is unavailable for redirect responses
2026-08-26T06:56:26.574Z resource:omit http://www.google-analytics.com/__utm.gif?utmwv=5.7.2&utms=44&utmn=2064130041&utmhn=edwards.yale.edu&utmcs=UTF-8&utmsr=1280x720&utmvp=1280x720&utmsc=24-bit&utmul=pl&utmje=0&utmfl=-&utmdt=Search%20WJE%20Online%20%7C%20The%20Jonathan%20Edwards%20Center%20at%20Yale%20University&utmhid=1256681035&utmr=-&utmp=%2Farchive%3Fpath%3DaHR0cDovL2Vkd2FyZHMueWFsZS5lZHUvY2dpLWJpbi9uZXdwaGlsby9nZXRvYmplY3QucGw%25252FYy4yMTo0My53amVv&utmht=1787727386569&utmac=UA-1489454-4&utmcc=__utma%3D258641246.631019599.1787727113.1787727113.1787727113.1%3B%2B__utmz%3D258641246.1787727113.1.1.utmcsr%3D(direct)%7Cutmccn%3D(direct)%7Cutmcmd%3D(none)%3B&utmjid=&utmu=qAAAAAAAAAAAAAAAAAAAAAAE~ reason=response.body: Response body is unavailable for redirect responses
2026-08-26T06:56:28.317Z scroll:stable height=6204 samples=15
2026-08-26T06:56:29.380Z complete:043.html html=64204 assets=18
2026-08-26T06:56:31.881Z attempt:1/3 044.html
2026-08-26T06:56:31.882Z navigation:start http://edwards.yale.edu/archive?path=aHR0cDovL2Vkd2FyZHMueWFsZS5lZHUvY2dpLWJpbi9uZXdwaGlsby9nZXRvYmplY3QucGw%2FYy4yMTo0NC53amVv
2026-08-26T06:56:32.510Z resource:omit http://fonts.gstatic.com/s/opensans/v44/memvYaGs126MiZpBA-UvWbX2vVnXBbObj2OVTUGmu0SC55K5gw.woff2 reason=response.body: Response body is unavailable for redirect responses
2026-08-26T06:56:32.510Z resource:omit http://fonts.gstatic.com/s/opensans/v44/memvYaGs126MiZpBA-UvWbX2vVnXBbObj2OVTS-mu0SC55I.woff2 reason=response.body: Response body is unavailable for redirect responses
2026-08-26T06:56:32.510Z resource:omit http://fonts.gstatic.com/s/playfairdisplay/v40/nuFiD-vYSZviVYUb_rj3ij__anPXDTzYgEM86xQ.woff2 reason=response.body: Response body is unavailable for redirect responses
2026-08-26T06:56:32.684Z resource:omit http://fonts.gstatic.com/s/playfairdisplay/v40/nuFkD-vYSZviVYUb_rj3ij__anPXDTnogkk7yRZrPA.woff2 reason=response.body: Response body is unavailable for redirect responses
2026-08-26T06:56:32.834Z resource:omit http://www.google-analytics.com/ga.js reason=response.body: Response body is unavailable for redirect responses
2026-08-26T06:56:32.839Z resource:omit http://www.google-analytics.com/__utm.gif?utmwv=5.7.2&utms=45&utmn=675004467&utmhn=edwards.yale.edu&utmcs=UTF-8&utmsr=1280x720&utmvp=1280x720&utmsc=24-bit&utmul=pl&utmje=0&utmfl=-&utmdt=Search%20WJE%20Online%20%7C%20The%20Jonathan%20Edwards%20Center%20at%20Yale%20University&utmhid=141350520&utmr=-&utmp=%2Farchive%3Fpath%3DaHR0cDovL2Vkd2FyZHMueWFsZS5lZHUvY2dpLWJpbi9uZXdwaGlsby9nZXRvYmplY3QucGw%25252FYy4yMTo0NC53amVv&utmht=1787727392837&utmac=UA-1489454-4&utmcc=__utma%3D258641246.631019599.1787727113.1787727113.1787727113.1%3B%2B__utmz%3D258641246.1787727113.1.1.utmcsr%3D(direct)%7Cutmccn%3D(direct)%7Cutmcmd%3D(none)%3B&utmjid=&utmu=qAAAAAAAAAAAAAAAAAAAAAAE~ reason=response.body: Response body is unavailable for redirect responses
2026-08-26T06:56:33.607Z scroll:stable height=2104 samples=7
2026-08-26T06:56:34.772Z complete:044.html html=40430 assets=18
2026-08-26T06:56:37.273Z attempt:1/3 045.html
2026-08-26T06:56:37.274Z navigation:start http://edwards.yale.edu/archive?path=aHR0cDovL2Vkd2FyZHMueWFsZS5lZHUvY2dpLWJpbi9uZXdwaGlsby9nZXRvYmplY3QucGw%2FYy4yMTo0NS53amVv
2026-08-26T06:56:38.109Z resource:omit http://fonts.gstatic.com/s/opensans/v44/memvYaGs126MiZpBA-UvWbX2vVnXBbObj2OVTS-mu0SC55I.woff2 reason=response.body: Response body is unavailable for redirect responses
2026-08-26T06:56:38.109Z resource:omit http://fonts.gstatic.com/s/playfairdisplay/v40/nuFiD-vYSZviVYUb_rj3ij__anPXDTzYgEM86xQ.woff2 reason=response.body: Response body is unavailable for redirect responses
2026-08-26T06:56:38.109Z resource:omit http://fonts.gstatic.com/s/opensans/v44/memvYaGs126MiZpBA-UvWbX2vVnXBbObj2OVTUGmu0SC55K5gw.woff2 reason=response.body: Response body is unavailable for redirect responses
2026-08-26T06:56:38.543Z resource:omit http://fonts.gstatic.com/s/playfairdisplay/v40/nuFkD-vYSZviVYUb_rj3ij__anPXDTnogkk7yRZrPA.woff2 reason=response.body: Response body is unavailable for redirect responses
2026-08-26T06:56:39.862Z resource:omit http://www.google-analytics.com/ga.js reason=response.body: Response body is unavailable for redirect responses
2026-08-26T06:56:39.868Z resource:omit http://www.google-analytics.com/__utm.gif?utmwv=5.7.2&utms=46&utmn=1780776101&utmhn=edwards.yale.edu&utmcs=UTF-8&utmsr=1280x720&utmvp=1280x720&utmsc=24-bit&utmul=pl&utmje=0&utmfl=-&utmdt=Search%20WJE%20Online%20%7C%20The%20Jonathan%20Edwards%20Center%20at%20Yale%20University&utmhid=1678519558&utmr=-&utmp=%2Farchive%3Fpath%3DaHR0cDovL2Vkd2FyZHMueWFsZS5lZHUvY2dpLWJpbi9uZXdwaGlsby9nZXRvYmplY3QucGw%25252FYy4yMTo0NS53amVv&utmht=1787727399865&utmac=UA-1489454-4&utmcc=__utma%3D258641246.631019599.1787727113.1787727113.1787727113.1%3B%2B__utmz%3D258641246.1787727113.1.1.utmcsr%3D(direct)%7Cutmccn%3D(direct)%7Cutmcmd%3D(none)%3B&utmjid=&utmu=qAAAAAAAAAAAAAAAAAAAAAAE~ reason=response.body: Response body is unavailable for redirect responses
2026-08-26T06:56:42.593Z scroll:stable height=10652 samples=23
2026-08-26T06:56:43.649Z complete:045.html html=89706 assets=18
2026-08-26T06:56:46.151Z attempt:1/3 046.html
2026-08-26T06:56:46.152Z navigation:start http://edwards.yale.edu/archive?path=aHR0cDovL2Vkd2FyZHMueWFsZS5lZHUvY2dpLWJpbi9uZXdwaGlsby9nZXRvYmplY3QucGw%2FYy4yMTo0Ni53amVv
2026-08-26T06:56:46.706Z resource:omit http://fonts.gstatic.com/s/opensans/v44/memvYaGs126MiZpBA-UvWbX2vVnXBbObj2OVTS-mu0SC55I.woff2 reason=response.body: Response body is unavailable for redirect responses
2026-08-26T06:56:46.707Z resource:omit http://fonts.gstatic.com/s/opensans/v44/memvYaGs126MiZpBA-UvWbX2vVnXBbObj2OVTUGmu0SC55K5gw.woff2 reason=response.body: Response body is unavailable for redirect responses
2026-08-26T06:56:46.707Z resource:omit http://fonts.gstatic.com/s/playfairdisplay/v40/nuFiD-vYSZviVYUb_rj3ij__anPXDTzYgEM86xQ.woff2 reason=response.body: Response body is unavailable for redirect responses
2026-08-26T06:56:46.884Z resource:omit http://fonts.gstatic.com/s/playfairdisplay/v40/nuFkD-vYSZviVYUb_rj3ij__anPXDTnogkk7yRZrPA.woff2 reason=response.body: Response body is unavailable for redirect responses
2026-08-26T06:56:47.048Z resource:omit http://www.google-analytics.com/ga.js reason=response.body: Response body is unavailable for redirect responses
2026-08-26T06:56:47.053Z resource:omit http://www.google-analytics.com/__utm.gif?utmwv=5.7.2&utms=47&utmn=343852374&utmhn=edwards.yale.edu&utmcs=UTF-8&utmsr=1280x720&utmvp=1280x720&utmsc=24-bit&utmul=pl&utmje=0&utmfl=-&utmdt=Search%20WJE%20Online%20%7C%20The%20Jonathan%20Edwards%20Center%20at%20Yale%20University&utmhid=2116973911&utmr=-&utmp=%2Farchive%3Fpath%3DaHR0cDovL2Vkd2FyZHMueWFsZS5lZHUvY2dpLWJpbi9uZXdwaGlsby9nZXRvYmplY3QucGw%25252FYy4yMTo0Ni53amVv&utmht=1787727407050&utmac=UA-1489454-4&utmcc=__utma%3D258641246.631019599.1787727113.1787727113.1787727113.1%3B%2B__utmz%3D258641246.1787727113.1.1.utmcsr%3D(direct)%7Cutmccn%3D(direct)%7Cutmcmd%3D(none)%3B&utmjid=&utmu=qAAAAAAAAAAAAAAAAAAAAAAE~ reason=response.body: Response body is unavailable for redirect responses
2026-08-26T06:56:48.201Z scroll:stable height=3005 samples=9
2026-08-26T06:56:49.254Z complete:046.html html=48886 assets=18
2026-08-26T06:56:51.755Z attempt:1/3 047.html
2026-08-26T06:56:51.756Z navigation:start http://edwards.yale.edu/archive?path=aHR0cDovL2Vkd2FyZHMueWFsZS5lZHUvY2dpLWJpbi9uZXdwaGlsby9nZXRvYmplY3QucGw%2FYy4yMTo0Ny53amVv
2026-08-26T06:56:52.313Z resource:omit http://fonts.gstatic.com/s/opensans/v44/memvYaGs126MiZpBA-UvWbX2vVnXBbObj2OVTS-mu0SC55I.woff2 reason=response.body: Response body is unavailable for redirect responses
2026-08-26T06:56:52.314Z resource:omit http://fonts.gstatic.com/s/opensans/v44/memvYaGs126MiZpBA-UvWbX2vVnXBbObj2OVTUGmu0SC55K5gw.woff2 reason=response.body: Response body is unavailable for redirect responses
2026-08-26T06:56:52.314Z resource:omit http://fonts.gstatic.com/s/playfairdisplay/v40/nuFiD-vYSZviVYUb_rj3ij__anPXDTzYgEM86xQ.woff2 reason=response.body: Response body is unavailable for redirect responses
2026-08-26T06:56:52.492Z resource:omit http://fonts.gstatic.com/s/playfairdisplay/v40/nuFkD-vYSZviVYUb_rj3ij__anPXDTnogkk7yRZrPA.woff2 reason=response.body: Response body is unavailable for redirect responses
2026-08-26T06:56:53.013Z resource:omit http://www.google-analytics.com/ga.js reason=response.body: Response body is unavailable for redirect responses
2026-08-26T06:56:53.019Z resource:omit http://www.google-analytics.com/__utm.gif?utmwv=5.7.2&utms=48&utmn=795463365&utmhn=edwards.yale.edu&utmcs=UTF-8&utmsr=1280x720&utmvp=1280x720&utmsc=24-bit&utmul=pl&utmje=0&utmfl=-&utmdt=Search%20WJE%20Online%20%7C%20The%20Jonathan%20Edwards%20Center%20at%20Yale%20University&utmhid=872254027&utmr=-&utmp=%2Farchive%3Fpath%3DaHR0cDovL2Vkd2FyZHMueWFsZS5lZHUvY2dpLWJpbi9uZXdwaGlsby9nZXRvYmplY3QucGw%25252FYy4yMTo0Ny53amVv&utmht=1787727413016&utmac=UA-1489454-4&utmcc=__utma%3D258641246.631019599.1787727113.1787727113.1787727113.1%3B%2B__utmz%3D258641246.1787727113.1.1.utmcsr%3D(direct)%7Cutmccn%3D(direct)%7Cutmcmd%3D(none)%3B&utmjid=&utmu=qAAAAAAAAAAAAAAAAAAAAAAE~ reason=response.body: Response body is unavailable for redirect responses
2026-08-26T06:56:55.128Z scroll:stable height=8077 samples=18
2026-08-26T06:56:56.185Z complete:047.html html=78208 assets=18
2026-08-26T06:56:58.686Z attempt:1/3 048.html
2026-08-26T06:56:58.686Z navigation:start http://edwards.yale.edu/archive?path=aHR0cDovL2Vkd2FyZHMueWFsZS5lZHUvY2dpLWJpbi9uZXdwaGlsby9nZXRvYmplY3QucGw%2FYy4yMTo0OC53amVv
2026-08-26T06:56:59.243Z resource:omit http://fonts.gstatic.com/s/opensans/v44/memvYaGs126MiZpBA-UvWbX2vVnXBbObj2OVTS-mu0SC55I.woff2 reason=response.body: Response body is unavailable for redirect responses
2026-08-26T06:56:59.243Z resource:omit http://fonts.gstatic.com/s/opensans/v44/memvYaGs126MiZpBA-UvWbX2vVnXBbObj2OVTUGmu0SC55K5gw.woff2 reason=response.body: Response body is unavailable for redirect responses
2026-08-26T06:56:59.243Z resource:omit http://fonts.gstatic.com/s/playfairdisplay/v40/nuFiD-vYSZviVYUb_rj3ij__anPXDTzYgEM86xQ.woff2 reason=response.body: Response body is unavailable for redirect responses
2026-08-26T06:56:59.433Z resource:omit http://fonts.gstatic.com/s/playfairdisplay/v40/nuFkD-vYSZviVYUb_rj3ij__anPXDTnogkk7yRZrPA.woff2 reason=response.body: Response body is unavailable for redirect responses
2026-08-26T06:57:00.127Z resource:omit http://www.google-analytics.com/ga.js reason=response.body: Response body is unavailable for redirect responses
2026-08-26T06:57:00.133Z resource:omit http://www.google-analytics.com/__utm.gif?utmwv=5.7.2&utms=49&utmn=1108463163&utmhn=edwards.yale.edu&utmcs=UTF-8&utmsr=1280x720&utmvp=1280x720&utmsc=24-bit&utmul=pl&utmje=0&utmfl=-&utmdt=Search%20WJE%20Online%20%7C%20The%20Jonathan%20Edwards%20Center%20at%20Yale%20University&utmhid=906779934&utmr=-&utmp=%2Farchive%3Fpath%3DaHR0cDovL2Vkd2FyZHMueWFsZS5lZHUvY2dpLWJpbi9uZXdwaGlsby9nZXRvYmplY3QucGw%25252FYy4yMTo0OC53amVv&utmht=1787727420130&utmac=UA-1489454-4&utmcc=__utma%3D258641246.631019599.1787727113.1787727113.1787727113.1%3B%2B__utmz%3D258641246.1787727113.1.1.utmcsr%3D(direct)%7Cutmccn%3D(direct)%7Cutmcmd%3D(none)%3B&utmjid=&utmu=qAAAAAAAAAAAAAAAAAAAAAAE~ reason=response.body: Response body is unavailable for redirect responses
2026-08-26T06:57:04.446Z scroll:stable height=17540 samples=36
2026-08-26T06:57:05.512Z complete:048.html html=106245 assets=18
2026-08-26T06:57:08.014Z attempt:1/3 049.html
2026-08-26T06:57:08.014Z navigation:start http://edwards.yale.edu/archive?path=aHR0cDovL2Vkd2FyZHMueWFsZS5lZHUvY2dpLWJpbi9uZXdwaGlsby9nZXRvYmplY3QucGw%2FYy4yMTo0OS53amVv
2026-08-26T06:57:08.530Z resource:omit http://fonts.gstatic.com/s/opensans/v44/memvYaGs126MiZpBA-UvWbX2vVnXBbObj2OVTS-mu0SC55I.woff2 reason=response.body: Response body is unavailable for redirect responses
2026-08-26T06:57:08.530Z resource:omit http://fonts.gstatic.com/s/playfairdisplay/v40/nuFiD-vYSZviVYUb_rj3ij__anPXDTzYgEM86xQ.woff2 reason=response.body: Response body is unavailable for redirect responses
2026-08-26T06:57:08.530Z resource:omit http://fonts.gstatic.com/s/opensans/v44/memvYaGs126MiZpBA-UvWbX2vVnXBbObj2OVTUGmu0SC55K5gw.woff2 reason=response.body: Response body is unavailable for redirect responses
2026-08-26T06:57:08.700Z resource:omit http://fonts.gstatic.com/s/playfairdisplay/v40/nuFkD-vYSZviVYUb_rj3ij__anPXDTnogkk7yRZrPA.woff2 reason=response.body: Response body is unavailable for redirect responses
2026-08-26T06:57:08.848Z resource:omit http://www.google-analytics.com/ga.js reason=response.body: Response body is unavailable for redirect responses
2026-08-26T06:57:08.854Z resource:omit http://www.google-analytics.com/__utm.gif?utmwv=5.7.2&utms=50&utmn=725293899&utmhn=edwards.yale.edu&utmcs=UTF-8&utmsr=1280x720&utmvp=1280x720&utmsc=24-bit&utmul=pl&utmje=0&utmfl=-&utmdt=Search%20WJE%20Online%20%7C%20The%20Jonathan%20Edwards%20Center%20at%20Yale%20University&utmhid=464263316&utmr=-&utmp=%2Farchive%3Fpath%3DaHR0cDovL2Vkd2FyZHMueWFsZS5lZHUvY2dpLWJpbi9uZXdwaGlsby9nZXRvYmplY3QucGw%25252FYy4yMTo0OS53amVv&utmht=1787727428851&utmac=UA-1489454-4&utmcc=__utma%3D258641246.631019599.1787727113.1787727113.1787727113.1%3B%2B__utmz%3D258641246.1787727113.1.1.utmcsr%3D(direct)%7Cutmccn%3D(direct)%7Cutmcmd%3D(none)%3B&utmjid=&utmu=qAAAAAAAAAAAAAAAAAAAAAAE~ reason=response.body: Response body is unavailable for redirect responses
2026-08-26T06:57:09.617Z scroll:stable height=1945 samples=7
2026-08-26T06:57:10.676Z complete:049.html html=39363 assets=18
2026-08-26T06:57:13.179Z attempt:1/3 050.html
2026-08-26T06:57:13.179Z navigation:start http://edwards.yale.edu/archive?path=aHR0cDovL2Vkd2FyZHMueWFsZS5lZHUvY2dpLWJpbi9uZXdwaGlsby9nZXRvYmplY3QucGw%2FYy4yMTo1MC53amVv
2026-08-26T06:57:13.736Z resource:omit http://fonts.gstatic.com/s/opensans/v44/memvYaGs126MiZpBA-UvWbX2vVnXBbObj2OVTS-mu0SC55I.woff2 reason=response.body: Response body is unavailable for redirect responses
2026-08-26T06:57:13.736Z resource:omit http://fonts.gstatic.com/s/playfairdisplay/v40/nuFiD-vYSZviVYUb_rj3ij__anPXDTzYgEM86xQ.woff2 reason=response.body: Response body is unavailable for redirect responses
2026-08-26T06:57:13.736Z resource:omit http://fonts.gstatic.com/s/opensans/v44/memvYaGs126MiZpBA-UvWbX2vVnXBbObj2OVTUGmu0SC55K5gw.woff2 reason=response.body: Response body is unavailable for redirect responses
2026-08-26T06:57:13.933Z resource:omit http://fonts.gstatic.com/s/playfairdisplay/v40/nuFkD-vYSZviVYUb_rj3ij__anPXDTnogkk7yRZrPA.woff2 reason=response.body: Response body is unavailable for redirect responses
2026-08-26T06:57:14.249Z resource:omit http://www.google-analytics.com/ga.js reason=response.body: Response body is unavailable for redirect responses
2026-08-26T06:57:14.254Z resource:omit http://www.google-analytics.com/__utm.gif?utmwv=5.7.2&utms=51&utmn=305171758&utmhn=edwards.yale.edu&utmcs=UTF-8&utmsr=1280x720&utmvp=1280x720&utmsc=24-bit&utmul=pl&utmje=0&utmfl=-&utmdt=Search%20WJE%20Online%20%7C%20The%20Jonathan%20Edwards%20Center%20at%20Yale%20University&utmhid=793306016&utmr=-&utmp=%2Farchive%3Fpath%3DaHR0cDovL2Vkd2FyZHMueWFsZS5lZHUvY2dpLWJpbi9uZXdwaGlsby9nZXRvYmplY3QucGw%25252FYy4yMTo1MC53amVv&utmht=1787727434251&utmac=UA-1489454-4&utmcc=__utma%3D258641246.631019599.1787727113.1787727113.1787727113.1%3B%2B__utmz%3D258641246.1787727113.1.1.utmcsr%3D(direct)%7Cutmccn%3D(direct)%7Cutmcmd%3D(none)%3B&utmjid=&utmu=qAAAAAAAAAAAAAAAAAAAAAAE~ reason=response.body: Response body is unavailable for redirect responses
2026-08-26T06:57:15.992Z scroll:stable height=6376 samples=15
2026-08-26T06:57:17.046Z complete:050.html html=64008 assets=18
2026-08-26T06:57:19.547Z attempt:1/3 051.html
2026-08-26T06:57:19.547Z navigation:start http://edwards.yale.edu/archive?path=aHR0cDovL2Vkd2FyZHMueWFsZS5lZHUvY2dpLWJpbi9uZXdwaGlsby9nZXRvYmplY3QucGw%2FYy4yMTo1MS53amVv
2026-08-26T06:57:20.068Z resource:omit http://fonts.gstatic.com/s/opensans/v44/memvYaGs126MiZpBA-UvWbX2vVnXBbObj2OVTS-mu0SC55I.woff2 reason=response.body: Response body is unavailable for redirect responses
2026-08-26T06:57:20.069Z resource:omit http://fonts.gstatic.com/s/playfairdisplay/v40/nuFiD-vYSZviVYUb_rj3ij__anPXDTzYgEM86xQ.woff2 reason=response.body: Response body is unavailable for redirect responses
2026-08-26T06:57:20.069Z resource:omit http://fonts.gstatic.com/s/opensans/v44/memvYaGs126MiZpBA-UvWbX2vVnXBbObj2OVTUGmu0SC55K5gw.woff2 reason=response.body: Response body is unavailable for redirect responses
2026-08-26T06:57:20.258Z resource:omit http://fonts.gstatic.com/s/playfairdisplay/v40/nuFkD-vYSZviVYUb_rj3ij__anPXDTnogkk7yRZrPA.woff2 reason=response.body: Response body is unavailable for redirect responses
2026-08-26T06:57:20.420Z resource:omit http://www.google-analytics.com/ga.js reason=response.body: Response body is unavailable for redirect responses
2026-08-26T06:57:20.425Z resource:omit http://www.google-analytics.com/__utm.gif?utmwv=5.7.2&utms=52&utmn=686698594&utmhn=edwards.yale.edu&utmcs=UTF-8&utmsr=1280x720&utmvp=1280x720&utmsc=24-bit&utmul=pl&utmje=0&utmfl=-&utmdt=Search%20WJE%20Online%20%7C%20The%20Jonathan%20Edwards%20Center%20at%20Yale%20University&utmhid=1173921853&utmr=-&utmp=%2Farchive%3Fpath%3DaHR0cDovL2Vkd2FyZHMueWFsZS5lZHUvY2dpLWJpbi9uZXdwaGlsby9nZXRvYmplY3QucGw%25252FYy4yMTo1MS53amVv&utmht=1787727440423&utmac=UA-1489454-4&utmcc=__utma%3D258641246.631019599.1787727113.1787727113.1787727113.1%3B%2B__utmz%3D258641246.1787727113.1.1.utmcsr%3D(direct)%7Cutmccn%3D(direct)%7Cutmcmd%3D(none)%3B&utmjid=&utmu=qAAAAAAAAAAAAAAAAAAAAAAE~ reason=response.body: Response body is unavailable for redirect responses
2026-08-26T06:57:21.202Z scroll:stable height=2267 samples=7
2026-08-26T06:57:22.279Z complete:051.html html=41880 assets=18
2026-08-26T06:57:24.781Z attempt:1/3 052.html
2026-08-26T06:57:24.782Z navigation:start http://edwards.yale.edu/archive?path=aHR0cDovL2Vkd2FyZHMueWFsZS5lZHUvY2dpLWJpbi9uZXdwaGlsby9nZXRvYmplY3QucGw%2FYy4yMTo1Mi53amVv
2026-08-26T06:57:25.326Z resource:omit http://fonts.gstatic.com/s/opensans/v44/memvYaGs126MiZpBA-UvWbX2vVnXBbObj2OVTS-mu0SC55I.woff2 reason=response.body: Response body is unavailable for redirect responses
2026-08-26T06:57:25.326Z resource:omit http://fonts.gstatic.com/s/playfairdisplay/v40/nuFiD-vYSZviVYUb_rj3ij__anPXDTzYgEM86xQ.woff2 reason=response.body: Response body is unavailable for redirect responses
2026-08-26T06:57:25.326Z resource:omit http://fonts.gstatic.com/s/opensans/v44/memvYaGs126MiZpBA-UvWbX2vVnXBbObj2OVTUGmu0SC55K5gw.woff2 reason=response.body: Response body is unavailable for redirect responses
2026-08-26T06:57:25.517Z resource:omit http://fonts.gstatic.com/s/playfairdisplay/v40/nuFkD-vYSZviVYUb_rj3ij__anPXDTnogkk7yRZrPA.woff2 reason=response.body: Response body is unavailable for redirect responses
2026-08-26T06:57:25.684Z resource:omit http://www.google-analytics.com/ga.js reason=response.body: Response body is unavailable for redirect responses
2026-08-26T06:57:25.688Z resource:omit http://www.google-analytics.com/__utm.gif?utmwv=5.7.2&utms=53&utmn=1431778382&utmhn=edwards.yale.edu&utmcs=UTF-8&utmsr=1280x720&utmvp=1280x720&utmsc=24-bit&utmul=pl&utmje=0&utmfl=-&utmdt=Search%20WJE%20Online%20%7C%20The%20Jonathan%20Edwards%20Center%20at%20Yale%20University&utmhid=52832022&utmr=-&utmp=%2Farchive%3Fpath%3DaHR0cDovL2Vkd2FyZHMueWFsZS5lZHUvY2dpLWJpbi9uZXdwaGlsby9nZXRvYmplY3QucGw%25252FYy4yMTo1Mi53amVv&utmht=1787727445686&utmac=UA-1489454-4&utmcc=__utma%3D258641246.631019599.1787727113.1787727113.1787727113.1%3B%2B__utmz%3D258641246.1787727113.1.1.utmcsr%3D(direct)%7Cutmccn%3D(direct)%7Cutmcmd%3D(none)%3B&utmjid=&utmu=qAAAAAAAAAAAAAAAAAAAAAAE~ reason=response.body: Response body is unavailable for redirect responses
2026-08-26T06:57:26.702Z scroll:stable height=3005 samples=9
2026-08-26T06:57:27.750Z complete:052.html html=42815 assets=18
2026-08-26T06:57:30.250Z attempt:1/3 053.html
2026-08-26T06:57:30.251Z navigation:start http://edwards.yale.edu/archive?path=aHR0cDovL2Vkd2FyZHMueWFsZS5lZHUvY2dpLWJpbi9uZXdwaGlsby9nZXRvYmplY3QucGw%2FYy4yMTo1My53amVv
2026-08-26T06:57:30.811Z resource:omit http://fonts.gstatic.com/s/opensans/v44/memvYaGs126MiZpBA-UvWbX2vVnXBbObj2OVTS-mu0SC55I.woff2 reason=response.body: Response body is unavailable for redirect responses
2026-08-26T06:57:30.811Z resource:omit http://fonts.gstatic.com/s/playfairdisplay/v40/nuFiD-vYSZviVYUb_rj3ij__anPXDTzYgEM86xQ.woff2 reason=response.body: Response body is unavailable for redirect responses
2026-08-26T06:57:30.811Z resource:omit http://fonts.gstatic.com/s/opensans/v44/memvYaGs126MiZpBA-UvWbX2vVnXBbObj2OVTUGmu0SC55K5gw.woff2 reason=response.body: Response body is unavailable for redirect responses
2026-08-26T06:57:31.000Z resource:omit http://fonts.gstatic.com/s/playfairdisplay/v40/nuFkD-vYSZviVYUb_rj3ij__anPXDTnogkk7yRZrPA.woff2 reason=response.body: Response body is unavailable for redirect responses
2026-08-26T06:57:31.210Z resource:omit http://www.google-analytics.com/ga.js reason=response.body: Response body is unavailable for redirect responses
2026-08-26T06:57:31.215Z resource:omit http://www.google-analytics.com/__utm.gif?utmwv=5.7.2&utms=54&utmn=13973147&utmhn=edwards.yale.edu&utmcs=UTF-8&utmsr=1280x720&utmvp=1280x720&utmsc=24-bit&utmul=pl&utmje=0&utmfl=-&utmdt=Search%20WJE%20Online%20%7C%20The%20Jonathan%20Edwards%20Center%20at%20Yale%20University&utmhid=1180616456&utmr=-&utmp=%2Farchive%3Fpath%3DaHR0cDovL2Vkd2FyZHMueWFsZS5lZHUvY2dpLWJpbi9uZXdwaGlsby9nZXRvYmplY3QucGw%25252FYy4yMTo1My53amVv&utmht=1787727451213&utmac=UA-1489454-4&utmcc=__utma%3D258641246.631019599.1787727113.1787727113.1787727113.1%3B%2B__utmz%3D258641246.1787727113.1.1.utmcsr%3D(direct)%7Cutmccn%3D(direct)%7Cutmcmd%3D(none)%3B&utmjid=&utmu=qAAAAAAAAAAAAAAAAAAAAAAE~ reason=response.body: Response body is unavailable for redirect responses
2026-08-26T06:57:32.095Z scroll:stable height=2417 samples=8
2026-08-26T06:57:33.152Z complete:053.html html=43322 assets=18
2026-08-26T06:57:35.653Z attempt:1/3 054.html
2026-08-26T06:57:35.653Z navigation:start http://edwards.yale.edu/archive?path=aHR0cDovL2Vkd2FyZHMueWFsZS5lZHUvY2dpLWJpbi9uZXdwaGlsby9nZXRvYmplY3QucGw%2FYy4yMTo1NC53amVv
2026-08-26T06:57:36.263Z resource:omit http://fonts.gstatic.com/s/opensans/v44/memvYaGs126MiZpBA-UvWbX2vVnXBbObj2OVTS-mu0SC55I.woff2 reason=response.body: Response body is unavailable for redirect responses
2026-08-26T06:57:36.263Z resource:omit http://fonts.gstatic.com/s/playfairdisplay/v40/nuFiD-vYSZviVYUb_rj3ij__anPXDTzYgEM86xQ.woff2 reason=response.body: Response body is unavailable for redirect responses
2026-08-26T06:57:36.263Z resource:omit http://fonts.gstatic.com/s/opensans/v44/memvYaGs126MiZpBA-UvWbX2vVnXBbObj2OVTUGmu0SC55K5gw.woff2 reason=response.body: Response body is unavailable for redirect responses
2026-08-26T06:57:36.465Z resource:omit http://fonts.gstatic.com/s/playfairdisplay/v40/nuFkD-vYSZviVYUb_rj3ij__anPXDTnogkk7yRZrPA.woff2 reason=response.body: Response body is unavailable for redirect responses
2026-08-26T06:57:36.631Z resource:omit http://www.google-analytics.com/ga.js reason=response.body: Response body is unavailable for redirect responses
2026-08-26T06:57:36.636Z resource:omit http://www.google-analytics.com/__utm.gif?utmwv=5.7.2&utms=55&utmn=813178535&utmhn=edwards.yale.edu&utmcs=UTF-8&utmsr=1280x720&utmvp=1280x720&utmsc=24-bit&utmul=pl&utmje=0&utmfl=-&utmdt=Search%20WJE%20Online%20%7C%20The%20Jonathan%20Edwards%20Center%20at%20Yale%20University&utmhid=1424024412&utmr=-&utmp=%2Farchive%3Fpath%3DaHR0cDovL2Vkd2FyZHMueWFsZS5lZHUvY2dpLWJpbi9uZXdwaGlsby9nZXRvYmplY3QucGw%25252FYy4yMTo1NC53amVv&utmht=1787727456634&utmac=UA-1489454-4&utmcc=__utma%3D258641246.631019599.1787727113.1787727113.1787727113.1%3B%2B__utmz%3D258641246.1787727113.1.1.utmcsr%3D(direct)%7Cutmccn%3D(direct)%7Cutmcmd%3D(none)%3B&utmjid=&utmu=qAAAAAAAAAAAAAAAAAAAAAAE~ reason=response.body: Response body is unavailable for redirect responses
2026-08-26T06:57:37.518Z scroll:stable height=2695 samples=8
2026-08-26T06:57:38.579Z complete:054.html html=42062 assets=18
2026-08-26T06:57:41.081Z attempt:1/3 055.html
2026-08-26T06:57:41.081Z navigation:start http://edwards.yale.edu/archive?path=aHR0cDovL2Vkd2FyZHMueWFsZS5lZHUvY2dpLWJpbi9uZXdwaGlsby9nZXRvYmplY3QucGw%2FYy4yMTo1NS53amVv
2026-08-26T06:57:41.702Z resource:omit http://fonts.gstatic.com/s/opensans/v44/memvYaGs126MiZpBA-UvWbX2vVnXBbObj2OVTS-mu0SC55I.woff2 reason=response.body: Response body is unavailable for redirect responses
2026-08-26T06:57:41.703Z resource:omit http://fonts.gstatic.com/s/playfairdisplay/v40/nuFiD-vYSZviVYUb_rj3ij__anPXDTzYgEM86xQ.woff2 reason=response.body: Response body is unavailable for redirect responses
2026-08-26T06:57:41.703Z resource:omit http://fonts.gstatic.com/s/opensans/v44/memvYaGs126MiZpBA-UvWbX2vVnXBbObj2OVTUGmu0SC55K5gw.woff2 reason=response.body: Response body is unavailable for redirect responses
2026-08-26T06:57:41.948Z resource:omit http://fonts.gstatic.com/s/playfairdisplay/v40/nuFkD-vYSZviVYUb_rj3ij__anPXDTnogkk7yRZrPA.woff2 reason=response.body: Response body is unavailable for redirect responses
2026-08-26T06:57:42.114Z resource:omit http://www.google-analytics.com/ga.js reason=response.body: Response body is unavailable for redirect responses
2026-08-26T06:57:42.118Z resource:omit http://www.google-analytics.com/__utm.gif?utmwv=5.7.2&utms=56&utmn=702107110&utmhn=edwards.yale.edu&utmcs=UTF-8&utmsr=1280x720&utmvp=1280x720&utmsc=24-bit&utmul=pl&utmje=0&utmfl=-&utmdt=Search%20WJE%20Online%20%7C%20The%20Jonathan%20Edwards%20Center%20at%20Yale%20University&utmhid=814957340&utmr=-&utmp=%2Farchive%3Fpath%3DaHR0cDovL2Vkd2FyZHMueWFsZS5lZHUvY2dpLWJpbi9uZXdwaGlsby9nZXRvYmplY3QucGw%25252FYy4yMTo1NS53amVv&utmht=1787727462116&utmac=UA-1489454-4&utmcc=__utma%3D258641246.631019599.1787727113.1787727113.1787727113.1%3B%2B__utmz%3D258641246.1787727113.1.1.utmcsr%3D(direct)%7Cutmccn%3D(direct)%7Cutmcmd%3D(none)%3B&utmjid=&utmu=qAAAAAAAAAAAAAAAAAAAAAAE~ reason=response.body: Response body is unavailable for redirect responses
2026-08-26T06:57:43.095Z scroll:stable height=2540 samples=8
2026-08-26T06:57:44.143Z complete:055.html html=43266 assets=18
2026-08-26T06:57:46.644Z attempt:1/3 056.html
2026-08-26T06:57:46.645Z navigation:start http://edwards.yale.edu/archive?path=aHR0cDovL2Vkd2FyZHMueWFsZS5lZHUvY2dpLWJpbi9uZXdwaGlsby9nZXRvYmplY3QucGw%2FYy4yMTo1Ni53amVv
2026-08-26T06:57:47.161Z resource:omit http://fonts.gstatic.com/s/opensans/v44/memvYaGs126MiZpBA-UvWbX2vVnXBbObj2OVTS-mu0SC55I.woff2 reason=response.body: Response body is unavailable for redirect responses
2026-08-26T06:57:47.162Z resource:omit http://fonts.gstatic.com/s/playfairdisplay/v40/nuFiD-vYSZviVYUb_rj3ij__anPXDTzYgEM86xQ.woff2 reason=response.body: Response body is unavailable for redirect responses
2026-08-26T06:57:47.162Z resource:omit http://fonts.gstatic.com/s/opensans/v44/memvYaGs126MiZpBA-UvWbX2vVnXBbObj2OVTUGmu0SC55K5gw.woff2 reason=response.body: Response body is unavailable for redirect responses
2026-08-26T06:57:47.340Z resource:omit http://fonts.gstatic.com/s/playfairdisplay/v40/nuFkD-vYSZviVYUb_rj3ij__anPXDTnogkk7yRZrPA.woff2 reason=response.body: Response body is unavailable for redirect responses
2026-08-26T06:57:47.839Z resource:omit http://www.google-analytics.com/ga.js reason=response.body: Response body is unavailable for redirect responses
2026-08-26T06:57:47.844Z resource:omit http://www.google-analytics.com/__utm.gif?utmwv=5.7.2&utms=57&utmn=1407975402&utmhn=edwards.yale.edu&utmcs=UTF-8&utmsr=1280x720&utmvp=1280x720&utmsc=24-bit&utmul=pl&utmje=0&utmfl=-&utmdt=Search%20WJE%20Online%20%7C%20The%20Jonathan%20Edwards%20Center%20at%20Yale%20University&utmhid=440390914&utmr=-&utmp=%2Farchive%3Fpath%3DaHR0cDovL2Vkd2FyZHMueWFsZS5lZHUvY2dpLWJpbi9uZXdwaGlsby9nZXRvYmplY3QucGw%25252FYy4yMTo1Ni53amVv&utmht=1787727467841&utmac=UA-1489454-4&utmcc=__utma%3D258641246.631019599.1787727113.1787727113.1787727113.1%3B%2B__utmz%3D258641246.1787727113.1.1.utmcsr%3D(direct)%7Cutmccn%3D(direct)%7Cutmcmd%3D(none)%3B&utmjid=&utmu=qAAAAAAAAAAAAAAAAAAAAAAE~ reason=response.body: Response body is unavailable for redirect responses
2026-08-26T06:57:49.705Z scroll:stable height=6927 samples=16
2026-08-26T06:57:50.763Z complete:056.html html=69448 assets=18
2026-08-26T06:57:53.264Z attempt:1/3 057.html
2026-08-26T06:57:53.264Z navigation:start http://edwards.yale.edu/archive?path=aHR0cDovL2Vkd2FyZHMueWFsZS5lZHUvY2dpLWJpbi9uZXdwaGlsby9nZXRvYmplY3QucGw%2FYy4yMTo1Ny53amVv
2026-08-26T06:57:53.806Z resource:omit http://fonts.gstatic.com/s/playfairdisplay/v40/nuFiD-vYSZviVYUb_rj3ij__anPXDTzYgEM86xQ.woff2 reason=response.body: Response body is unavailable for redirect responses
2026-08-26T06:57:53.806Z resource:omit http://fonts.gstatic.com/s/opensans/v44/memvYaGs126MiZpBA-UvWbX2vVnXBbObj2OVTS-mu0SC55I.woff2 reason=response.body: Response body is unavailable for redirect responses
2026-08-26T06:57:53.807Z resource:omit http://fonts.gstatic.com/s/opensans/v44/memvYaGs126MiZpBA-UvWbX2vVnXBbObj2OVTUGmu0SC55K5gw.woff2 reason=response.body: Response body is unavailable for redirect responses
2026-08-26T06:57:53.982Z resource:omit http://fonts.gstatic.com/s/playfairdisplay/v40/nuFkD-vYSZviVYUb_rj3ij__anPXDTnogkk7yRZrPA.woff2 reason=response.body: Response body is unavailable for redirect responses
2026-08-26T06:57:54.140Z resource:omit http://www.google-analytics.com/ga.js reason=response.body: Response body is unavailable for redirect responses
2026-08-26T06:57:54.144Z resource:omit http://www.google-analytics.com/__utm.gif?utmwv=5.7.2&utms=58&utmn=1122034787&utmhn=edwards.yale.edu&utmcs=UTF-8&utmsr=1280x720&utmvp=1280x720&utmsc=24-bit&utmul=pl&utmje=0&utmfl=-&utmdt=Search%20WJE%20Online%20%7C%20The%20Jonathan%20Edwards%20Center%20at%20Yale%20University&utmhid=1194542875&utmr=-&utmp=%2Farchive%3Fpath%3DaHR0cDovL2Vkd2FyZHMueWFsZS5lZHUvY2dpLWJpbi9uZXdwaGlsby9nZXRvYmplY3QucGw%25252FYy4yMTo1Ny53amVv&utmht=1787727474142&utmac=UA-1489454-4&utmcc=__utma%3D258641246.631019599.1787727113.1787727113.1787727113.1%3B%2B__utmz%3D258641246.1787727113.1.1.utmcsr%3D(direct)%7Cutmccn%3D(direct)%7Cutmcmd%3D(none)%3B&utmjid=&utmu=qAAAAAAAAAAAAAAAAAAAAAAE~ reason=response.body: Response body is unavailable for redirect responses
2026-08-26T06:57:54.906Z scroll:stable height=2274 samples=7
2026-08-26T06:57:55.989Z complete:057.html html=41521 assets=18
2026-08-26T06:57:58.491Z attempt:1/3 058.html
2026-08-26T06:57:58.492Z navigation:start http://edwards.yale.edu/archive?path=aHR0cDovL2Vkd2FyZHMueWFsZS5lZHUvY2dpLWJpbi9uZXdwaGlsby9nZXRvYmplY3QucGw%2FYy4yMTo1OC53amVv
2026-08-26T06:57:59.015Z resource:omit http://fonts.gstatic.com/s/opensans/v44/memvYaGs126MiZpBA-UvWbX2vVnXBbObj2OVTS-mu0SC55I.woff2 reason=response.body: Response body is unavailable for redirect responses
2026-08-26T06:57:59.016Z resource:omit http://fonts.gstatic.com/s/playfairdisplay/v40/nuFiD-vYSZviVYUb_rj3ij__anPXDTzYgEM86xQ.woff2 reason=response.body: Response body is unavailable for redirect responses
2026-08-26T06:57:59.016Z resource:omit http://fonts.gstatic.com/s/opensans/v44/memvYaGs126MiZpBA-UvWbX2vVnXBbObj2OVTUGmu0SC55K5gw.woff2 reason=response.body: Response body is unavailable for redirect responses
2026-08-26T06:57:59.207Z resource:omit http://fonts.gstatic.com/s/playfairdisplay/v40/nuFkD-vYSZviVYUb_rj3ij__anPXDTnogkk7yRZrPA.woff2 reason=response.body: Response body is unavailable for redirect responses
2026-08-26T06:57:59.551Z resource:omit http://www.google-analytics.com/ga.js reason=response.body: Response body is unavailable for redirect responses
2026-08-26T06:57:59.556Z resource:omit http://www.google-analytics.com/__utm.gif?utmwv=5.7.2&utms=59&utmn=612933366&utmhn=edwards.yale.edu&utmcs=UTF-8&utmsr=1280x720&utmvp=1280x720&utmsc=24-bit&utmul=pl&utmje=0&utmfl=-&utmdt=Search%20WJE%20Online%20%7C%20The%20Jonathan%20Edwards%20Center%20at%20Yale%20University&utmhid=1625800007&utmr=-&utmp=%2Farchive%3Fpath%3DaHR0cDovL2Vkd2FyZHMueWFsZS5lZHUvY2dpLWJpbi9uZXdwaGlsby9nZXRvYmplY3QucGw%25252FYy4yMTo1OC53amVv&utmht=1787727479550&utmac=UA-1489454-4&utmcc=__utma%3D258641246.631019599.1787727113.1787727113.1787727113.1%3B%2B__utmz%3D258641246.1787727113.1.1.utmcsr%3D(direct)%7Cutmccn%3D(direct)%7Cutmcmd%3D(none)%3B&utmjid=&utmu=qAAAAAAAAAAAAAAAAAAAAAAE~ reason=response.body: Response body is unavailable for redirect responses
2026-08-26T06:58:01.411Z scroll:stable height=7055 samples=16
2026-08-26T06:58:02.509Z complete:058.html html=67361 assets=18
2026-08-26T06:58:05.011Z attempt:1/3 059.html
2026-08-26T06:58:05.011Z navigation:start http://edwards.yale.edu/archive?path=aHR0cDovL2Vkd2FyZHMueWFsZS5lZHUvY2dpLWJpbi9uZXdwaGlsby9nZXRvYmplY3QucGw%2FYy4yMTo1OS53amVv
2026-08-26T06:58:05.642Z resource:omit http://fonts.gstatic.com/s/opensans/v44/memvYaGs126MiZpBA-UvWbX2vVnXBbObj2OVTS-mu0SC55I.woff2 reason=response.body: Response body is unavailable for redirect responses
2026-08-26T06:58:05.643Z resource:omit http://fonts.gstatic.com/s/opensans/v44/memvYaGs126MiZpBA-UvWbX2vVnXBbObj2OVTUGmu0SC55K5gw.woff2 reason=response.body: Response body is unavailable for redirect responses
2026-08-26T06:58:05.643Z resource:omit http://fonts.gstatic.com/s/playfairdisplay/v40/nuFiD-vYSZviVYUb_rj3ij__anPXDTzYgEM86xQ.woff2 reason=response.body: Response body is unavailable for redirect responses
2026-08-26T06:58:05.833Z resource:omit http://fonts.gstatic.com/s/playfairdisplay/v40/nuFkD-vYSZviVYUb_rj3ij__anPXDTnogkk7yRZrPA.woff2 reason=response.body: Response body is unavailable for redirect responses
2026-08-26T06:58:05.988Z resource:omit http://www.google-analytics.com/ga.js reason=response.body: Response body is unavailable for redirect responses
2026-08-26T06:58:05.993Z resource:omit http://www.google-analytics.com/__utm.gif?utmwv=5.7.2&utms=60&utmn=1691979813&utmhn=edwards.yale.edu&utmcs=UTF-8&utmsr=1280x720&utmvp=1280x720&utmsc=24-bit&utmul=pl&utmje=0&utmfl=-&utmdt=Search%20WJE%20Online%20%7C%20The%20Jonathan%20Edwards%20Center%20at%20Yale%20University&utmhid=551389411&utmr=-&utmp=%2Farchive%3Fpath%3DaHR0cDovL2Vkd2FyZHMueWFsZS5lZHUvY2dpLWJpbi9uZXdwaGlsby9nZXRvYmplY3QucGw%25252FYy4yMTo1OS53amVv&utmht=1787727485991&utmac=UA-1489454-4&utmcc=__utma%3D258641246.631019599.1787727113.1787727113.1787727113.1%3B%2B__utmz%3D258641246.1787727113.1.1.utmcsr%3D(direct)%7Cutmccn%3D(direct)%7Cutmcmd%3D(none)%3B&utmjid=&utmu=qAAAAAAAAAAAAAAAAAAAAAAE~ reason=response.body: Response body is unavailable for redirect responses
2026-08-26T06:58:06.755Z scroll:stable height=2065 samples=7
2026-08-26T06:58:07.874Z complete:059.html html=40422 assets=18
2026-08-26T06:58:10.376Z attempt:1/3 060.html
2026-08-26T06:58:10.376Z navigation:start http://edwards.yale.edu/archive?path=aHR0cDovL2Vkd2FyZHMueWFsZS5lZHUvY2dpLWJpbi9uZXdwaGlsby9nZXRvYmplY3QucGw%2FYy4yMTo2MC53amVv
2026-08-26T06:58:10.944Z resource:omit http://fonts.gstatic.com/s/opensans/v44/memvYaGs126MiZpBA-UvWbX2vVnXBbObj2OVTS-mu0SC55I.woff2 reason=response.body: Response body is unavailable for redirect responses
2026-08-26T06:58:10.945Z resource:omit http://fonts.gstatic.com/s/playfairdisplay/v40/nuFiD-vYSZviVYUb_rj3ij__anPXDTzYgEM86xQ.woff2 reason=response.body: Response body is unavailable for redirect responses
2026-08-26T06:58:10.947Z resource:omit http://fonts.gstatic.com/s/opensans/v44/memvYaGs126MiZpBA-UvWbX2vVnXBbObj2OVTUGmu0SC55K5gw.woff2 reason=response.body: Response body is unavailable for redirect responses
2026-08-26T06:58:11.132Z resource:omit http://fonts.gstatic.com/s/playfairdisplay/v40/nuFkD-vYSZviVYUb_rj3ij__anPXDTnogkk7yRZrPA.woff2 reason=response.body: Response body is unavailable for redirect responses
2026-08-26T06:58:11.662Z resource:omit http://www.google-analytics.com/ga.js reason=response.body: Response body is unavailable for redirect responses
2026-08-26T06:58:11.666Z resource:omit http://www.google-analytics.com/__utm.gif?utmwv=5.7.2&utms=61&utmn=347387907&utmhn=edwards.yale.edu&utmcs=UTF-8&utmsr=1280x720&utmvp=1280x720&utmsc=24-bit&utmul=pl&utmje=0&utmfl=-&utmdt=Search%20WJE%20Online%20%7C%20The%20Jonathan%20Edwards%20Center%20at%20Yale%20University&utmhid=1062328313&utmr=-&utmp=%2Farchive%3Fpath%3DaHR0cDovL2Vkd2FyZHMueWFsZS5lZHUvY2dpLWJpbi9uZXdwaGlsby9nZXRvYmplY3QucGw%25252FYy4yMTo2MC53amVv&utmht=1787727491665&utmac=UA-1489454-4&utmcc=__utma%3D258641246.631019599.1787727113.1787727113.1787727113.1%3B%2B__utmz%3D258641246.1787727113.1.1.utmcsr%3D(direct)%7Cutmccn%3D(direct)%7Cutmcmd%3D(none)%3B&utmjid=&utmu=qAAAAAAAAAAAAAAAAAAAAAAE~ reason=response.body: Response body is unavailable for redirect responses
2026-08-26T06:58:14.260Z scroll:stable height=10177 samples=22
2026-08-26T06:58:15.308Z complete:060.html html=88099 assets=18
2026-08-26T06:58:17.810Z attempt:1/3 061.html
2026-08-26T06:58:17.810Z navigation:start http://edwards.yale.edu/archive?path=aHR0cDovL2Vkd2FyZHMueWFsZS5lZHUvY2dpLWJpbi9uZXdwaGlsby9nZXRvYmplY3QucGw%2FYy4yMTo2MS53amVv
2026-08-26T06:58:18.397Z resource:omit http://fonts.gstatic.com/s/opensans/v44/memvYaGs126MiZpBA-UvWbX2vVnXBbObj2OVTS-mu0SC55I.woff2 reason=response.body: Response body is unavailable for redirect responses
2026-08-26T06:58:18.400Z resource:omit http://fonts.gstatic.com/s/playfairdisplay/v40/nuFiD-vYSZviVYUb_rj3ij__anPXDTzYgEM86xQ.woff2 reason=response.body: Response body is unavailable for redirect responses
2026-08-26T06:58:18.401Z resource:omit http://fonts.gstatic.com/s/opensans/v44/memvYaGs126MiZpBA-UvWbX2vVnXBbObj2OVTUGmu0SC55K5gw.woff2 reason=response.body: Response body is unavailable for redirect responses
2026-08-26T06:58:18.582Z resource:omit http://fonts.gstatic.com/s/playfairdisplay/v40/nuFkD-vYSZviVYUb_rj3ij__anPXDTnogkk7yRZrPA.woff2 reason=response.body: Response body is unavailable for redirect responses
2026-08-26T06:58:18.734Z resource:omit http://www.google-analytics.com/ga.js reason=response.body: Response body is unavailable for redirect responses
2026-08-26T06:58:18.741Z resource:omit http://www.google-analytics.com/__utm.gif?utmwv=5.7.2&utms=62&utmn=1818616965&utmhn=edwards.yale.edu&utmcs=UTF-8&utmsr=1280x720&utmvp=1280x720&utmsc=24-bit&utmul=pl&utmje=0&utmfl=-&utmdt=Search%20WJE%20Online%20%7C%20The%20Jonathan%20Edwards%20Center%20at%20Yale%20University&utmhid=1579202011&utmr=-&utmp=%2Farchive%3Fpath%3DaHR0cDovL2Vkd2FyZHMueWFsZS5lZHUvY2dpLWJpbi9uZXdwaGlsby9nZXRvYmplY3QucGw%25252FYy4yMTo2MS53amVv&utmht=1787727498736&utmac=UA-1489454-4&utmcc=__utma%3D258641246.631019599.1787727113.1787727113.1787727113.1%3B%2B__utmz%3D258641246.1787727113.1.1.utmcsr%3D(direct)%7Cutmccn%3D(direct)%7Cutmcmd%3D(none)%3B&utmjid=&utmu=qAAAAAAAAAAAAAAAAAAAAAAE~ reason=response.body: Response body is unavailable for redirect responses
2026-08-26T06:58:19.749Z scroll:stable height=2882 samples=9
2026-08-26T06:58:20.801Z complete:061.html html=45669 assets=18
2026-08-26T06:58:23.302Z attempt:1/3 062.html
2026-08-26T06:58:23.302Z navigation:start http://edwards.yale.edu/archive?path=aHR0cDovL2Vkd2FyZHMueWFsZS5lZHUvY2dpLWJpbi9uZXdwaGlsby9nZXRvYmplY3QucGw%2FYy4yMTo2Mi53amVv
2026-08-26T06:58:23.789Z resource:omit http://fonts.gstatic.com/s/playfairdisplay/v40/nuFiD-vYSZviVYUb_rj3ij__anPXDTzYgEM86xQ.woff2 reason=response.body: Response body is unavailable for redirect responses
2026-08-26T06:58:23.789Z resource:omit http://fonts.gstatic.com/s/opensans/v44/memvYaGs126MiZpBA-UvWbX2vVnXBbObj2OVTS-mu0SC55I.woff2 reason=response.body: Response body is unavailable for redirect responses
2026-08-26T06:58:23.790Z resource:omit http://fonts.gstatic.com/s/opensans/v44/memvYaGs126MiZpBA-UvWbX2vVnXBbObj2OVTUGmu0SC55K5gw.woff2 reason=response.body: Response body is unavailable for redirect responses
2026-08-26T06:58:23.974Z resource:omit http://fonts.gstatic.com/s/playfairdisplay/v40/nuFkD-vYSZviVYUb_rj3ij__anPXDTnogkk7yRZrPA.woff2 reason=response.body: Response body is unavailable for redirect responses
2026-08-26T06:58:24.160Z resource:omit http://www.google-analytics.com/ga.js reason=response.body: Response body is unavailable for redirect responses
2026-08-26T06:58:24.165Z resource:omit http://www.google-analytics.com/__utm.gif?utmwv=5.7.2&utms=63&utmn=1827534573&utmhn=edwards.yale.edu&utmcs=UTF-8&utmsr=1280x720&utmvp=1280x720&utmsc=24-bit&utmul=pl&utmje=0&utmfl=-&utmdt=Search%20WJE%20Online%20%7C%20The%20Jonathan%20Edwards%20Center%20at%20Yale%20University&utmhid=1660061300&utmr=-&utmp=%2Farchive%3Fpath%3DaHR0cDovL2Vkd2FyZHMueWFsZS5lZHUvY2dpLWJpbi9uZXdwaGlsby9nZXRvYmplY3QucGw%25252FYy4yMTo2Mi53amVv&utmht=1787727504163&utmac=UA-1489454-4&utmcc=__utma%3D258641246.631019599.1787727113.1787727113.1787727113.1%3B%2B__utmz%3D258641246.1787727113.1.1.utmcsr%3D(direct)%7Cutmccn%3D(direct)%7Cutmcmd%3D(none)%3B&utmjid=&utmu=qAAAAAAAAAAAAAAAAAAAAAAE~ reason=response.body: Response body is unavailable for redirect responses
2026-08-26T06:58:25.419Z scroll:stable height=4366 samples=11
2026-08-26T06:58:26.504Z complete:062.html html=50131 assets=18
2026-08-26T06:58:29.007Z attempt:1/3 063.html
2026-08-26T06:58:29.007Z navigation:start http://edwards.yale.edu/archive?path=aHR0cDovL2Vkd2FyZHMueWFsZS5lZHUvY2dpLWJpbi9uZXdwaGlsby9nZXRvYmplY3QucGw%2FYy4yMTo2My53amVv
2026-08-26T06:58:29.524Z resource:omit http://fonts.gstatic.com/s/opensans/v44/memvYaGs126MiZpBA-UvWbX2vVnXBbObj2OVTS-mu0SC55I.woff2 reason=response.body: Response body is unavailable for redirect responses
2026-08-26T06:58:29.524Z resource:omit http://fonts.gstatic.com/s/playfairdisplay/v40/nuFiD-vYSZviVYUb_rj3ij__anPXDTzYgEM86xQ.woff2 reason=response.body: Response body is unavailable for redirect responses
2026-08-26T06:58:29.525Z resource:omit http://fonts.gstatic.com/s/opensans/v44/memvYaGs126MiZpBA-UvWbX2vVnXBbObj2OVTUGmu0SC55K5gw.woff2 reason=response.body: Response body is unavailable for redirect responses
2026-08-26T06:58:29.707Z resource:omit http://fonts.gstatic.com/s/playfairdisplay/v40/nuFkD-vYSZviVYUb_rj3ij__anPXDTnogkk7yRZrPA.woff2 reason=response.body: Response body is unavailable for redirect responses
2026-08-26T06:58:29.926Z resource:omit http://www.google-analytics.com/ga.js reason=response.body: Response body is unavailable for redirect responses
2026-08-26T06:58:29.931Z resource:omit http://www.google-analytics.com/__utm.gif?utmwv=5.7.2&utms=64&utmn=103624117&utmhn=edwards.yale.edu&utmcs=UTF-8&utmsr=1280x720&utmvp=1280x720&utmsc=24-bit&utmul=pl&utmje=0&utmfl=-&utmdt=Search%20WJE%20Online%20%7C%20The%20Jonathan%20Edwards%20Center%20at%20Yale%20University&utmhid=379984335&utmr=-&utmp=%2Farchive%3Fpath%3DaHR0cDovL2Vkd2FyZHMueWFsZS5lZHUvY2dpLWJpbi9uZXdwaGlsby9nZXRvYmplY3QucGw%25252FYy4yMTo2My53amVv&utmht=1787727509928&utmac=UA-1489454-4&utmcc=__utma%3D258641246.631019599.1787727113.1787727113.1787727113.1%3B%2B__utmz%3D258641246.1787727113.1.1.utmcsr%3D(direct)%7Cutmccn%3D(direct)%7Cutmcmd%3D(none)%3B&utmjid=&utmu=qAAAAAAAAAAAAAAAAAAAAAAE~ reason=response.body: Response body is unavailable for redirect responses
2026-08-26T06:58:30.823Z scroll:stable height=2800 samples=8
2026-08-26T06:58:31.883Z complete:063.html html=45277 assets=18
2026-08-26T06:58:34.385Z attempt:1/3 064.html
2026-08-26T06:58:34.386Z navigation:start http://edwards.yale.edu/archive?path=aHR0cDovL2Vkd2FyZHMueWFsZS5lZHUvY2dpLWJpbi9uZXdwaGlsby9nZXRvYmplY3QucGw%2FYy4yMTo2NC53amVv
2026-08-26T06:58:34.979Z resource:omit http://fonts.gstatic.com/s/opensans/v44/memvYaGs126MiZpBA-UvWbX2vVnXBbObj2OVTS-mu0SC55I.woff2 reason=response.body: Response body is unavailable for redirect responses
2026-08-26T06:58:34.979Z resource:omit http://fonts.gstatic.com/s/playfairdisplay/v40/nuFiD-vYSZviVYUb_rj3ij__anPXDTzYgEM86xQ.woff2 reason=response.body: Response body is unavailable for redirect responses
2026-08-26T06:58:34.979Z resource:omit http://fonts.gstatic.com/s/opensans/v44/memvYaGs126MiZpBA-UvWbX2vVnXBbObj2OVTUGmu0SC55K5gw.woff2 reason=response.body: Response body is unavailable for redirect responses
2026-08-26T06:58:35.181Z resource:omit http://fonts.gstatic.com/s/playfairdisplay/v40/nuFkD-vYSZviVYUb_rj3ij__anPXDTnogkk7yRZrPA.woff2 reason=response.body: Response body is unavailable for redirect responses
2026-08-26T06:58:35.532Z resource:omit http://www.google-analytics.com/ga.js reason=response.body: Response body is unavailable for redirect responses
2026-08-26T06:58:35.537Z resource:omit http://www.google-analytics.com/__utm.gif?utmwv=5.7.2&utms=65&utmn=1266014027&utmhn=edwards.yale.edu&utmcs=UTF-8&utmsr=1280x720&utmvp=1280x720&utmsc=24-bit&utmul=pl&utmje=0&utmfl=-&utmdt=Search%20WJE%20Online%20%7C%20The%20Jonathan%20Edwards%20Center%20at%20Yale%20University&utmhid=1912964141&utmr=-&utmp=%2Farchive%3Fpath%3DaHR0cDovL2Vkd2FyZHMueWFsZS5lZHUvY2dpLWJpbi9uZXdwaGlsby9nZXRvYmplY3QucGw%25252FYy4yMTo2NC53amVv&utmht=1787727515534&utmac=UA-1489454-4&utmcc=__utma%3D258641246.631019599.1787727113.1787727113.1787727113.1%3B%2B__utmz%3D258641246.1787727113.1.1.utmcsr%3D(direct)%7Cutmccn%3D(direct)%7Cutmcmd%3D(none)%3B&utmjid=&utmu=qAAAAAAAAAAAAAAAAAAAAAAE~ reason=response.body: Response body is unavailable for redirect responses
2026-08-26T06:58:38.013Z scroll:stable height=9549 samples=21
2026-08-26T06:58:39.076Z complete:064.html html=77955 assets=18
2026-08-26T06:58:41.578Z attempt:1/3 065.html
2026-08-26T06:58:41.579Z navigation:start http://edwards.yale.edu/archive?path=aHR0cDovL2Vkd2FyZHMueWFsZS5lZHUvY2dpLWJpbi9uZXdwaGlsby9nZXRvYmplY3QucGw%2FYy4yMTo2NS53amVv
2026-08-26T06:58:42.123Z resource:omit http://fonts.gstatic.com/s/playfairdisplay/v40/nuFiD-vYSZviVYUb_rj3ij__anPXDTzYgEM86xQ.woff2 reason=response.body: Response body is unavailable for redirect responses
2026-08-26T06:58:42.123Z resource:omit http://fonts.gstatic.com/s/opensans/v44/memvYaGs126MiZpBA-UvWbX2vVnXBbObj2OVTUGmu0SC55K5gw.woff2 reason=response.body: Response body is unavailable for redirect responses
2026-08-26T06:58:42.123Z resource:omit http://fonts.gstatic.com/s/opensans/v44/memvYaGs126MiZpBA-UvWbX2vVnXBbObj2OVTS-mu0SC55I.woff2 reason=response.body: Response body is unavailable for redirect responses
2026-08-26T06:58:42.298Z resource:omit http://fonts.gstatic.com/s/playfairdisplay/v40/nuFkD-vYSZviVYUb_rj3ij__anPXDTnogkk7yRZrPA.woff2 reason=response.body: Response body is unavailable for redirect responses
2026-08-26T06:58:42.858Z resource:omit http://www.google-analytics.com/ga.js reason=response.body: Response body is unavailable for redirect responses
2026-08-26T06:58:42.864Z resource:omit http://www.google-analytics.com/__utm.gif?utmwv=5.7.2&utms=66&utmn=1499666116&utmhn=edwards.yale.edu&utmcs=UTF-8&utmsr=1280x720&utmvp=1280x720&utmsc=24-bit&utmul=pl&utmje=0&utmfl=-&utmdt=Search%20WJE%20Online%20%7C%20The%20Jonathan%20Edwards%20Center%20at%20Yale%20University&utmhid=510436343&utmr=-&utmp=%2Farchive%3Fpath%3DaHR0cDovL2Vkd2FyZHMueWFsZS5lZHUvY2dpLWJpbi9uZXdwaGlsby9nZXRvYmplY3QucGw%25252FYy4yMTo2NS53amVv&utmht=1787727522861&utmac=UA-1489454-4&utmcc=__utma%3D258641246.631019599.1787727113.1787727113.1787727113.1%3B%2B__utmz%3D258641246.1787727113.1.1.utmcsr%3D(direct)%7Cutmccn%3D(direct)%7Cutmcmd%3D(none)%3B&utmjid=&utmu=qAAAAAAAAAAAAAAAAAAAAAAE~ reason=response.body: Response body is unavailable for redirect responses
2026-08-26T06:58:45.853Z scroll:stable height=11362 samples=24
2026-08-26T06:58:46.912Z complete:065.html html=93105 assets=18
2026-08-26T06:58:46.913Z archive:complete
