2026-08-26T04:26:43.843Z archive:start volume=VOLUME18 source=http://edwards.yale.edu/archive?path=aHR0cDovL2Vkd2FyZHMueWFsZS5lZHUvY2dpLWJpbi9uZXdwaGlsby9zZWxlY3QucGw/d2plby4xNw==
2026-08-26T04:26:43.846Z attempt:1/3 000.html
2026-08-26T04:26:43.846Z navigation:start http://edwards.yale.edu/archive?path=aHR0cDovL2Vkd2FyZHMueWFsZS5lZHUvY2dpLWJpbi9uZXdwaGlsby9zZWxlY3QucGw/d2plby4xNw==
2026-08-26T04:26:45.827Z resource:omit http://fonts.gstatic.com/s/playfairdisplay/v40/nuFiD-vYSZviVYUb_rj3ij__anPXDTzYgEM86xQ.woff2 reason=response.body: Response body is unavailable for redirect responses
2026-08-26T04:26:45.827Z resource:omit http://fonts.gstatic.com/s/opensans/v44/memvYaGs126MiZpBA-UvWbX2vVnXBbObj2OVTUGmu0SC55K5gw.woff2 reason=response.body: Response body is unavailable for redirect responses
2026-08-26T04:26:45.827Z resource:omit http://fonts.gstatic.com/s/opensans/v44/memvYaGs126MiZpBA-UvWbX2vVnXBbObj2OVTS-mu0SC55I.woff2 reason=response.body: Response body is unavailable for redirect responses
2026-08-26T04:26:45.887Z resource:omit http://www.google-analytics.com/ga.js reason=response.body: Response body is unavailable for redirect responses
2026-08-26T04:26:45.904Z resource:omit http://fonts.gstatic.com/s/playfairdisplay/v40/nuFkD-vYSZviVYUb_rj3ij__anPXDTnogkk7yRZrPA.woff2 reason=response.body: Response body is unavailable for redirect responses
2026-08-26T04:26:46.360Z resource:omit http://www.google-analytics.com/r/__utm.gif?utmwv=5.7.2&utms=1&utmn=1193404506&utmhn=edwards.yale.edu&utmcs=UTF-8&utmsr=1280x720&utmvp=1280x720&utmsc=24-bit&utmul=pl&utmje=0&utmfl=-&utmdt=Search%20WJE%20Online%20%7C%20The%20Jonathan%20Edwards%20Center%20at%20Yale%20University&utmhid=1747724305&utmr=-&utmp=%2Farchive%3Fpath%3DaHR0cDovL2Vkd2FyZHMueWFsZS5lZHUvY2dpLWJpbi9uZXdwaGlsby9zZWxlY3QucGw%2Fd2plby4xNw%3D%3D&utmht=1787718406357&utmac=UA-1489454-4&utmcc=__utma%3D258641246.403821705.1787718406.1787718406.1787718406.1%3B%2B__utmz%3D258641246.1787718406.1.1.utmcsr%3D(direct)%7Cutmccn%3D(direct)%7Cutmcmd%3D(none)%3B&utmjid=672985569&utmredir=1&utmu=qAAAAAAAAAAAAAAAAAAAAAAE~ reason=response.body: Response body is unavailable for redirect responses
2026-08-26T04:26:51.540Z scroll:stable height=9454 samples=39
2026-08-26T04:26:52.597Z complete:000.html html=128047 assets=18
2026-08-26T04:26:52.601Z discovery:sections 4
2026-08-26T04:26:55.102Z attempt:1/3 001.html
2026-08-26T04:26:55.102Z navigation:start http://edwards.yale.edu/archive?path=aHR0cDovL2Vkd2FyZHMueWFsZS5lZHUvY2dpLWJpbi9uZXdwaGlsby9nZXRvYmplY3QucGw%2FYy4xNzoxLndqZW8%3D
2026-08-26T04:26:55.505Z resource:omit http://fonts.gstatic.com/s/opensans/v44/memvYaGs126MiZpBA-UvWbX2vVnXBbObj2OVTS-mu0SC55I.woff2 reason=response.body: Response body is unavailable for redirect responses
2026-08-26T04:26:55.506Z resource:omit http://fonts.gstatic.com/s/playfairdisplay/v40/nuFiD-vYSZviVYUb_rj3ij__anPXDTzYgEM86xQ.woff2 reason=response.body: Response body is unavailable for redirect responses
2026-08-26T04:26:55.506Z resource:omit http://fonts.gstatic.com/s/opensans/v44/memvYaGs126MiZpBA-UvWbX2vVnXBbObj2OVTUGmu0SC55K5gw.woff2 reason=response.body: Response body is unavailable for redirect responses
2026-08-26T04:26:55.815Z resource:omit http://fonts.gstatic.com/s/playfairdisplay/v40/nuFkD-vYSZviVYUb_rj3ij__anPXDTnogkk7yRZrPA.woff2 reason=response.body: Response body is unavailable for redirect responses
2026-08-26T04:26:55.967Z resource:omit http://www.google-analytics.com/ga.js reason=response.body: Response body is unavailable for redirect responses
2026-08-26T04:26:55.972Z resource:omit http://www.google-analytics.com/__utm.gif?utmwv=5.7.2&utms=2&utmn=1076549572&utmhn=edwards.yale.edu&utmcs=UTF-8&utmsr=1280x720&utmvp=1280x720&utmsc=24-bit&utmul=pl&utmje=0&utmfl=-&utmdt=Search%20WJE%20Online%20%7C%20The%20Jonathan%20Edwards%20Center%20at%20Yale%20University&utmhid=253731297&utmr=-&utmp=%2Farchive%3Fpath%3DaHR0cDovL2Vkd2FyZHMueWFsZS5lZHUvY2dpLWJpbi9uZXdwaGlsby9nZXRvYmplY3QucGw%25252FYy4xNzoxLndqZW8%25253D&utmht=1787718415969&utmac=UA-1489454-4&utmcc=__utma%3D258641246.403821705.1787718406.1787718406.1787718406.1%3B%2B__utmz%3D258641246.1787718406.1.1.utmcsr%3D(direct)%7Cutmccn%3D(direct)%7Cutmcmd%3D(none)%3B&utmjid=&utmu=qAAAAAAAAAAAAAAAAAAAAAAE~ reason=response.body: Response body is unavailable for redirect responses
2026-08-26T04:26:56.684Z scroll:stable height=1108 samples=6
2026-08-26T04:26:57.922Z complete:001.html html=34512 assets=18
2026-08-26T04:27:00.424Z attempt:1/3 002.html
2026-08-26T04:27:00.424Z navigation:start http://edwards.yale.edu/archive?path=aHR0cDovL2Vkd2FyZHMueWFsZS5lZHUvY2dpLWJpbi9uZXdwaGlsby9nZXRvYmplY3QucGw%2FYy4xNzoyLndqZW8%3D
2026-08-26T04:27:01.083Z resource:omit http://fonts.gstatic.com/s/opensans/v44/memvYaGs126MiZpBA-UvWbX2vVnXBbObj2OVTUGmu0SC55K5gw.woff2 reason=response.body: Response body is unavailable for redirect responses
2026-08-26T04:27:01.083Z resource:omit http://fonts.gstatic.com/s/playfairdisplay/v40/nuFiD-vYSZviVYUb_rj3ij__anPXDTzYgEM86xQ.woff2 reason=response.body: Response body is unavailable for redirect responses
2026-08-26T04:27:01.083Z resource:omit http://fonts.gstatic.com/s/opensans/v44/memvYaGs126MiZpBA-UvWbX2vVnXBbObj2OVTS-mu0SC55I.woff2 reason=response.body: Response body is unavailable for redirect responses
2026-08-26T04:27:01.289Z resource:omit http://fonts.gstatic.com/s/playfairdisplay/v40/nuFkD-vYSZviVYUb_rj3ij__anPXDTnogkk7yRZrPA.woff2 reason=response.body: Response body is unavailable for redirect responses
2026-08-26T04:27:01.562Z resource:omit http://www.google-analytics.com/ga.js reason=response.body: Response body is unavailable for redirect responses
2026-08-26T04:27:01.566Z resource:omit http://www.google-analytics.com/__utm.gif?utmwv=5.7.2&utms=3&utmn=569811272&utmhn=edwards.yale.edu&utmcs=UTF-8&utmsr=1280x720&utmvp=1280x720&utmsc=24-bit&utmul=pl&utmje=0&utmfl=-&utmdt=Search%20WJE%20Online%20%7C%20The%20Jonathan%20Edwards%20Center%20at%20Yale%20University&utmhid=491702788&utmr=-&utmp=%2Farchive%3Fpath%3DaHR0cDovL2Vkd2FyZHMueWFsZS5lZHUvY2dpLWJpbi9uZXdwaGlsby9nZXRvYmplY3QucGw%25252FYy4xNzoyLndqZW8%25253D&utmht=1787718421564&utmac=UA-1489454-4&utmcc=__utma%3D258641246.403821705.1787718406.1787718406.1787718406.1%3B%2B__utmz%3D258641246.1787718406.1.1.utmcsr%3D(direct)%7Cutmccn%3D(direct)%7Cutmcmd%3D(none)%3B&utmjid=&utmu=qAAAAAAAAAAAAAAAAAAAAAAE~ reason=response.body: Response body is unavailable for redirect responses
2026-08-26T04:27:03.065Z scroll:stable height=2830 samples=13
2026-08-26T04:27:04.113Z complete:002.html html=43205 assets=18
2026-08-26T04:27:06.614Z attempt:1/3 003.html
2026-08-26T04:27:06.615Z navigation:start http://edwards.yale.edu/archive?path=aHR0cDovL2Vkd2FyZHMueWFsZS5lZHUvY2dpLWJpbi9uZXdwaGlsby9nZXRvYmplY3QucGw%2FYy4xNzozLndqZW8%3D
2026-08-26T04:27:07.372Z resource:omit http://fonts.gstatic.com/s/playfairdisplay/v40/nuFiD-vYSZviVYUb_rj3ij__anPXDTzYgEM86xQ.woff2 reason=response.body: Response body is unavailable for redirect responses
2026-08-26T04:27:07.372Z resource:omit http://fonts.gstatic.com/s/opensans/v44/memvYaGs126MiZpBA-UvWbX2vVnXBbObj2OVTUGmu0SC55K5gw.woff2 reason=response.body: Response body is unavailable for redirect responses
2026-08-26T04:27:07.372Z resource:omit http://fonts.gstatic.com/s/opensans/v44/memvYaGs126MiZpBA-UvWbX2vVnXBbObj2OVTS-mu0SC55I.woff2 reason=response.body: Response body is unavailable for redirect responses
2026-08-26T04:27:07.572Z resource:omit http://fonts.gstatic.com/s/playfairdisplay/v40/nuFkD-vYSZviVYUb_rj3ij__anPXDTnogkk7yRZrPA.woff2 reason=response.body: Response body is unavailable for redirect responses
2026-08-26T04:27:09.008Z resource:omit http://www.google-analytics.com/ga.js reason=response.body: Response body is unavailable for redirect responses
2026-08-26T04:27:09.017Z resource:omit http://www.google-analytics.com/__utm.gif?utmwv=5.7.2&utms=4&utmn=617518756&utmhn=edwards.yale.edu&utmcs=UTF-8&utmsr=1280x720&utmvp=1280x720&utmsc=24-bit&utmul=pl&utmje=0&utmfl=-&utmdt=Search%20WJE%20Online%20%7C%20The%20Jonathan%20Edwards%20Center%20at%20Yale%20University&utmhid=238094347&utmr=-&utmp=%2Farchive%3Fpath%3DaHR0cDovL2Vkd2FyZHMueWFsZS5lZHUvY2dpLWJpbi9uZXdwaGlsby9nZXRvYmplY3QucGw%25252FYy4xNzozLndqZW8%25253D&utmht=1787718429010&utmac=UA-1489454-4&utmcc=__utma%3D258641246.403821705.1787718406.1787718406.1787718406.1%3B%2B__utmz%3D258641246.1787718406.1.1.utmcsr%3D(direct)%7Cutmccn%3D(direct)%7Cutmcmd%3D(none)%3B&utmjid=&utmu=qAAAAAAAAAAAAAAAAAAAAAAE~ reason=response.body: Response body is unavailable for redirect responses
2026-08-26T04:27:22.775Z scroll:stable height=21634 samples=88
2026-08-26T04:27:23.827Z complete:003.html html=207364 assets=20
2026-08-26T04:27:26.328Z attempt:1/3 004.html
2026-08-26T04:27:26.328Z navigation:start http://edwards.yale.edu/archive?path=aHR0cDovL2Vkd2FyZHMueWFsZS5lZHUvY2dpLWJpbi9uZXdwaGlsby9nZXRvYmplY3QucGw%2FYy4xNzo0LndqZW8%3D
2026-08-26T04:27:28.695Z resource:omit http://fonts.gstatic.com/s/opensans/v44/memvYaGs126MiZpBA-UvWbX2vVnXBbObj2OVTS-mu0SC55I.woff2 reason=response.body: Response body is unavailable for redirect responses
2026-08-26T04:27:28.695Z resource:omit http://fonts.gstatic.com/s/playfairdisplay/v40/nuFiD-vYSZviVYUb_rj3ij__anPXDTzYgEM86xQ.woff2 reason=response.body: Response body is unavailable for redirect responses
2026-08-26T04:27:28.695Z resource:omit http://fonts.gstatic.com/s/opensans/v44/memvYaGs126MiZpBA-UvWbX2vVnXBbObj2OVTUGmu0SC55K5gw.woff2 reason=response.body: Response body is unavailable for redirect responses
2026-08-26T04:27:29.015Z resource:omit http://fonts.gstatic.com/s/playfairdisplay/v40/nuFkD-vYSZviVYUb_rj3ij__anPXDTnogkk7yRZrPA.woff2 reason=response.body: Response body is unavailable for redirect responses
2026-08-26T04:27:33.192Z resource:omit http://www.google-analytics.com/ga.js reason=response.body: Response body is unavailable for redirect responses
2026-08-26T04:27:33.207Z resource:omit http://www.google-analytics.com/__utm.gif?utmwv=5.7.2&utms=5&utmn=1728626891&utmhn=edwards.yale.edu&utmcs=UTF-8&utmsr=1280x720&utmvp=1280x720&utmsc=24-bit&utmul=pl&utmje=0&utmfl=-&utmdt=Search%20WJE%20Online%20%7C%20The%20Jonathan%20Edwards%20Center%20at%20Yale%20University&utmhid=1491156305&utmr=-&utmp=%2Farchive%3Fpath%3DaHR0cDovL2Vkd2FyZHMueWFsZS5lZHUvY2dpLWJpbi9uZXdwaGlsby9nZXRvYmplY3QucGw%25252FYy4xNzo0LndqZW8%25253D&utmht=1787718453205&utmac=UA-1489454-4&utmcc=__utma%3D258641246.403821705.1787718406.1787718406.1787718406.1%3B%2B__utmz%3D258641246.1787718406.1.1.utmcsr%3D(direct)%7Cutmccn%3D(direct)%7Cutmcmd%3D(none)%3B&utmjid=&utmu=qAAAAAAAAAAAAAAAAAAAAAAE~ reason=response.body: Response body is unavailable for redirect responses
2026-08-26T04:28:34.448Z scroll:unstable height=168180 samples=500
2026-08-26T04:28:34.449Z error:004.html Wysokość dokumentu nie ustabilizowała się po przewinięciu do dołu.
2026-08-26T04:28:34.450Z retry:wait 2500ms
2026-08-26T04:28:36.952Z attempt:2/3 004.html
2026-08-26T04:28:36.952Z navigation:start http://edwards.yale.edu/archive?path=aHR0cDovL2Vkd2FyZHMueWFsZS5lZHUvY2dpLWJpbi9uZXdwaGlsby9nZXRvYmplY3QucGw%2FYy4xNzo0LndqZW8%3D
2026-08-26T04:28:39.112Z resource:omit http://fonts.gstatic.com/s/opensans/v44/memvYaGs126MiZpBA-UvWbX2vVnXBbObj2OVTS-mu0SC55I.woff2 reason=response.body: Response body is unavailable for redirect responses
2026-08-26T04:28:39.112Z resource:omit http://fonts.gstatic.com/s/opensans/v44/memvYaGs126MiZpBA-UvWbX2vVnXBbObj2OVTUGmu0SC55K5gw.woff2 reason=response.body: Response body is unavailable for redirect responses
2026-08-26T04:28:39.112Z resource:omit http://fonts.gstatic.com/s/playfairdisplay/v40/nuFiD-vYSZviVYUb_rj3ij__anPXDTzYgEM86xQ.woff2 reason=response.body: Response body is unavailable for redirect responses
2026-08-26T04:28:39.279Z resource:omit http://fonts.gstatic.com/s/playfairdisplay/v40/nuFkD-vYSZviVYUb_rj3ij__anPXDTnogkk7yRZrPA.woff2 reason=response.body: Response body is unavailable for redirect responses
2026-08-26T04:28:42.810Z resource:omit http://www.google-analytics.com/ga.js reason=response.body: Response body is unavailable for redirect responses
2026-08-26T04:28:42.827Z resource:omit http://www.google-analytics.com/__utm.gif?utmwv=5.7.2&utms=6&utmn=1245675384&utmhn=edwards.yale.edu&utmcs=UTF-8&utmsr=1280x720&utmvp=1280x720&utmsc=24-bit&utmul=pl&utmje=0&utmfl=-&utmdt=Search%20WJE%20Online%20%7C%20The%20Jonathan%20Edwards%20Center%20at%20Yale%20University&utmhid=1559808421&utmr=-&utmp=%2Farchive%3Fpath%3DaHR0cDovL2Vkd2FyZHMueWFsZS5lZHUvY2dpLWJpbi9uZXdwaGlsby9nZXRvYmplY3QucGw%25252FYy4xNzo0LndqZW8%25253D&utmht=1787718522822&utmac=UA-1489454-4&utmcc=__utma%3D258641246.403821705.1787718406.1787718406.1787718406.1%3B%2B__utmz%3D258641246.1787718406.1.1.utmcsr%3D(direct)%7Cutmccn%3D(direct)%7Cutmcmd%3D(none)%3B&utmjid=&utmu=qAAAAAAAAAAAAAAAAAAAAAAE~ reason=response.body: Response body is unavailable for redirect responses
2026-08-26T04:29:44.059Z scroll:unstable height=168180 samples=500
2026-08-26T04:29:44.062Z error:004.html Wysokość dokumentu nie ustabilizowała się po przewinięciu do dołu.
2026-08-26T04:29:44.062Z retry:wait 5000ms
2026-08-26T04:29:49.064Z attempt:3/3 004.html
2026-08-26T04:29:49.065Z navigation:start http://edwards.yale.edu/archive?path=aHR0cDovL2Vkd2FyZHMueWFsZS5lZHUvY2dpLWJpbi9uZXdwaGlsby9nZXRvYmplY3QucGw%2FYy4xNzo0LndqZW8%3D
2026-08-26T04:29:51.018Z resource:omit http://fonts.gstatic.com/s/opensans/v44/memvYaGs126MiZpBA-UvWbX2vVnXBbObj2OVTUGmu0SC55K5gw.woff2 reason=response.body: Response body is unavailable for redirect responses
2026-08-26T04:29:51.018Z resource:omit http://fonts.gstatic.com/s/playfairdisplay/v40/nuFiD-vYSZviVYUb_rj3ij__anPXDTzYgEM86xQ.woff2 reason=response.body: Response body is unavailable for redirect responses
2026-08-26T04:29:51.017Z resource:omit http://fonts.gstatic.com/s/opensans/v44/memvYaGs126MiZpBA-UvWbX2vVnXBbObj2OVTS-mu0SC55I.woff2 reason=response.body: Response body is unavailable for redirect responses
2026-08-26T04:29:51.179Z resource:omit http://fonts.gstatic.com/s/playfairdisplay/v40/nuFkD-vYSZviVYUb_rj3ij__anPXDTnogkk7yRZrPA.woff2 reason=response.body: Response body is unavailable for redirect responses
2026-08-26T04:29:54.697Z resource:omit http://www.google-analytics.com/ga.js reason=response.body: Response body is unavailable for redirect responses
2026-08-26T04:29:54.699Z resource:omit http://www.google-analytics.com/__utm.gif?utmwv=5.7.2&utms=7&utmn=1679270711&utmhn=edwards.yale.edu&utmcs=UTF-8&utmsr=1280x720&utmvp=1280x720&utmsc=24-bit&utmul=pl&utmje=0&utmfl=-&utmdt=Search%20WJE%20Online%20%7C%20The%20Jonathan%20Edwards%20Center%20at%20Yale%20University&utmhid=285825856&utmr=-&utmp=%2Farchive%3Fpath%3DaHR0cDovL2Vkd2FyZHMueWFsZS5lZHUvY2dpLWJpbi9uZXdwaGlsby9nZXRvYmplY3QucGw%25252FYy4xNzo0LndqZW8%25253D&utmht=1787718594697&utmac=UA-1489454-4&utmcc=__utma%3D258641246.403821705.1787718406.1787718406.1787718406.1%3B%2B__utmz%3D258641246.1787718406.1.1.utmcsr%3D(direct)%7Cutmccn%3D(direct)%7Cutmcmd%3D(none)%3B&utmjid=&utmu=qAAAAAAAAAAAAAAAAAAAAAAE~ reason=response.body: Response body is unavailable for redirect responses
2026-08-26T04:30:55.897Z scroll:unstable height=168180 samples=500
2026-08-26T04:30:55.898Z error:004.html Wysokość dokumentu nie ustabilizowała się po przewinięciu do dołu.
2026-08-26T04:32:34.190Z archive:start volume=VOLUME18 source=http://edwards.yale.edu/archive?path=aHR0cDovL2Vkd2FyZHMueWFsZS5lZHUvY2dpLWJpbi9uZXdwaGlsby9zZWxlY3QucGw/d2plby4xNw==
2026-08-26T04:32:34.192Z resume:skip 000.html
2026-08-26T04:32:34.197Z discovery:sections 4
2026-08-26T04:32:36.700Z resume:skip 001.html
2026-08-26T04:32:39.202Z resume:skip 002.html
2026-08-26T04:32:41.709Z resume:skip 003.html
2026-08-26T04:32:44.210Z resume:retry 004.html reason=manifest-incomplete
2026-08-26T04:32:44.211Z attempt:1/3 004.html
2026-08-26T04:32:44.211Z navigation:start http://edwards.yale.edu/archive?path=aHR0cDovL2Vkd2FyZHMueWFsZS5lZHUvY2dpLWJpbi9uZXdwaGlsby9nZXRvYmplY3QucGw%2FYy4xNzo0LndqZW8%3D
2026-08-26T04:32:47.205Z resource:omit http://fonts.gstatic.com/s/opensans/v44/memvYaGs126MiZpBA-UvWbX2vVnXBbObj2OVTS-mu0SC55I.woff2 reason=response.body: Response body is unavailable for redirect responses
2026-08-26T04:32:47.205Z resource:omit http://fonts.gstatic.com/s/playfairdisplay/v40/nuFiD-vYSZviVYUb_rj3ij__anPXDTzYgEM86xQ.woff2 reason=response.body: Response body is unavailable for redirect responses
2026-08-26T04:32:47.205Z resource:omit http://fonts.gstatic.com/s/opensans/v44/memvYaGs126MiZpBA-UvWbX2vVnXBbObj2OVTUGmu0SC55K5gw.woff2 reason=response.body: Response body is unavailable for redirect responses
2026-08-26T04:32:47.476Z resource:omit http://fonts.gstatic.com/s/playfairdisplay/v40/nuFkD-vYSZviVYUb_rj3ij__anPXDTnogkk7yRZrPA.woff2 reason=response.body: Response body is unavailable for redirect responses
2026-08-26T04:32:49.757Z resource:omit http://www.google-analytics.com/ga.js reason=response.body: Response body is unavailable for redirect responses
2026-08-26T04:32:49.892Z resource:omit http://www.google-analytics.com/r/__utm.gif?utmwv=5.7.2&utms=1&utmn=610372212&utmhn=edwards.yale.edu&utmcs=UTF-8&utmsr=1280x720&utmvp=1280x720&utmsc=24-bit&utmul=pl&utmje=0&utmfl=-&utmdt=Search%20WJE%20Online%20%7C%20The%20Jonathan%20Edwards%20Center%20at%20Yale%20University&utmhid=984949597&utmr=-&utmp=%2Farchive%3Fpath%3DaHR0cDovL2Vkd2FyZHMueWFsZS5lZHUvY2dpLWJpbi9uZXdwaGlsby9nZXRvYmplY3QucGw%25252FYy4xNzo0LndqZW8%25253D&utmht=1787718769890&utmac=UA-1489454-4&utmcc=__utma%3D258641246.1576708272.1787718770.1787718770.1787718770.1%3B%2B__utmz%3D258641246.1787718770.1.1.utmcsr%3D(direct)%7Cutmccn%3D(direct)%7Cutmcmd%3D(none)%3B&utmjid=1815449110&utmredir=1&utmu=qAAAAAAAAAAAAAAAAAAAAAAE~ reason=response.body: Response body is unavailable for redirect responses
2026-08-26T04:33:28.741Z scroll:stable height=168180 samples=315
2026-08-26T04:33:29.864Z complete:004.html html=1188386 assets=18
2026-08-26T04:33:29.864Z archive:complete
2026-08-26T04:40:28.609Z archive:start volume=VOLUME18 source=http://edwards.yale.edu/archive?path=aHR0cDovL2Vkd2FyZHMueWFsZS5lZHUvY2dpLWJpbi9uZXdwaGlsby9zZWxlY3QucGw/d2plby4xNw==
2026-08-26T04:40:28.611Z resume:skip 000.html
2026-08-26T04:40:28.618Z discovery:descendants 85 from="749. BEING OF GOD."
2026-08-26T04:40:28.619Z discovery:sections 89
2026-08-26T04:40:31.121Z resume:skip 001.html
2026-08-26T04:40:33.623Z resume:skip 002.html
2026-08-26T04:40:36.126Z resume:skip 003.html
2026-08-26T04:40:38.645Z resume:skip 004.html
2026-08-26T04:40:41.148Z resume:retry 005.html reason=manifest-incomplete
2026-08-26T04:40:41.150Z attempt:1/3 005.html
2026-08-26T04:40:41.150Z navigation:start http://edwards.yale.edu/archive?path=aHR0cDovL2Vkd2FyZHMueWFsZS5lZHUvY2dpLWJpbi9uZXdwaGlsby9nZXRvYmplY3QucGw/Yy4xNzo0OjI0OC53amVv
2026-08-26T04:40:42.630Z resource:omit http://fonts.gstatic.com/s/playfairdisplay/v40/nuFiD-vYSZviVYUb_rj3ij__anPXDTzYgEM86xQ.woff2 reason=response.body: Response body is unavailable for redirect responses
2026-08-26T04:40:42.630Z resource:omit http://fonts.gstatic.com/s/opensans/v44/memvYaGs126MiZpBA-UvWbX2vVnXBbObj2OVTS-mu0SC55I.woff2 reason=response.body: Response body is unavailable for redirect responses
2026-08-26T04:40:42.630Z resource:omit http://fonts.gstatic.com/s/opensans/v44/memvYaGs126MiZpBA-UvWbX2vVnXBbObj2OVTUGmu0SC55K5gw.woff2 reason=response.body: Response body is unavailable for redirect responses
2026-08-26T04:40:43.381Z resource:omit http://www.google-analytics.com/ga.js reason=response.body: Response body is unavailable for redirect responses
2026-08-26T04:40:43.383Z resource:omit http://fonts.gstatic.com/s/playfairdisplay/v40/nuFkD-vYSZviVYUb_rj3ij__anPXDTnogkk7yRZrPA.woff2 reason=response.body: Response body is unavailable for redirect responses
2026-08-26T04:40:43.501Z resource:omit http://www.google-analytics.com/r/__utm.gif?utmwv=5.7.2&utms=1&utmn=1621828362&utmhn=edwards.yale.edu&utmcs=UTF-8&utmsr=1280x720&utmvp=1280x720&utmsc=24-bit&utmul=pl&utmje=0&utmfl=-&utmdt=Search%20WJE%20Online%20%7C%20The%20Jonathan%20Edwards%20Center%20at%20Yale%20University&utmhid=1570024718&utmr=-&utmp=%2Farchive%3Fpath%3DaHR0cDovL2Vkd2FyZHMueWFsZS5lZHUvY2dpLWJpbi9uZXdwaGlsby9nZXRvYmplY3QucGw%2FYy4xNzo0OjI0OC53amVv&utmht=1787719243498&utmac=UA-1489454-4&utmcc=__utma%3D258641246.2032384476.1787719243.1787719243.1787719243.1%3B%2B__utmz%3D258641246.1787719243.1.1.utmcsr%3D(direct)%7Cutmccn%3D(direct)%7Cutmcmd%3D(none)%3B&utmjid=1169977464&utmredir=1&utmu=qAAAAAAAAAAAAAAAAAAAAAAE~ reason=response.body: Response body is unavailable for redirect responses
2026-08-26T04:40:44.737Z scroll:stable height=3739 samples=10
2026-08-26T04:40:45.792Z complete:005.html html=51725 assets=18
2026-08-26T04:40:48.293Z resume:retry 006.html reason=manifest-incomplete
2026-08-26T04:40:48.294Z attempt:1/3 006.html
2026-08-26T04:40:48.294Z navigation:start http://edwards.yale.edu/archive?path=aHR0cDovL2Vkd2FyZHMueWFsZS5lZHUvY2dpLWJpbi9uZXdwaGlsby9nZXRvYmplY3QucGw/Yy4xNzo0OjI0OS53amVv
2026-08-26T04:40:48.711Z resource:omit http://fonts.gstatic.com/s/opensans/v44/memvYaGs126MiZpBA-UvWbX2vVnXBbObj2OVTUGmu0SC55K5gw.woff2 reason=response.body: Response body is unavailable for redirect responses
2026-08-26T04:40:48.711Z resource:omit http://fonts.gstatic.com/s/playfairdisplay/v40/nuFiD-vYSZviVYUb_rj3ij__anPXDTzYgEM86xQ.woff2 reason=response.body: Response body is unavailable for redirect responses
2026-08-26T04:40:48.711Z resource:omit http://fonts.gstatic.com/s/opensans/v44/memvYaGs126MiZpBA-UvWbX2vVnXBbObj2OVTS-mu0SC55I.woff2 reason=response.body: Response body is unavailable for redirect responses
2026-08-26T04:40:48.904Z resource:omit http://fonts.gstatic.com/s/playfairdisplay/v40/nuFkD-vYSZviVYUb_rj3ij__anPXDTnogkk7yRZrPA.woff2 reason=response.body: Response body is unavailable for redirect responses
2026-08-26T04:40:49.058Z resource:omit http://www.google-analytics.com/ga.js reason=response.body: Response body is unavailable for redirect responses
2026-08-26T04:40:49.063Z resource:omit http://www.google-analytics.com/__utm.gif?utmwv=5.7.2&utms=2&utmn=153274280&utmhn=edwards.yale.edu&utmcs=UTF-8&utmsr=1280x720&utmvp=1280x720&utmsc=24-bit&utmul=pl&utmje=0&utmfl=-&utmdt=Search%20WJE%20Online%20%7C%20The%20Jonathan%20Edwards%20Center%20at%20Yale%20University&utmhid=1568340892&utmr=-&utmp=%2Farchive%3Fpath%3DaHR0cDovL2Vkd2FyZHMueWFsZS5lZHUvY2dpLWJpbi9uZXdwaGlsby9nZXRvYmplY3QucGw%2FYy4xNzo0OjI0OS53amVv&utmht=1787719249060&utmac=UA-1489454-4&utmcc=__utma%3D258641246.2032384476.1787719243.1787719243.1787719243.1%3B%2B__utmz%3D258641246.1787719243.1.1.utmcsr%3D(direct)%7Cutmccn%3D(direct)%7Cutmcmd%3D(none)%3B&utmjid=&utmu=qAAAAAAAAAAAAAAAAAAAAAAE~ reason=response.body: Response body is unavailable for redirect responses
2026-08-26T04:40:49.700Z scroll:stable height=1276 samples=6
2026-08-26T04:40:50.947Z complete:006.html html=35931 assets=18
2026-08-26T04:40:53.447Z resume:retry 007.html reason=manifest-incomplete
2026-08-26T04:40:53.449Z attempt:1/3 007.html
2026-08-26T04:40:53.449Z navigation:start http://edwards.yale.edu/archive?path=aHR0cDovL2Vkd2FyZHMueWFsZS5lZHUvY2dpLWJpbi9uZXdwaGlsby9nZXRvYmplY3QucGw/Yy4xNzo0OjI1MC53amVv
2026-08-26T04:40:53.958Z resource:omit http://fonts.gstatic.com/s/opensans/v44/memvYaGs126MiZpBA-UvWbX2vVnXBbObj2OVTS-mu0SC55I.woff2 reason=response.body: Response body is unavailable for redirect responses
2026-08-26T04:40:53.958Z resource:omit http://fonts.gstatic.com/s/playfairdisplay/v40/nuFiD-vYSZviVYUb_rj3ij__anPXDTzYgEM86xQ.woff2 reason=response.body: Response body is unavailable for redirect responses
2026-08-26T04:40:53.960Z resource:omit http://fonts.gstatic.com/s/opensans/v44/memvYaGs126MiZpBA-UvWbX2vVnXBbObj2OVTUGmu0SC55K5gw.woff2 reason=response.body: Response body is unavailable for redirect responses
2026-08-26T04:40:54.334Z resource:omit http://fonts.gstatic.com/s/playfairdisplay/v40/nuFkD-vYSZviVYUb_rj3ij__anPXDTnogkk7yRZrPA.woff2 reason=response.body: Response body is unavailable for redirect responses
2026-08-26T04:40:54.847Z resource:omit http://www.google-analytics.com/ga.js reason=response.body: Response body is unavailable for redirect responses
2026-08-26T04:40:54.852Z resource:omit http://www.google-analytics.com/__utm.gif?utmwv=5.7.2&utms=3&utmn=847464959&utmhn=edwards.yale.edu&utmcs=UTF-8&utmsr=1280x720&utmvp=1280x720&utmsc=24-bit&utmul=pl&utmje=0&utmfl=-&utmdt=Search%20WJE%20Online%20%7C%20The%20Jonathan%20Edwards%20Center%20at%20Yale%20University&utmhid=1707799603&utmr=-&utmp=%2Farchive%3Fpath%3DaHR0cDovL2Vkd2FyZHMueWFsZS5lZHUvY2dpLWJpbi9uZXdwaGlsby9nZXRvYmplY3QucGw%2FYy4xNzo0OjI1MC53amVv&utmht=1787719254850&utmac=UA-1489454-4&utmcc=__utma%3D258641246.2032384476.1787719243.1787719243.1787719243.1%3B%2B__utmz%3D258641246.1787719243.1.1.utmcsr%3D(direct)%7Cutmccn%3D(direct)%7Cutmcmd%3D(none)%3B&utmjid=&utmu=qAAAAAAAAAAAAAAAAAAAAAAE~ reason=response.body: Response body is unavailable for redirect responses
2026-08-26T04:40:55.733Z scroll:stable height=2498 samples=8
2026-08-26T04:40:56.916Z complete:007.html html=44849 assets=18
2026-08-26T04:40:59.417Z resume:retry 008.html reason=manifest-incomplete
2026-08-26T04:40:59.418Z attempt:1/3 008.html
2026-08-26T04:40:59.418Z navigation:start http://edwards.yale.edu/archive?path=aHR0cDovL2Vkd2FyZHMueWFsZS5lZHUvY2dpLWJpbi9uZXdwaGlsby9nZXRvYmplY3QucGw/Yy4xNzo0OjI1MS53amVv
2026-08-26T04:40:59.786Z resource:omit http://fonts.gstatic.com/s/opensans/v44/memvYaGs126MiZpBA-UvWbX2vVnXBbObj2OVTS-mu0SC55I.woff2 reason=response.body: Response body is unavailable for redirect responses
2026-08-26T04:40:59.786Z resource:omit http://fonts.gstatic.com/s/playfairdisplay/v40/nuFiD-vYSZviVYUb_rj3ij__anPXDTzYgEM86xQ.woff2 reason=response.body: Response body is unavailable for redirect responses
2026-08-26T04:40:59.786Z resource:omit http://fonts.gstatic.com/s/opensans/v44/memvYaGs126MiZpBA-UvWbX2vVnXBbObj2OVTUGmu0SC55K5gw.woff2 reason=response.body: Response body is unavailable for redirect responses
2026-08-26T04:40:59.968Z resource:omit http://fonts.gstatic.com/s/playfairdisplay/v40/nuFkD-vYSZviVYUb_rj3ij__anPXDTnogkk7yRZrPA.woff2 reason=response.body: Response body is unavailable for redirect responses
2026-08-26T04:41:00.134Z resource:omit http://www.google-analytics.com/ga.js reason=response.body: Response body is unavailable for redirect responses
2026-08-26T04:41:00.137Z resource:omit http://www.google-analytics.com/__utm.gif?utmwv=5.7.2&utms=4&utmn=1483857129&utmhn=edwards.yale.edu&utmcs=UTF-8&utmsr=1280x720&utmvp=1280x720&utmsc=24-bit&utmul=pl&utmje=0&utmfl=-&utmdt=Search%20WJE%20Online%20%7C%20The%20Jonathan%20Edwards%20Center%20at%20Yale%20University&utmhid=1195181807&utmr=-&utmp=%2Farchive%3Fpath%3DaHR0cDovL2Vkd2FyZHMueWFsZS5lZHUvY2dpLWJpbi9uZXdwaGlsby9nZXRvYmplY3QucGw%2FYy4xNzo0OjI1MS53amVv&utmht=1787719260135&utmac=UA-1489454-4&utmcc=__utma%3D258641246.2032384476.1787719243.1787719243.1787719243.1%3B%2B__utmz%3D258641246.1787719243.1.1.utmcsr%3D(direct)%7Cutmccn%3D(direct)%7Cutmcmd%3D(none)%3B&utmjid=&utmu=qAAAAAAAAAAAAAAAAAAAAAAE~ reason=response.body: Response body is unavailable for redirect responses
2026-08-26T04:41:00.778Z scroll:stable height=1710 samples=6
2026-08-26T04:41:01.960Z complete:008.html html=38520 assets=18
2026-08-26T04:41:04.460Z resume:retry 009.html reason=manifest-incomplete
2026-08-26T04:41:04.461Z attempt:1/3 009.html
2026-08-26T04:41:04.462Z navigation:start http://edwards.yale.edu/archive?path=aHR0cDovL2Vkd2FyZHMueWFsZS5lZHUvY2dpLWJpbi9uZXdwaGlsby9nZXRvYmplY3QucGw/Yy4xNzo0OjI1Mi53amVv
2026-08-26T04:41:05.010Z resource:omit http://fonts.gstatic.com/s/opensans/v44/memvYaGs126MiZpBA-UvWbX2vVnXBbObj2OVTS-mu0SC55I.woff2 reason=response.body: Response body is unavailable for redirect responses
2026-08-26T04:41:05.010Z resource:omit http://fonts.gstatic.com/s/playfairdisplay/v40/nuFiD-vYSZviVYUb_rj3ij__anPXDTzYgEM86xQ.woff2 reason=response.body: Response body is unavailable for redirect responses
2026-08-26T04:41:05.010Z resource:omit http://fonts.gstatic.com/s/opensans/v44/memvYaGs126MiZpBA-UvWbX2vVnXBbObj2OVTUGmu0SC55K5gw.woff2 reason=response.body: Response body is unavailable for redirect responses
2026-08-26T04:41:05.201Z resource:omit http://fonts.gstatic.com/s/playfairdisplay/v40/nuFkD-vYSZviVYUb_rj3ij__anPXDTnogkk7yRZrPA.woff2 reason=response.body: Response body is unavailable for redirect responses
2026-08-26T04:41:05.362Z resource:omit http://www.google-analytics.com/ga.js reason=response.body: Response body is unavailable for redirect responses
2026-08-26T04:41:05.369Z resource:omit http://www.google-analytics.com/__utm.gif?utmwv=5.7.2&utms=5&utmn=1790529945&utmhn=edwards.yale.edu&utmcs=UTF-8&utmsr=1280x720&utmvp=1280x720&utmsc=24-bit&utmul=pl&utmje=0&utmfl=-&utmdt=Search%20WJE%20Online%20%7C%20The%20Jonathan%20Edwards%20Center%20at%20Yale%20University&utmhid=312152361&utmr=-&utmp=%2Farchive%3Fpath%3DaHR0cDovL2Vkd2FyZHMueWFsZS5lZHUvY2dpLWJpbi9uZXdwaGlsby9nZXRvYmplY3QucGw%2FYy4xNzo0OjI1Mi53amVv&utmht=1787719265364&utmac=UA-1489454-4&utmcc=__utma%3D258641246.2032384476.1787719243.1787719243.1787719243.1%3B%2B__utmz%3D258641246.1787719243.1.1.utmcsr%3D(direct)%7Cutmccn%3D(direct)%7Cutmcmd%3D(none)%3B&utmjid=&utmu=qAAAAAAAAAAAAAAAAAAAAAAE~ reason=response.body: Response body is unavailable for redirect responses
2026-08-26T04:41:06.014Z scroll:stable height=1196 samples=6
2026-08-26T04:41:07.202Z complete:009.html html=35083 assets=18
2026-08-26T04:41:09.703Z resume:retry 010.html reason=manifest-incomplete
2026-08-26T04:41:09.703Z attempt:1/3 010.html
2026-08-26T04:41:09.704Z navigation:start http://edwards.yale.edu/archive?path=aHR0cDovL2Vkd2FyZHMueWFsZS5lZHUvY2dpLWJpbi9uZXdwaGlsby9nZXRvYmplY3QucGw/Yy4xNzo0OjI1My53amVv
2026-08-26T04:41:10.206Z resource:omit http://fonts.gstatic.com/s/opensans/v44/memvYaGs126MiZpBA-UvWbX2vVnXBbObj2OVTS-mu0SC55I.woff2 reason=response.body: Response body is unavailable for redirect responses
2026-08-26T04:41:10.206Z resource:omit http://fonts.gstatic.com/s/playfairdisplay/v40/nuFiD-vYSZviVYUb_rj3ij__anPXDTzYgEM86xQ.woff2 reason=response.body: Response body is unavailable for redirect responses
2026-08-26T04:41:10.207Z resource:omit http://fonts.gstatic.com/s/opensans/v44/memvYaGs126MiZpBA-UvWbX2vVnXBbObj2OVTUGmu0SC55K5gw.woff2 reason=response.body: Response body is unavailable for redirect responses
2026-08-26T04:41:10.392Z resource:omit http://fonts.gstatic.com/s/playfairdisplay/v40/nuFkD-vYSZviVYUb_rj3ij__anPXDTnogkk7yRZrPA.woff2 reason=response.body: Response body is unavailable for redirect responses
2026-08-26T04:41:10.555Z resource:omit http://www.google-analytics.com/ga.js reason=response.body: Response body is unavailable for redirect responses
2026-08-26T04:41:10.560Z resource:omit http://www.google-analytics.com/__utm.gif?utmwv=5.7.2&utms=6&utmn=745300090&utmhn=edwards.yale.edu&utmcs=UTF-8&utmsr=1280x720&utmvp=1280x720&utmsc=24-bit&utmul=pl&utmje=0&utmfl=-&utmdt=Search%20WJE%20Online%20%7C%20The%20Jonathan%20Edwards%20Center%20at%20Yale%20University&utmhid=746507628&utmr=-&utmp=%2Farchive%3Fpath%3DaHR0cDovL2Vkd2FyZHMueWFsZS5lZHUvY2dpLWJpbi9uZXdwaGlsby9nZXRvYmplY3QucGw%2FYy4xNzo0OjI1My53amVv&utmht=1787719270557&utmac=UA-1489454-4&utmcc=__utma%3D258641246.2032384476.1787719243.1787719243.1787719243.1%3B%2B__utmz%3D258641246.1787719243.1.1.utmcsr%3D(direct)%7Cutmccn%3D(direct)%7Cutmcmd%3D(none)%3B&utmjid=&utmu=qAAAAAAAAAAAAAAAAAAAAAAE~ reason=response.body: Response body is unavailable for redirect responses
2026-08-26T04:41:11.200Z scroll:stable height=1371 samples=6
2026-08-26T04:41:12.441Z complete:010.html html=36231 assets=18
2026-08-26T04:41:14.942Z resume:retry 011.html reason=manifest-incomplete
2026-08-26T04:41:14.943Z attempt:1/3 011.html
2026-08-26T04:41:14.943Z navigation:start http://edwards.yale.edu/archive?path=aHR0cDovL2Vkd2FyZHMueWFsZS5lZHUvY2dpLWJpbi9uZXdwaGlsby9nZXRvYmplY3QucGw/Yy4xNzo0OjI1NC53amVv
2026-08-26T04:41:15.466Z resource:omit http://fonts.gstatic.com/s/opensans/v44/memvYaGs126MiZpBA-UvWbX2vVnXBbObj2OVTS-mu0SC55I.woff2 reason=response.body: Response body is unavailable for redirect responses
2026-08-26T04:41:15.467Z resource:omit http://fonts.gstatic.com/s/playfairdisplay/v40/nuFiD-vYSZviVYUb_rj3ij__anPXDTzYgEM86xQ.woff2 reason=response.body: Response body is unavailable for redirect responses
2026-08-26T04:41:15.467Z resource:omit http://fonts.gstatic.com/s/opensans/v44/memvYaGs126MiZpBA-UvWbX2vVnXBbObj2OVTUGmu0SC55K5gw.woff2 reason=response.body: Response body is unavailable for redirect responses
2026-08-26T04:41:15.644Z resource:omit http://fonts.gstatic.com/s/playfairdisplay/v40/nuFkD-vYSZviVYUb_rj3ij__anPXDTnogkk7yRZrPA.woff2 reason=response.body: Response body is unavailable for redirect responses
2026-08-26T04:41:15.791Z resource:omit http://www.google-analytics.com/ga.js reason=response.body: Response body is unavailable for redirect responses
2026-08-26T04:41:15.796Z resource:omit http://www.google-analytics.com/__utm.gif?utmwv=5.7.2&utms=7&utmn=372770936&utmhn=edwards.yale.edu&utmcs=UTF-8&utmsr=1280x720&utmvp=1280x720&utmsc=24-bit&utmul=pl&utmje=0&utmfl=-&utmdt=Search%20WJE%20Online%20%7C%20The%20Jonathan%20Edwards%20Center%20at%20Yale%20University&utmhid=1494673564&utmr=-&utmp=%2Farchive%3Fpath%3DaHR0cDovL2Vkd2FyZHMueWFsZS5lZHUvY2dpLWJpbi9uZXdwaGlsby9nZXRvYmplY3QucGw%2FYy4xNzo0OjI1NC53amVv&utmht=1787719275794&utmac=UA-1489454-4&utmcc=__utma%3D258641246.2032384476.1787719243.1787719243.1787719243.1%3B%2B__utmz%3D258641246.1787719243.1.1.utmcsr%3D(direct)%7Cutmccn%3D(direct)%7Cutmcmd%3D(none)%3B&utmjid=&utmu=qAAAAAAAAAAAAAAAAAAAAAAE~ reason=response.body: Response body is unavailable for redirect responses
2026-08-26T04:41:16.440Z scroll:stable height=1455 samples=6
2026-08-26T04:41:17.711Z complete:011.html html=36676 assets=18
2026-08-26T04:41:20.212Z resume:retry 012.html reason=manifest-incomplete
2026-08-26T04:41:20.213Z attempt:1/3 012.html
2026-08-26T04:41:20.213Z navigation:start http://edwards.yale.edu/archive?path=aHR0cDovL2Vkd2FyZHMueWFsZS5lZHUvY2dpLWJpbi9uZXdwaGlsby9nZXRvYmplY3QucGw/Yy4xNzo0OjI1NS53amVv
2026-08-26T04:41:20.725Z resource:omit http://fonts.gstatic.com/s/opensans/v44/memvYaGs126MiZpBA-UvWbX2vVnXBbObj2OVTS-mu0SC55I.woff2 reason=response.body: Response body is unavailable for redirect responses
2026-08-26T04:41:20.725Z resource:omit http://fonts.gstatic.com/s/opensans/v44/memvYaGs126MiZpBA-UvWbX2vVnXBbObj2OVTUGmu0SC55K5gw.woff2 reason=response.body: Response body is unavailable for redirect responses
2026-08-26T04:41:20.726Z resource:omit http://fonts.gstatic.com/s/playfairdisplay/v40/nuFiD-vYSZviVYUb_rj3ij__anPXDTzYgEM86xQ.woff2 reason=response.body: Response body is unavailable for redirect responses
2026-08-26T04:41:20.909Z resource:omit http://fonts.gstatic.com/s/playfairdisplay/v40/nuFkD-vYSZviVYUb_rj3ij__anPXDTnogkk7yRZrPA.woff2 reason=response.body: Response body is unavailable for redirect responses
2026-08-26T04:41:21.074Z resource:omit http://www.google-analytics.com/ga.js reason=response.body: Response body is unavailable for redirect responses
2026-08-26T04:41:21.078Z resource:omit http://www.google-analytics.com/__utm.gif?utmwv=5.7.2&utms=8&utmn=1003530965&utmhn=edwards.yale.edu&utmcs=UTF-8&utmsr=1280x720&utmvp=1280x720&utmsc=24-bit&utmul=pl&utmje=0&utmfl=-&utmdt=Search%20WJE%20Online%20%7C%20The%20Jonathan%20Edwards%20Center%20at%20Yale%20University&utmhid=407897934&utmr=-&utmp=%2Farchive%3Fpath%3DaHR0cDovL2Vkd2FyZHMueWFsZS5lZHUvY2dpLWJpbi9uZXdwaGlsby9nZXRvYmplY3QucGw%2FYy4xNzo0OjI1NS53amVv&utmht=1787719281076&utmac=UA-1489454-4&utmcc=__utma%3D258641246.2032384476.1787719243.1787719243.1787719243.1%3B%2B__utmz%3D258641246.1787719243.1.1.utmcsr%3D(direct)%7Cutmccn%3D(direct)%7Cutmcmd%3D(none)%3B&utmjid=&utmu=qAAAAAAAAAAAAAAAAAAAAAAE~ reason=response.body: Response body is unavailable for redirect responses
2026-08-26T04:41:21.720Z scroll:stable height=1209 samples=6
2026-08-26T04:41:22.926Z complete:012.html html=35642 assets=18
2026-08-26T04:41:25.426Z resume:retry 013.html reason=manifest-incomplete
2026-08-26T04:41:25.427Z attempt:1/3 013.html
2026-08-26T04:41:25.428Z navigation:start http://edwards.yale.edu/archive?path=aHR0cDovL2Vkd2FyZHMueWFsZS5lZHUvY2dpLWJpbi9uZXdwaGlsby9nZXRvYmplY3QucGw/Yy4xNzo0OjI1Ni53amVv
2026-08-26T04:41:25.935Z resource:omit http://fonts.gstatic.com/s/playfairdisplay/v40/nuFiD-vYSZviVYUb_rj3ij__anPXDTzYgEM86xQ.woff2 reason=response.body: Response body is unavailable for redirect responses
2026-08-26T04:41:25.935Z resource:omit http://fonts.gstatic.com/s/opensans/v44/memvYaGs126MiZpBA-UvWbX2vVnXBbObj2OVTS-mu0SC55I.woff2 reason=response.body: Response body is unavailable for redirect responses
2026-08-26T04:41:25.935Z resource:omit http://fonts.gstatic.com/s/opensans/v44/memvYaGs126MiZpBA-UvWbX2vVnXBbObj2OVTUGmu0SC55K5gw.woff2 reason=response.body: Response body is unavailable for redirect responses
2026-08-26T04:41:26.282Z resource:omit http://fonts.gstatic.com/s/playfairdisplay/v40/nuFkD-vYSZviVYUb_rj3ij__anPXDTnogkk7yRZrPA.woff2 reason=response.body: Response body is unavailable for redirect responses
2026-08-26T04:41:26.282Z resource:omit http://www.google-analytics.com/ga.js reason=response.body: Response body is unavailable for redirect responses
2026-08-26T04:41:26.293Z resource:omit http://www.google-analytics.com/__utm.gif?utmwv=5.7.2&utms=9&utmn=827517117&utmhn=edwards.yale.edu&utmcs=UTF-8&utmsr=1280x720&utmvp=1280x720&utmsc=24-bit&utmul=pl&utmje=0&utmfl=-&utmdt=Search%20WJE%20Online%20%7C%20The%20Jonathan%20Edwards%20Center%20at%20Yale%20University&utmhid=273320802&utmr=-&utmp=%2Farchive%3Fpath%3DaHR0cDovL2Vkd2FyZHMueWFsZS5lZHUvY2dpLWJpbi9uZXdwaGlsby9nZXRvYmplY3QucGw%2FYy4xNzo0OjI1Ni53amVv&utmht=1787719286285&utmac=UA-1489454-4&utmcc=__utma%3D258641246.2032384476.1787719243.1787719243.1787719243.1%3B%2B__utmz%3D258641246.1787719243.1.1.utmcsr%3D(direct)%7Cutmccn%3D(direct)%7Cutmcmd%3D(none)%3B&utmjid=&utmu=qAAAAAAAAAAAAAAAAAAAAAAE~ reason=response.body: Response body is unavailable for redirect responses
2026-08-26T04:41:26.929Z scroll:stable height=1670 samples=6
2026-08-26T04:41:28.174Z complete:013.html html=38519 assets=18
2026-08-26T04:41:30.675Z resume:retry 014.html reason=manifest-incomplete
2026-08-26T04:41:30.676Z attempt:1/3 014.html
2026-08-26T04:41:30.676Z navigation:start http://edwards.yale.edu/archive?path=aHR0cDovL2Vkd2FyZHMueWFsZS5lZHUvY2dpLWJpbi9uZXdwaGlsby9nZXRvYmplY3QucGw/Yy4xNzo0OjI1Ny53amVv
2026-08-26T04:41:31.182Z resource:omit http://fonts.gstatic.com/s/opensans/v44/memvYaGs126MiZpBA-UvWbX2vVnXBbObj2OVTS-mu0SC55I.woff2 reason=response.body: Response body is unavailable for redirect responses
2026-08-26T04:41:31.182Z resource:omit http://fonts.gstatic.com/s/opensans/v44/memvYaGs126MiZpBA-UvWbX2vVnXBbObj2OVTUGmu0SC55K5gw.woff2 reason=response.body: Response body is unavailable for redirect responses
2026-08-26T04:41:31.182Z resource:omit http://fonts.gstatic.com/s/playfairdisplay/v40/nuFiD-vYSZviVYUb_rj3ij__anPXDTzYgEM86xQ.woff2 reason=response.body: Response body is unavailable for redirect responses
2026-08-26T04:41:31.368Z resource:omit http://fonts.gstatic.com/s/playfairdisplay/v40/nuFkD-vYSZviVYUb_rj3ij__anPXDTnogkk7yRZrPA.woff2 reason=response.body: Response body is unavailable for redirect responses
2026-08-26T04:41:31.524Z resource:omit http://www.google-analytics.com/ga.js reason=response.body: Response body is unavailable for redirect responses
2026-08-26T04:41:31.528Z resource:omit http://www.google-analytics.com/__utm.gif?utmwv=5.7.2&utms=10&utmn=114168156&utmhn=edwards.yale.edu&utmcs=UTF-8&utmsr=1280x720&utmvp=1280x720&utmsc=24-bit&utmul=pl&utmje=0&utmfl=-&utmdt=Search%20WJE%20Online%20%7C%20The%20Jonathan%20Edwards%20Center%20at%20Yale%20University&utmhid=1988958936&utmr=-&utmp=%2Farchive%3Fpath%3DaHR0cDovL2Vkd2FyZHMueWFsZS5lZHUvY2dpLWJpbi9uZXdwaGlsby9nZXRvYmplY3QucGw%2FYy4xNzo0OjI1Ny53amVv&utmht=1787719291526&utmac=UA-1489454-4&utmcc=__utma%3D258641246.2032384476.1787719243.1787719243.1787719243.1%3B%2B__utmz%3D258641246.1787719243.1.1.utmcsr%3D(direct)%7Cutmccn%3D(direct)%7Cutmcmd%3D(none)%3B&utmjid=&utmu=qAAAAAAAAAAAAAAAAAAAAAAE~ reason=response.body: Response body is unavailable for redirect responses
2026-08-26T04:41:32.047Z scroll:stable height=1156 samples=5
2026-08-26T04:41:33.428Z complete:014.html html=35196 assets=18
2026-08-26T04:41:35.929Z resume:retry 015.html reason=manifest-incomplete
2026-08-26T04:41:35.930Z attempt:1/3 015.html
2026-08-26T04:41:35.930Z navigation:start http://edwards.yale.edu/archive?path=aHR0cDovL2Vkd2FyZHMueWFsZS5lZHUvY2dpLWJpbi9uZXdwaGlsby9nZXRvYmplY3QucGw/Yy4xNzo0OjI1OC53amVv
2026-08-26T04:41:36.440Z resource:omit http://fonts.gstatic.com/s/opensans/v44/memvYaGs126MiZpBA-UvWbX2vVnXBbObj2OVTS-mu0SC55I.woff2 reason=response.body: Response body is unavailable for redirect responses
2026-08-26T04:41:36.440Z resource:omit http://fonts.gstatic.com/s/playfairdisplay/v40/nuFiD-vYSZviVYUb_rj3ij__anPXDTzYgEM86xQ.woff2 reason=response.body: Response body is unavailable for redirect responses
2026-08-26T04:41:36.440Z resource:omit http://fonts.gstatic.com/s/opensans/v44/memvYaGs126MiZpBA-UvWbX2vVnXBbObj2OVTUGmu0SC55K5gw.woff2 reason=response.body: Response body is unavailable for redirect responses
2026-08-26T04:41:36.617Z resource:omit http://fonts.gstatic.com/s/playfairdisplay/v40/nuFkD-vYSZviVYUb_rj3ij__anPXDTnogkk7yRZrPA.woff2 reason=response.body: Response body is unavailable for redirect responses
2026-08-26T04:41:36.772Z resource:omit http://www.google-analytics.com/ga.js reason=response.body: Response body is unavailable for redirect responses
2026-08-26T04:41:36.777Z resource:omit http://www.google-analytics.com/__utm.gif?utmwv=5.7.2&utms=11&utmn=1840579680&utmhn=edwards.yale.edu&utmcs=UTF-8&utmsr=1280x720&utmvp=1280x720&utmsc=24-bit&utmul=pl&utmje=0&utmfl=-&utmdt=Search%20WJE%20Online%20%7C%20The%20Jonathan%20Edwards%20Center%20at%20Yale%20University&utmhid=688001580&utmr=-&utmp=%2Farchive%3Fpath%3DaHR0cDovL2Vkd2FyZHMueWFsZS5lZHUvY2dpLWJpbi9uZXdwaGlsby9nZXRvYmplY3QucGw%2FYy4xNzo0OjI1OC53amVv&utmht=1787719296775&utmac=UA-1489454-4&utmcc=__utma%3D258641246.2032384476.1787719243.1787719243.1787719243.1%3B%2B__utmz%3D258641246.1787719243.1.1.utmcsr%3D(direct)%7Cutmccn%3D(direct)%7Cutmcmd%3D(none)%3B&utmjid=&utmu=qAAAAAAAAAAAAAAAAAAAAAAE~ reason=response.body: Response body is unavailable for redirect responses
2026-08-26T04:41:37.296Z scroll:stable height=1259 samples=5
2026-08-26T04:41:38.681Z complete:015.html html=35343 assets=18
2026-08-26T04:41:41.182Z resume:retry 016.html reason=manifest-incomplete
2026-08-26T04:41:41.183Z attempt:1/3 016.html
2026-08-26T04:41:41.184Z navigation:start http://edwards.yale.edu/archive?path=aHR0cDovL2Vkd2FyZHMueWFsZS5lZHUvY2dpLWJpbi9uZXdwaGlsby9nZXRvYmplY3QucGw/Yy4xNzo0OjI1OS53amVv
2026-08-26T04:41:41.692Z resource:omit http://fonts.gstatic.com/s/opensans/v44/memvYaGs126MiZpBA-UvWbX2vVnXBbObj2OVTS-mu0SC55I.woff2 reason=response.body: Response body is unavailable for redirect responses
2026-08-26T04:41:41.696Z resource:omit http://fonts.gstatic.com/s/opensans/v44/memvYaGs126MiZpBA-UvWbX2vVnXBbObj2OVTUGmu0SC55K5gw.woff2 reason=response.body: Response body is unavailable for redirect responses
2026-08-26T04:41:41.696Z resource:omit http://fonts.gstatic.com/s/playfairdisplay/v40/nuFiD-vYSZviVYUb_rj3ij__anPXDTzYgEM86xQ.woff2 reason=response.body: Response body is unavailable for redirect responses
2026-08-26T04:41:41.876Z resource:omit http://fonts.gstatic.com/s/playfairdisplay/v40/nuFkD-vYSZviVYUb_rj3ij__anPXDTnogkk7yRZrPA.woff2 reason=response.body: Response body is unavailable for redirect responses
2026-08-26T04:41:42.035Z resource:omit http://www.google-analytics.com/ga.js reason=response.body: Response body is unavailable for redirect responses
2026-08-26T04:41:42.040Z resource:omit http://www.google-analytics.com/__utm.gif?utmwv=5.7.2&utms=12&utmn=782442996&utmhn=edwards.yale.edu&utmcs=UTF-8&utmsr=1280x720&utmvp=1280x720&utmsc=24-bit&utmul=pl&utmje=0&utmfl=-&utmdt=Search%20WJE%20Online%20%7C%20The%20Jonathan%20Edwards%20Center%20at%20Yale%20University&utmhid=135561817&utmr=-&utmp=%2Farchive%3Fpath%3DaHR0cDovL2Vkd2FyZHMueWFsZS5lZHUvY2dpLWJpbi9uZXdwaGlsby9nZXRvYmplY3QucGw%2FYy4xNzo0OjI1OS53amVv&utmht=1787719302037&utmac=UA-1489454-4&utmcc=__utma%3D258641246.2032384476.1787719243.1787719243.1787719243.1%3B%2B__utmz%3D258641246.1787719243.1.1.utmcsr%3D(direct)%7Cutmccn%3D(direct)%7Cutmcmd%3D(none)%3B&utmjid=&utmu=qAAAAAAAAAAAAAAAAAAAAAAE~ reason=response.body: Response body is unavailable for redirect responses
2026-08-26T04:41:42.556Z scroll:stable height=1196 samples=5
2026-08-26T04:41:43.911Z complete:016.html html=35312 assets=18
2026-08-26T04:41:46.412Z resume:retry 017.html reason=manifest-incomplete
2026-08-26T04:41:46.413Z attempt:1/3 017.html
2026-08-26T04:41:46.413Z navigation:start http://edwards.yale.edu/archive?path=aHR0cDovL2Vkd2FyZHMueWFsZS5lZHUvY2dpLWJpbi9uZXdwaGlsby9nZXRvYmplY3QucGw/Yy4xNzo0OjI2MC53amVv
2026-08-26T04:41:46.972Z resource:omit http://fonts.gstatic.com/s/opensans/v44/memvYaGs126MiZpBA-UvWbX2vVnXBbObj2OVTS-mu0SC55I.woff2 reason=response.body: Response body is unavailable for redirect responses
2026-08-26T04:41:46.972Z resource:omit http://fonts.gstatic.com/s/opensans/v44/memvYaGs126MiZpBA-UvWbX2vVnXBbObj2OVTUGmu0SC55K5gw.woff2 reason=response.body: Response body is unavailable for redirect responses
2026-08-26T04:41:46.972Z resource:omit http://fonts.gstatic.com/s/playfairdisplay/v40/nuFiD-vYSZviVYUb_rj3ij__anPXDTzYgEM86xQ.woff2 reason=response.body: Response body is unavailable for redirect responses
2026-08-26T04:41:47.160Z resource:omit http://fonts.gstatic.com/s/playfairdisplay/v40/nuFkD-vYSZviVYUb_rj3ij__anPXDTnogkk7yRZrPA.woff2 reason=response.body: Response body is unavailable for redirect responses
2026-08-26T04:41:47.319Z resource:omit http://www.google-analytics.com/ga.js reason=response.body: Response body is unavailable for redirect responses
2026-08-26T04:41:47.324Z resource:omit http://www.google-analytics.com/__utm.gif?utmwv=5.7.2&utms=13&utmn=1702041849&utmhn=edwards.yale.edu&utmcs=UTF-8&utmsr=1280x720&utmvp=1280x720&utmsc=24-bit&utmul=pl&utmje=0&utmfl=-&utmdt=Search%20WJE%20Online%20%7C%20The%20Jonathan%20Edwards%20Center%20at%20Yale%20University&utmhid=1089133587&utmr=-&utmp=%2Farchive%3Fpath%3DaHR0cDovL2Vkd2FyZHMueWFsZS5lZHUvY2dpLWJpbi9uZXdwaGlsby9nZXRvYmplY3QucGw%2FYy4xNzo0OjI2MC53amVv&utmht=1787719307321&utmac=UA-1489454-4&utmcc=__utma%3D258641246.2032384476.1787719243.1787719243.1787719243.1%3B%2B__utmz%3D258641246.1787719243.1.1.utmcsr%3D(direct)%7Cutmccn%3D(direct)%7Cutmcmd%3D(none)%3B&utmjid=&utmu=qAAAAAAAAAAAAAAAAAAAAAAE~ reason=response.body: Response body is unavailable for redirect responses
2026-08-26T04:41:47.966Z scroll:stable height=1351 samples=6
2026-08-26T04:41:49.148Z complete:017.html html=36289 assets=18
2026-08-26T04:41:51.649Z resume:retry 018.html reason=manifest-incomplete
2026-08-26T04:41:51.650Z attempt:1/3 018.html
2026-08-26T04:41:51.651Z navigation:start http://edwards.yale.edu/archive?path=aHR0cDovL2Vkd2FyZHMueWFsZS5lZHUvY2dpLWJpbi9uZXdwaGlsby9nZXRvYmplY3QucGw/Yy4xNzo0OjI2MS53amVv
2026-08-26T04:41:52.166Z resource:omit http://fonts.gstatic.com/s/opensans/v44/memvYaGs126MiZpBA-UvWbX2vVnXBbObj2OVTS-mu0SC55I.woff2 reason=response.body: Response body is unavailable for redirect responses
2026-08-26T04:41:52.166Z resource:omit http://fonts.gstatic.com/s/playfairdisplay/v40/nuFiD-vYSZviVYUb_rj3ij__anPXDTzYgEM86xQ.woff2 reason=response.body: Response body is unavailable for redirect responses
2026-08-26T04:41:52.166Z resource:omit http://fonts.gstatic.com/s/opensans/v44/memvYaGs126MiZpBA-UvWbX2vVnXBbObj2OVTUGmu0SC55K5gw.woff2 reason=response.body: Response body is unavailable for redirect responses
2026-08-26T04:41:52.351Z resource:omit http://fonts.gstatic.com/s/playfairdisplay/v40/nuFkD-vYSZviVYUb_rj3ij__anPXDTnogkk7yRZrPA.woff2 reason=response.body: Response body is unavailable for redirect responses
2026-08-26T04:41:52.516Z resource:omit http://www.google-analytics.com/ga.js reason=response.body: Response body is unavailable for redirect responses
2026-08-26T04:41:52.520Z resource:omit http://www.google-analytics.com/__utm.gif?utmwv=5.7.2&utms=14&utmn=653993558&utmhn=edwards.yale.edu&utmcs=UTF-8&utmsr=1280x720&utmvp=1280x720&utmsc=24-bit&utmul=pl&utmje=0&utmfl=-&utmdt=Search%20WJE%20Online%20%7C%20The%20Jonathan%20Edwards%20Center%20at%20Yale%20University&utmhid=132568573&utmr=-&utmp=%2Farchive%3Fpath%3DaHR0cDovL2Vkd2FyZHMueWFsZS5lZHUvY2dpLWJpbi9uZXdwaGlsby9nZXRvYmplY3QucGw%2FYy4xNzo0OjI2MS53amVv&utmht=1787719312518&utmac=UA-1489454-4&utmcc=__utma%3D258641246.2032384476.1787719243.1787719243.1787719243.1%3B%2B__utmz%3D258641246.1787719243.1.1.utmcsr%3D(direct)%7Cutmccn%3D(direct)%7Cutmcmd%3D(none)%3B&utmjid=&utmu=qAAAAAAAAAAAAAAAAAAAAAAE~ reason=response.body: Response body is unavailable for redirect responses
2026-08-26T04:41:53.281Z scroll:stable height=2058 samples=7
2026-08-26T04:41:54.381Z complete:018.html html=41294 assets=18
2026-08-26T04:41:56.881Z resume:retry 019.html reason=manifest-incomplete
2026-08-26T04:41:56.882Z attempt:1/3 019.html
2026-08-26T04:41:56.882Z navigation:start http://edwards.yale.edu/archive?path=aHR0cDovL2Vkd2FyZHMueWFsZS5lZHUvY2dpLWJpbi9uZXdwaGlsby9nZXRvYmplY3QucGw/Yy4xNzo0OjI2Mi53amVv
2026-08-26T04:41:57.577Z resource:omit http://fonts.gstatic.com/s/opensans/v44/memvYaGs126MiZpBA-UvWbX2vVnXBbObj2OVTUGmu0SC55K5gw.woff2 reason=response.body: Response body is unavailable for redirect responses
2026-08-26T04:41:57.577Z resource:omit http://fonts.gstatic.com/s/playfairdisplay/v40/nuFiD-vYSZviVYUb_rj3ij__anPXDTzYgEM86xQ.woff2 reason=response.body: Response body is unavailable for redirect responses
2026-08-26T04:41:57.577Z resource:omit http://fonts.gstatic.com/s/opensans/v44/memvYaGs126MiZpBA-UvWbX2vVnXBbObj2OVTS-mu0SC55I.woff2 reason=response.body: Response body is unavailable for redirect responses
2026-08-26T04:41:57.759Z resource:omit http://fonts.gstatic.com/s/playfairdisplay/v40/nuFkD-vYSZviVYUb_rj3ij__anPXDTnogkk7yRZrPA.woff2 reason=response.body: Response body is unavailable for redirect responses
2026-08-26T04:41:58.091Z resource:omit http://www.google-analytics.com/ga.js reason=response.body: Response body is unavailable for redirect responses
2026-08-26T04:41:58.094Z resource:omit http://www.google-analytics.com/__utm.gif?utmwv=5.7.2&utms=15&utmn=779751840&utmhn=edwards.yale.edu&utmcs=UTF-8&utmsr=1280x720&utmvp=1280x720&utmsc=24-bit&utmul=pl&utmje=0&utmfl=-&utmdt=Search%20WJE%20Online%20%7C%20The%20Jonathan%20Edwards%20Center%20at%20Yale%20University&utmhid=1851596187&utmr=-&utmp=%2Farchive%3Fpath%3DaHR0cDovL2Vkd2FyZHMueWFsZS5lZHUvY2dpLWJpbi9uZXdwaGlsby9nZXRvYmplY3QucGw%2FYy4xNzo0OjI2Mi53amVv&utmht=1787719318089&utmac=UA-1489454-4&utmcc=__utma%3D258641246.2032384476.1787719243.1787719243.1787719243.1%3B%2B__utmz%3D258641246.1787719243.1.1.utmcsr%3D(direct)%7Cutmccn%3D(direct)%7Cutmcmd%3D(none)%3B&utmjid=&utmu=qAAAAAAAAAAAAAAAAAAAAAAE~ reason=response.body: Response body is unavailable for redirect responses
2026-08-26T04:41:58.736Z scroll:stable height=1635 samples=6
2026-08-26T04:41:59.898Z complete:019.html html=38302 assets=18
2026-08-26T04:42:02.400Z resume:retry 020.html reason=manifest-incomplete
2026-08-26T04:42:02.401Z attempt:1/3 020.html
2026-08-26T04:42:02.401Z navigation:start http://edwards.yale.edu/archive?path=aHR0cDovL2Vkd2FyZHMueWFsZS5lZHUvY2dpLWJpbi9uZXdwaGlsby9nZXRvYmplY3QucGw/Yy4xNzo0OjI2My53amVv
2026-08-26T04:42:02.928Z resource:omit http://fonts.gstatic.com/s/opensans/v44/memvYaGs126MiZpBA-UvWbX2vVnXBbObj2OVTS-mu0SC55I.woff2 reason=response.body: Response body is unavailable for redirect responses
2026-08-26T04:42:02.928Z resource:omit http://fonts.gstatic.com/s/opensans/v44/memvYaGs126MiZpBA-UvWbX2vVnXBbObj2OVTUGmu0SC55K5gw.woff2 reason=response.body: Response body is unavailable for redirect responses
2026-08-26T04:42:02.928Z resource:omit http://fonts.gstatic.com/s/playfairdisplay/v40/nuFiD-vYSZviVYUb_rj3ij__anPXDTzYgEM86xQ.woff2 reason=response.body: Response body is unavailable for redirect responses
2026-08-26T04:42:03.118Z resource:omit http://fonts.gstatic.com/s/playfairdisplay/v40/nuFkD-vYSZviVYUb_rj3ij__anPXDTnogkk7yRZrPA.woff2 reason=response.body: Response body is unavailable for redirect responses
2026-08-26T04:42:03.329Z resource:omit http://www.google-analytics.com/ga.js reason=response.body: Response body is unavailable for redirect responses
2026-08-26T04:42:03.334Z resource:omit http://www.google-analytics.com/__utm.gif?utmwv=5.7.2&utms=16&utmn=2139994617&utmhn=edwards.yale.edu&utmcs=UTF-8&utmsr=1280x720&utmvp=1280x720&utmsc=24-bit&utmul=pl&utmje=0&utmfl=-&utmdt=Search%20WJE%20Online%20%7C%20The%20Jonathan%20Edwards%20Center%20at%20Yale%20University&utmhid=1846777867&utmr=-&utmp=%2Farchive%3Fpath%3DaHR0cDovL2Vkd2FyZHMueWFsZS5lZHUvY2dpLWJpbi9uZXdwaGlsby9nZXRvYmplY3QucGw%2FYy4xNzo0OjI2My53amVv&utmht=1787719323331&utmac=UA-1489454-4&utmcc=__utma%3D258641246.2032384476.1787719243.1787719243.1787719243.1%3B%2B__utmz%3D258641246.1787719243.1.1.utmcsr%3D(direct)%7Cutmccn%3D(direct)%7Cutmcmd%3D(none)%3B&utmjid=&utmu=qAAAAAAAAAAAAAAAAAAAAAAE~ reason=response.body: Response body is unavailable for redirect responses
2026-08-26T04:42:03.976Z scroll:stable height=1351 samples=6
2026-08-26T04:42:05.141Z complete:020.html html=36091 assets=18
2026-08-26T04:42:07.643Z resume:retry 021.html reason=manifest-incomplete
2026-08-26T04:42:07.643Z attempt:1/3 021.html
2026-08-26T04:42:07.644Z navigation:start http://edwards.yale.edu/archive?path=aHR0cDovL2Vkd2FyZHMueWFsZS5lZHUvY2dpLWJpbi9uZXdwaGlsby9nZXRvYmplY3QucGw/Yy4xNzo0OjI2NC53amVv
2026-08-26T04:42:08.149Z resource:omit http://fonts.gstatic.com/s/opensans/v44/memvYaGs126MiZpBA-UvWbX2vVnXBbObj2OVTS-mu0SC55I.woff2 reason=response.body: Response body is unavailable for redirect responses
2026-08-26T04:42:08.149Z resource:omit http://fonts.gstatic.com/s/opensans/v44/memvYaGs126MiZpBA-UvWbX2vVnXBbObj2OVTUGmu0SC55K5gw.woff2 reason=response.body: Response body is unavailable for redirect responses
2026-08-26T04:42:08.149Z resource:omit http://fonts.gstatic.com/s/playfairdisplay/v40/nuFiD-vYSZviVYUb_rj3ij__anPXDTzYgEM86xQ.woff2 reason=response.body: Response body is unavailable for redirect responses
2026-08-26T04:42:08.335Z resource:omit http://fonts.gstatic.com/s/playfairdisplay/v40/nuFkD-vYSZviVYUb_rj3ij__anPXDTnogkk7yRZrPA.woff2 reason=response.body: Response body is unavailable for redirect responses
2026-08-26T04:42:08.572Z resource:omit http://www.google-analytics.com/ga.js reason=response.body: Response body is unavailable for redirect responses
2026-08-26T04:42:08.577Z resource:omit http://www.google-analytics.com/__utm.gif?utmwv=5.7.2&utms=17&utmn=1369385913&utmhn=edwards.yale.edu&utmcs=UTF-8&utmsr=1280x720&utmvp=1280x720&utmsc=24-bit&utmul=pl&utmje=0&utmfl=-&utmdt=Search%20WJE%20Online%20%7C%20The%20Jonathan%20Edwards%20Center%20at%20Yale%20University&utmhid=908974139&utmr=-&utmp=%2Farchive%3Fpath%3DaHR0cDovL2Vkd2FyZHMueWFsZS5lZHUvY2dpLWJpbi9uZXdwaGlsby9nZXRvYmplY3QucGw%2FYy4xNzo0OjI2NC53amVv&utmht=1787719328574&utmac=UA-1489454-4&utmcc=__utma%3D258641246.2032384476.1787719243.1787719243.1787719243.1%3B%2B__utmz%3D258641246.1787719243.1.1.utmcsr%3D(direct)%7Cutmccn%3D(direct)%7Cutmcmd%3D(none)%3B&utmjid=&utmu=qAAAAAAAAAAAAAAAAAAAAAAE~ reason=response.body: Response body is unavailable for redirect responses
2026-08-26T04:42:09.219Z scroll:stable height=1336 samples=6
2026-08-26T04:42:10.366Z complete:021.html html=36633 assets=18
2026-08-26T04:42:12.868Z resume:retry 022.html reason=manifest-incomplete
2026-08-26T04:42:12.869Z attempt:1/3 022.html
2026-08-26T04:42:12.869Z navigation:start http://edwards.yale.edu/archive?path=aHR0cDovL2Vkd2FyZHMueWFsZS5lZHUvY2dpLWJpbi9uZXdwaGlsby9nZXRvYmplY3QucGw/Yy4xNzo0OjI2NS53amVv
2026-08-26T04:42:13.394Z resource:omit http://fonts.gstatic.com/s/opensans/v44/memvYaGs126MiZpBA-UvWbX2vVnXBbObj2OVTS-mu0SC55I.woff2 reason=response.body: Response body is unavailable for redirect responses
2026-08-26T04:42:13.394Z resource:omit http://fonts.gstatic.com/s/playfairdisplay/v40/nuFiD-vYSZviVYUb_rj3ij__anPXDTzYgEM86xQ.woff2 reason=response.body: Response body is unavailable for redirect responses
2026-08-26T04:42:13.395Z resource:omit http://fonts.gstatic.com/s/opensans/v44/memvYaGs126MiZpBA-UvWbX2vVnXBbObj2OVTUGmu0SC55K5gw.woff2 reason=response.body: Response body is unavailable for redirect responses
2026-08-26T04:42:13.585Z resource:omit http://fonts.gstatic.com/s/playfairdisplay/v40/nuFkD-vYSZviVYUb_rj3ij__anPXDTnogkk7yRZrPA.woff2 reason=response.body: Response body is unavailable for redirect responses
2026-08-26T04:42:13.816Z resource:omit http://www.google-analytics.com/ga.js reason=response.body: Response body is unavailable for redirect responses
2026-08-26T04:42:13.820Z resource:omit http://www.google-analytics.com/__utm.gif?utmwv=5.7.2&utms=18&utmn=178057094&utmhn=edwards.yale.edu&utmcs=UTF-8&utmsr=1280x720&utmvp=1280x720&utmsc=24-bit&utmul=pl&utmje=0&utmfl=-&utmdt=Search%20WJE%20Online%20%7C%20The%20Jonathan%20Edwards%20Center%20at%20Yale%20University&utmhid=1928603863&utmr=-&utmp=%2Farchive%3Fpath%3DaHR0cDovL2Vkd2FyZHMueWFsZS5lZHUvY2dpLWJpbi9uZXdwaGlsby9nZXRvYmplY3QucGw%2FYy4xNzo0OjI2NS53amVv&utmht=1787719333818&utmac=UA-1489454-4&utmcc=__utma%3D258641246.2032384476.1787719243.1787719243.1787719243.1%3B%2B__utmz%3D258641246.1787719243.1.1.utmcsr%3D(direct)%7Cutmccn%3D(direct)%7Cutmcmd%3D(none)%3B&utmjid=&utmu=qAAAAAAAAAAAAAAAAAAAAAAE~ reason=response.body: Response body is unavailable for redirect responses
2026-08-26T04:42:14.341Z scroll:stable height=1196 samples=5
2026-08-26T04:42:15.618Z complete:022.html html=35126 assets=18
2026-08-26T04:42:18.119Z resume:retry 023.html reason=manifest-incomplete
2026-08-26T04:42:18.119Z attempt:1/3 023.html
2026-08-26T04:42:18.120Z navigation:start http://edwards.yale.edu/archive?path=aHR0cDovL2Vkd2FyZHMueWFsZS5lZHUvY2dpLWJpbi9uZXdwaGlsby9nZXRvYmplY3QucGw/Yy4xNzo0OjI2Ni53amVv
2026-08-26T04:42:18.637Z resource:omit http://fonts.gstatic.com/s/opensans/v44/memvYaGs126MiZpBA-UvWbX2vVnXBbObj2OVTS-mu0SC55I.woff2 reason=response.body: Response body is unavailable for redirect responses
2026-08-26T04:42:18.637Z resource:omit http://fonts.gstatic.com/s/opensans/v44/memvYaGs126MiZpBA-UvWbX2vVnXBbObj2OVTUGmu0SC55K5gw.woff2 reason=response.body: Response body is unavailable for redirect responses
2026-08-26T04:42:18.637Z resource:omit http://fonts.gstatic.com/s/playfairdisplay/v40/nuFiD-vYSZviVYUb_rj3ij__anPXDTzYgEM86xQ.woff2 reason=response.body: Response body is unavailable for redirect responses
2026-08-26T04:42:18.810Z resource:omit http://fonts.gstatic.com/s/playfairdisplay/v40/nuFkD-vYSZviVYUb_rj3ij__anPXDTnogkk7yRZrPA.woff2 reason=response.body: Response body is unavailable for redirect responses
2026-08-26T04:42:18.964Z resource:omit http://www.google-analytics.com/ga.js reason=response.body: Response body is unavailable for redirect responses
2026-08-26T04:42:18.969Z resource:omit http://www.google-analytics.com/__utm.gif?utmwv=5.7.2&utms=19&utmn=1532772233&utmhn=edwards.yale.edu&utmcs=UTF-8&utmsr=1280x720&utmvp=1280x720&utmsc=24-bit&utmul=pl&utmje=0&utmfl=-&utmdt=Search%20WJE%20Online%20%7C%20The%20Jonathan%20Edwards%20Center%20at%20Yale%20University&utmhid=952464257&utmr=-&utmp=%2Farchive%3Fpath%3DaHR0cDovL2Vkd2FyZHMueWFsZS5lZHUvY2dpLWJpbi9uZXdwaGlsby9nZXRvYmplY3QucGw%2FYy4xNzo0OjI2Ni53amVv&utmht=1787719338967&utmac=UA-1489454-4&utmcc=__utma%3D258641246.2032384476.1787719243.1787719243.1787719243.1%3B%2B__utmz%3D258641246.1787719243.1.1.utmcsr%3D(direct)%7Cutmccn%3D(direct)%7Cutmcmd%3D(none)%3B&utmjid=&utmu=qAAAAAAAAAAAAAAAAAAAAAAE~ reason=response.body: Response body is unavailable for redirect responses
2026-08-26T04:42:19.813Z scroll:stable height=2121 samples=7
2026-08-26T04:42:20.886Z complete:023.html html=41601 assets=18
2026-08-26T04:42:23.387Z resume:retry 024.html reason=manifest-incomplete
2026-08-26T04:42:23.387Z attempt:1/3 024.html
2026-08-26T04:42:23.388Z navigation:start http://edwards.yale.edu/archive?path=aHR0cDovL2Vkd2FyZHMueWFsZS5lZHUvY2dpLWJpbi9uZXdwaGlsby9nZXRvYmplY3QucGw/Yy4xNzo0OjI2Ny53amVv
2026-08-26T04:42:23.882Z resource:omit http://fonts.gstatic.com/s/opensans/v44/memvYaGs126MiZpBA-UvWbX2vVnXBbObj2OVTS-mu0SC55I.woff2 reason=response.body: Response body is unavailable for redirect responses
2026-08-26T04:42:23.882Z resource:omit http://fonts.gstatic.com/s/playfairdisplay/v40/nuFiD-vYSZviVYUb_rj3ij__anPXDTzYgEM86xQ.woff2 reason=response.body: Response body is unavailable for redirect responses
2026-08-26T04:42:23.883Z resource:omit http://fonts.gstatic.com/s/opensans/v44/memvYaGs126MiZpBA-UvWbX2vVnXBbObj2OVTUGmu0SC55K5gw.woff2 reason=response.body: Response body is unavailable for redirect responses
2026-08-26T04:42:24.068Z resource:omit http://fonts.gstatic.com/s/playfairdisplay/v40/nuFkD-vYSZviVYUb_rj3ij__anPXDTnogkk7yRZrPA.woff2 reason=response.body: Response body is unavailable for redirect responses
2026-08-26T04:42:24.299Z resource:omit http://www.google-analytics.com/ga.js reason=response.body: Response body is unavailable for redirect responses
2026-08-26T04:42:24.303Z resource:omit http://www.google-analytics.com/__utm.gif?utmwv=5.7.2&utms=20&utmn=1650620951&utmhn=edwards.yale.edu&utmcs=UTF-8&utmsr=1280x720&utmvp=1280x720&utmsc=24-bit&utmul=pl&utmje=0&utmfl=-&utmdt=Search%20WJE%20Online%20%7C%20The%20Jonathan%20Edwards%20Center%20at%20Yale%20University&utmhid=787657414&utmr=-&utmp=%2Farchive%3Fpath%3DaHR0cDovL2Vkd2FyZHMueWFsZS5lZHUvY2dpLWJpbi9uZXdwaGlsby9nZXRvYmplY3QucGw%2FYy4xNzo0OjI2Ny53amVv&utmht=1787719344301&utmac=UA-1489454-4&utmcc=__utma%3D258641246.2032384476.1787719243.1787719243.1787719243.1%3B%2B__utmz%3D258641246.1787719243.1.1.utmcsr%3D(direct)%7Cutmccn%3D(direct)%7Cutmcmd%3D(none)%3B&utmjid=&utmu=qAAAAAAAAAAAAAAAAAAAAAAE~ reason=response.body: Response body is unavailable for redirect responses
2026-08-26T04:42:24.945Z scroll:stable height=1276 samples=6
2026-08-26T04:42:26.096Z complete:024.html html=35919 assets=18
2026-08-26T04:42:28.598Z resume:retry 025.html reason=manifest-incomplete
2026-08-26T04:42:28.599Z attempt:1/3 025.html
2026-08-26T04:42:28.599Z navigation:start http://edwards.yale.edu/archive?path=aHR0cDovL2Vkd2FyZHMueWFsZS5lZHUvY2dpLWJpbi9uZXdwaGlsby9nZXRvYmplY3QucGw/Yy4xNzo0OjI2OC53amVv
2026-08-26T04:42:29.219Z resource:omit http://fonts.gstatic.com/s/opensans/v44/memvYaGs126MiZpBA-UvWbX2vVnXBbObj2OVTS-mu0SC55I.woff2 reason=response.body: Response body is unavailable for redirect responses
2026-08-26T04:42:29.219Z resource:omit http://fonts.gstatic.com/s/opensans/v44/memvYaGs126MiZpBA-UvWbX2vVnXBbObj2OVTUGmu0SC55K5gw.woff2 reason=response.body: Response body is unavailable for redirect responses
2026-08-26T04:42:29.219Z resource:omit http://fonts.gstatic.com/s/playfairdisplay/v40/nuFiD-vYSZviVYUb_rj3ij__anPXDTzYgEM86xQ.woff2 reason=response.body: Response body is unavailable for redirect responses
2026-08-26T04:42:29.601Z resource:omit http://fonts.gstatic.com/s/playfairdisplay/v40/nuFkD-vYSZviVYUb_rj3ij__anPXDTnogkk7yRZrPA.woff2 reason=response.body: Response body is unavailable for redirect responses
2026-08-26T04:42:30.070Z resource:omit http://www.google-analytics.com/ga.js reason=response.body: Response body is unavailable for redirect responses
2026-08-26T04:42:30.075Z resource:omit http://www.google-analytics.com/__utm.gif?utmwv=5.7.2&utms=21&utmn=851665016&utmhn=edwards.yale.edu&utmcs=UTF-8&utmsr=1280x720&utmvp=1280x720&utmsc=24-bit&utmul=pl&utmje=0&utmfl=-&utmdt=Search%20WJE%20Online%20%7C%20The%20Jonathan%20Edwards%20Center%20at%20Yale%20University&utmhid=1897443549&utmr=-&utmp=%2Farchive%3Fpath%3DaHR0cDovL2Vkd2FyZHMueWFsZS5lZHUvY2dpLWJpbi9uZXdwaGlsby9nZXRvYmplY3QucGw%2FYy4xNzo0OjI2OC53amVv&utmht=1787719350072&utmac=UA-1489454-4&utmcc=__utma%3D258641246.2032384476.1787719243.1787719243.1787719243.1%3B%2B__utmz%3D258641246.1787719243.1.1.utmcsr%3D(direct)%7Cutmccn%3D(direct)%7Cutmcmd%3D(none)%3B&utmjid=&utmu=qAAAAAAAAAAAAAAAAAAAAAAE~ reason=response.body: Response body is unavailable for redirect responses
2026-08-26T04:42:30.714Z scroll:stable height=1260 samples=6
2026-08-26T04:42:32.192Z complete:025.html html=35858 assets=18
2026-08-26T04:42:34.694Z resume:retry 026.html reason=manifest-incomplete
2026-08-26T04:42:34.695Z attempt:1/3 026.html
2026-08-26T04:42:34.695Z navigation:start http://edwards.yale.edu/archive?path=aHR0cDovL2Vkd2FyZHMueWFsZS5lZHUvY2dpLWJpbi9uZXdwaGlsby9nZXRvYmplY3QucGw/Yy4xNzo0OjI2OS53amVv
2026-08-26T04:42:35.319Z resource:omit http://fonts.gstatic.com/s/opensans/v44/memvYaGs126MiZpBA-UvWbX2vVnXBbObj2OVTS-mu0SC55I.woff2 reason=response.body: Response body is unavailable for redirect responses
2026-08-26T04:42:35.319Z resource:omit http://fonts.gstatic.com/s/playfairdisplay/v40/nuFiD-vYSZviVYUb_rj3ij__anPXDTzYgEM86xQ.woff2 reason=response.body: Response body is unavailable for redirect responses
2026-08-26T04:42:35.319Z resource:omit http://fonts.gstatic.com/s/opensans/v44/memvYaGs126MiZpBA-UvWbX2vVnXBbObj2OVTUGmu0SC55K5gw.woff2 reason=response.body: Response body is unavailable for redirect responses
2026-08-26T04:42:35.518Z resource:omit http://fonts.gstatic.com/s/playfairdisplay/v40/nuFkD-vYSZviVYUb_rj3ij__anPXDTnogkk7yRZrPA.woff2 reason=response.body: Response body is unavailable for redirect responses
2026-08-26T04:42:35.675Z resource:omit http://www.google-analytics.com/ga.js reason=response.body: Response body is unavailable for redirect responses
2026-08-26T04:42:35.679Z resource:omit http://www.google-analytics.com/__utm.gif?utmwv=5.7.2&utms=22&utmn=841555435&utmhn=edwards.yale.edu&utmcs=UTF-8&utmsr=1280x720&utmvp=1280x720&utmsc=24-bit&utmul=pl&utmje=0&utmfl=-&utmdt=Search%20WJE%20Online%20%7C%20The%20Jonathan%20Edwards%20Center%20at%20Yale%20University&utmhid=444546232&utmr=-&utmp=%2Farchive%3Fpath%3DaHR0cDovL2Vkd2FyZHMueWFsZS5lZHUvY2dpLWJpbi9uZXdwaGlsby9nZXRvYmplY3QucGw%2FYy4xNzo0OjI2OS53amVv&utmht=1787719355677&utmac=UA-1489454-4&utmcc=__utma%3D258641246.2032384476.1787719243.1787719243.1787719243.1%3B%2B__utmz%3D258641246.1787719243.1.1.utmcsr%3D(direct)%7Cutmccn%3D(direct)%7Cutmcmd%3D(none)%3B&utmjid=&utmu=qAAAAAAAAAAAAAAAAAAAAAAE~ reason=response.body: Response body is unavailable for redirect responses
2026-08-26T04:42:36.704Z scroll:stable height=2856 samples=8
2026-08-26T04:42:37.753Z complete:026.html html=47856 assets=18
2026-08-26T04:42:40.255Z resume:retry 027.html reason=manifest-incomplete
2026-08-26T04:42:40.256Z attempt:1/3 027.html
2026-08-26T04:42:40.256Z navigation:start http://edwards.yale.edu/archive?path=aHR0cDovL2Vkd2FyZHMueWFsZS5lZHUvY2dpLWJpbi9uZXdwaGlsby9nZXRvYmplY3QucGw/Yy4xNzo0OjI3MC53amVv
2026-08-26T04:42:40.751Z resource:omit http://fonts.gstatic.com/s/opensans/v44/memvYaGs126MiZpBA-UvWbX2vVnXBbObj2OVTS-mu0SC55I.woff2 reason=response.body: Response body is unavailable for redirect responses
2026-08-26T04:42:40.751Z resource:omit http://fonts.gstatic.com/s/playfairdisplay/v40/nuFiD-vYSZviVYUb_rj3ij__anPXDTzYgEM86xQ.woff2 reason=response.body: Response body is unavailable for redirect responses
2026-08-26T04:42:40.751Z resource:omit http://fonts.gstatic.com/s/opensans/v44/memvYaGs126MiZpBA-UvWbX2vVnXBbObj2OVTUGmu0SC55K5gw.woff2 reason=response.body: Response body is unavailable for redirect responses
2026-08-26T04:42:40.935Z resource:omit http://fonts.gstatic.com/s/playfairdisplay/v40/nuFkD-vYSZviVYUb_rj3ij__anPXDTnogkk7yRZrPA.woff2 reason=response.body: Response body is unavailable for redirect responses
2026-08-26T04:42:41.100Z resource:omit http://www.google-analytics.com/ga.js reason=response.body: Response body is unavailable for redirect responses
2026-08-26T04:42:41.104Z resource:omit http://www.google-analytics.com/__utm.gif?utmwv=5.7.2&utms=23&utmn=1979046583&utmhn=edwards.yale.edu&utmcs=UTF-8&utmsr=1280x720&utmvp=1280x720&utmsc=24-bit&utmul=pl&utmje=0&utmfl=-&utmdt=Search%20WJE%20Online%20%7C%20The%20Jonathan%20Edwards%20Center%20at%20Yale%20University&utmhid=932625019&utmr=-&utmp=%2Farchive%3Fpath%3DaHR0cDovL2Vkd2FyZHMueWFsZS5lZHUvY2dpLWJpbi9uZXdwaGlsby9nZXRvYmplY3QucGw%2FYy4xNzo0OjI3MC53amVv&utmht=1787719361101&utmac=UA-1489454-4&utmcc=__utma%3D258641246.2032384476.1787719243.1787719243.1787719243.1%3B%2B__utmz%3D258641246.1787719243.1.1.utmcsr%3D(direct)%7Cutmccn%3D(direct)%7Cutmcmd%3D(none)%3B&utmjid=&utmu=qAAAAAAAAAAAAAAAAAAAAAAE~ reason=response.body: Response body is unavailable for redirect responses
2026-08-26T04:42:41.746Z scroll:stable height=1359 samples=6
2026-08-26T04:42:42.909Z complete:027.html html=35928 assets=18
2026-08-26T04:42:45.411Z resume:retry 028.html reason=manifest-incomplete
2026-08-26T04:42:45.411Z attempt:1/3 028.html
2026-08-26T04:42:45.412Z navigation:start http://edwards.yale.edu/archive?path=aHR0cDovL2Vkd2FyZHMueWFsZS5lZHUvY2dpLWJpbi9uZXdwaGlsby9nZXRvYmplY3QucGw/Yy4xNzo0OjI3MS53amVv
2026-08-26T04:42:45.929Z resource:omit http://fonts.gstatic.com/s/playfairdisplay/v40/nuFiD-vYSZviVYUb_rj3ij__anPXDTzYgEM86xQ.woff2 reason=response.body: Response body is unavailable for redirect responses
2026-08-26T04:42:45.929Z resource:omit http://fonts.gstatic.com/s/opensans/v44/memvYaGs126MiZpBA-UvWbX2vVnXBbObj2OVTS-mu0SC55I.woff2 reason=response.body: Response body is unavailable for redirect responses
2026-08-26T04:42:45.929Z resource:omit http://fonts.gstatic.com/s/opensans/v44/memvYaGs126MiZpBA-UvWbX2vVnXBbObj2OVTUGmu0SC55K5gw.woff2 reason=response.body: Response body is unavailable for redirect responses
2026-08-26T04:42:46.111Z resource:omit http://fonts.gstatic.com/s/playfairdisplay/v40/nuFkD-vYSZviVYUb_rj3ij__anPXDTnogkk7yRZrPA.woff2 reason=response.body: Response body is unavailable for redirect responses
2026-08-26T04:42:46.319Z resource:omit http://www.google-analytics.com/ga.js reason=response.body: Response body is unavailable for redirect responses
2026-08-26T04:42:46.324Z resource:omit http://www.google-analytics.com/__utm.gif?utmwv=5.7.2&utms=24&utmn=1168385768&utmhn=edwards.yale.edu&utmcs=UTF-8&utmsr=1280x720&utmvp=1280x720&utmsc=24-bit&utmul=pl&utmje=0&utmfl=-&utmdt=Search%20WJE%20Online%20%7C%20The%20Jonathan%20Edwards%20Center%20at%20Yale%20University&utmhid=1262384096&utmr=-&utmp=%2Farchive%3Fpath%3DaHR0cDovL2Vkd2FyZHMueWFsZS5lZHUvY2dpLWJpbi9uZXdwaGlsby9nZXRvYmplY3QucGw%2FYy4xNzo0OjI3MS53amVv&utmht=1787719366322&utmac=UA-1489454-4&utmcc=__utma%3D258641246.2032384476.1787719243.1787719243.1787719243.1%3B%2B__utmz%3D258641246.1787719243.1.1.utmcsr%3D(direct)%7Cutmccn%3D(direct)%7Cutmcmd%3D(none)%3B&utmjid=&utmu=qAAAAAAAAAAAAAAAAAAAAAAE~ reason=response.body: Response body is unavailable for redirect responses
2026-08-26T04:42:46.841Z scroll:stable height=1216 samples=5
2026-08-26T04:42:48.150Z complete:028.html html=35286 assets=18
2026-08-26T04:42:50.653Z resume:retry 029.html reason=manifest-incomplete
2026-08-26T04:42:50.654Z attempt:1/3 029.html
2026-08-26T04:42:50.655Z navigation:start http://edwards.yale.edu/archive?path=aHR0cDovL2Vkd2FyZHMueWFsZS5lZHUvY2dpLWJpbi9uZXdwaGlsby9nZXRvYmplY3QucGw/Yy4xNzo0OjI3Mi53amVv
2026-08-26T04:42:51.245Z resource:omit http://fonts.gstatic.com/s/opensans/v44/memvYaGs126MiZpBA-UvWbX2vVnXBbObj2OVTS-mu0SC55I.woff2 reason=response.body: Response body is unavailable for redirect responses
2026-08-26T04:42:51.245Z resource:omit http://fonts.gstatic.com/s/opensans/v44/memvYaGs126MiZpBA-UvWbX2vVnXBbObj2OVTUGmu0SC55K5gw.woff2 reason=response.body: Response body is unavailable for redirect responses
2026-08-26T04:42:51.245Z resource:omit http://fonts.gstatic.com/s/playfairdisplay/v40/nuFiD-vYSZviVYUb_rj3ij__anPXDTzYgEM86xQ.woff2 reason=response.body: Response body is unavailable for redirect responses
2026-08-26T04:42:51.427Z resource:omit http://fonts.gstatic.com/s/playfairdisplay/v40/nuFkD-vYSZviVYUb_rj3ij__anPXDTnogkk7yRZrPA.woff2 reason=response.body: Response body is unavailable for redirect responses
2026-08-26T04:42:51.590Z resource:omit http://www.google-analytics.com/ga.js reason=response.body: Response body is unavailable for redirect responses
2026-08-26T04:42:51.595Z resource:omit http://www.google-analytics.com/__utm.gif?utmwv=5.7.2&utms=25&utmn=1193603431&utmhn=edwards.yale.edu&utmcs=UTF-8&utmsr=1280x720&utmvp=1280x720&utmsc=24-bit&utmul=pl&utmje=0&utmfl=-&utmdt=Search%20WJE%20Online%20%7C%20The%20Jonathan%20Edwards%20Center%20at%20Yale%20University&utmhid=28474991&utmr=-&utmp=%2Farchive%3Fpath%3DaHR0cDovL2Vkd2FyZHMueWFsZS5lZHUvY2dpLWJpbi9uZXdwaGlsby9nZXRvYmplY3QucGw%2FYy4xNzo0OjI3Mi53amVv&utmht=1787719371593&utmac=UA-1489454-4&utmcc=__utma%3D258641246.2032384476.1787719243.1787719243.1787719243.1%3B%2B__utmz%3D258641246.1787719243.1.1.utmcsr%3D(direct)%7Cutmccn%3D(direct)%7Cutmcmd%3D(none)%3B&utmjid=&utmu=qAAAAAAAAAAAAAAAAAAAAAAE~ reason=response.body: Response body is unavailable for redirect responses
2026-08-26T04:42:52.486Z scroll:stable height=2487 samples=8
2026-08-26T04:42:53.537Z complete:029.html html=43127 assets=18
2026-08-26T04:42:56.039Z resume:retry 030.html reason=manifest-incomplete
2026-08-26T04:42:56.040Z attempt:1/3 030.html
2026-08-26T04:42:56.040Z navigation:start http://edwards.yale.edu/archive?path=aHR0cDovL2Vkd2FyZHMueWFsZS5lZHUvY2dpLWJpbi9uZXdwaGlsby9nZXRvYmplY3QucGw/Yy4xNzo0OjI3My53amVv
2026-08-26T04:42:56.600Z resource:omit http://fonts.gstatic.com/s/opensans/v44/memvYaGs126MiZpBA-UvWbX2vVnXBbObj2OVTS-mu0SC55I.woff2 reason=response.body: Response body is unavailable for redirect responses
2026-08-26T04:42:56.600Z resource:omit http://fonts.gstatic.com/s/opensans/v44/memvYaGs126MiZpBA-UvWbX2vVnXBbObj2OVTUGmu0SC55K5gw.woff2 reason=response.body: Response body is unavailable for redirect responses
2026-08-26T04:42:56.600Z resource:omit http://fonts.gstatic.com/s/playfairdisplay/v40/nuFiD-vYSZviVYUb_rj3ij__anPXDTzYgEM86xQ.woff2 reason=response.body: Response body is unavailable for redirect responses
2026-08-26T04:42:56.819Z resource:omit http://fonts.gstatic.com/s/playfairdisplay/v40/nuFkD-vYSZviVYUb_rj3ij__anPXDTnogkk7yRZrPA.woff2 reason=response.body: Response body is unavailable for redirect responses
2026-08-26T04:42:56.981Z resource:omit http://www.google-analytics.com/ga.js reason=response.body: Response body is unavailable for redirect responses
2026-08-26T04:42:56.986Z resource:omit http://www.google-analytics.com/__utm.gif?utmwv=5.7.2&utms=26&utmn=2058891231&utmhn=edwards.yale.edu&utmcs=UTF-8&utmsr=1280x720&utmvp=1280x720&utmsc=24-bit&utmul=pl&utmje=0&utmfl=-&utmdt=Search%20WJE%20Online%20%7C%20The%20Jonathan%20Edwards%20Center%20at%20Yale%20University&utmhid=171932218&utmr=-&utmp=%2Farchive%3Fpath%3DaHR0cDovL2Vkd2FyZHMueWFsZS5lZHUvY2dpLWJpbi9uZXdwaGlsby9nZXRvYmplY3QucGw%2FYy4xNzo0OjI3My53amVv&utmht=1787719376984&utmac=UA-1489454-4&utmcc=__utma%3D258641246.2032384476.1787719243.1787719243.1787719243.1%3B%2B__utmz%3D258641246.1787719243.1.1.utmcsr%3D(direct)%7Cutmccn%3D(direct)%7Cutmcmd%3D(none)%3B&utmjid=&utmu=qAAAAAAAAAAAAAAAAAAAAAAE~ reason=response.body: Response body is unavailable for redirect responses
2026-08-26T04:42:57.628Z scroll:stable height=1702 samples=6
2026-08-26T04:42:58.879Z complete:030.html html=38728 assets=18
2026-08-26T04:43:01.382Z resume:retry 031.html reason=manifest-incomplete
2026-08-26T04:43:01.382Z attempt:1/3 031.html
2026-08-26T04:43:01.383Z navigation:start http://edwards.yale.edu/archive?path=aHR0cDovL2Vkd2FyZHMueWFsZS5lZHUvY2dpLWJpbi9uZXdwaGlsby9nZXRvYmplY3QucGw/Yy4xNzo0OjI3NC53amVv
2026-08-26T04:43:02.779Z resource:omit http://fonts.gstatic.com/s/opensans/v44/memvYaGs126MiZpBA-UvWbX2vVnXBbObj2OVTS-mu0SC55I.woff2 reason=response.body: Response body is unavailable for redirect responses
2026-08-26T04:43:02.779Z resource:omit http://fonts.gstatic.com/s/playfairdisplay/v40/nuFiD-vYSZviVYUb_rj3ij__anPXDTzYgEM86xQ.woff2 reason=response.body: Response body is unavailable for redirect responses
2026-08-26T04:43:02.780Z resource:omit http://fonts.gstatic.com/s/opensans/v44/memvYaGs126MiZpBA-UvWbX2vVnXBbObj2OVTUGmu0SC55K5gw.woff2 reason=response.body: Response body is unavailable for redirect responses
2026-08-26T04:43:03.312Z resource:omit http://fonts.gstatic.com/s/playfairdisplay/v40/nuFkD-vYSZviVYUb_rj3ij__anPXDTnogkk7yRZrPA.woff2 reason=response.body: Response body is unavailable for redirect responses
2026-08-26T04:43:03.822Z resource:omit http://www.google-analytics.com/ga.js reason=response.body: Response body is unavailable for redirect responses
2026-08-26T04:43:03.829Z resource:omit http://www.google-analytics.com/__utm.gif?utmwv=5.7.2&utms=27&utmn=133171342&utmhn=edwards.yale.edu&utmcs=UTF-8&utmsr=1280x720&utmvp=1280x720&utmsc=24-bit&utmul=pl&utmje=0&utmfl=-&utmdt=Search%20WJE%20Online%20%7C%20The%20Jonathan%20Edwards%20Center%20at%20Yale%20University&utmhid=638538213&utmr=-&utmp=%2Farchive%3Fpath%3DaHR0cDovL2Vkd2FyZHMueWFsZS5lZHUvY2dpLWJpbi9uZXdwaGlsby9nZXRvYmplY3QucGw%2FYy4xNzo0OjI3NC53amVv&utmht=1787719383825&utmac=UA-1489454-4&utmcc=__utma%3D258641246.2032384476.1787719243.1787719243.1787719243.1%3B%2B__utmz%3D258641246.1787719243.1.1.utmcsr%3D(direct)%7Cutmccn%3D(direct)%7Cutmcmd%3D(none)%3B&utmjid=&utmu=qAAAAAAAAAAAAAAAAAAAAAAE~ reason=response.body: Response body is unavailable for redirect responses
2026-08-26T04:43:04.595Z scroll:stable height=1855 samples=7
2026-08-26T04:43:05.899Z complete:031.html html=40317 assets=18
2026-08-26T04:43:08.401Z resume:retry 032.html reason=manifest-incomplete
2026-08-26T04:43:08.402Z attempt:1/3 032.html
2026-08-26T04:43:08.402Z navigation:start http://edwards.yale.edu/archive?path=aHR0cDovL2Vkd2FyZHMueWFsZS5lZHUvY2dpLWJpbi9uZXdwaGlsby9nZXRvYmplY3QucGw/Yy4xNzo0OjI3NS53amVv
2026-08-26T04:43:08.924Z resource:omit http://fonts.gstatic.com/s/opensans/v44/memvYaGs126MiZpBA-UvWbX2vVnXBbObj2OVTS-mu0SC55I.woff2 reason=response.body: Response body is unavailable for redirect responses
2026-08-26T04:43:08.924Z resource:omit http://fonts.gstatic.com/s/playfairdisplay/v40/nuFiD-vYSZviVYUb_rj3ij__anPXDTzYgEM86xQ.woff2 reason=response.body: Response body is unavailable for redirect responses
2026-08-26T04:43:08.924Z resource:omit http://fonts.gstatic.com/s/opensans/v44/memvYaGs126MiZpBA-UvWbX2vVnXBbObj2OVTUGmu0SC55K5gw.woff2 reason=response.body: Response body is unavailable for redirect responses
2026-08-26T04:43:09.101Z resource:omit http://fonts.gstatic.com/s/playfairdisplay/v40/nuFkD-vYSZviVYUb_rj3ij__anPXDTnogkk7yRZrPA.woff2 reason=response.body: Response body is unavailable for redirect responses
2026-08-26T04:43:09.262Z resource:omit http://www.google-analytics.com/ga.js reason=response.body: Response body is unavailable for redirect responses
2026-08-26T04:43:09.265Z resource:omit http://www.google-analytics.com/__utm.gif?utmwv=5.7.2&utms=28&utmn=2138406081&utmhn=edwards.yale.edu&utmcs=UTF-8&utmsr=1280x720&utmvp=1280x720&utmsc=24-bit&utmul=pl&utmje=0&utmfl=-&utmdt=Search%20WJE%20Online%20%7C%20The%20Jonathan%20Edwards%20Center%20at%20Yale%20University&utmhid=890329441&utmr=-&utmp=%2Farchive%3Fpath%3DaHR0cDovL2Vkd2FyZHMueWFsZS5lZHUvY2dpLWJpbi9uZXdwaGlsby9nZXRvYmplY3QucGw%2FYy4xNzo0OjI3NS53amVv&utmht=1787719389263&utmac=UA-1489454-4&utmcc=__utma%3D258641246.2032384476.1787719243.1787719243.1787719243.1%3B%2B__utmz%3D258641246.1787719243.1.1.utmcsr%3D(direct)%7Cutmccn%3D(direct)%7Cutmcmd%3D(none)%3B&utmjid=&utmu=qAAAAAAAAAAAAAAAAAAAAAAE~ reason=response.body: Response body is unavailable for redirect responses
2026-08-26T04:43:09.997Z scroll:stable height=1299 samples=6
2026-08-26T04:43:11.131Z complete:032.html html=35585 assets=18
2026-08-26T04:43:13.633Z resume:retry 033.html reason=manifest-incomplete
2026-08-26T04:43:13.634Z attempt:1/3 033.html
2026-08-26T04:43:13.634Z navigation:start http://edwards.yale.edu/archive?path=aHR0cDovL2Vkd2FyZHMueWFsZS5lZHUvY2dpLWJpbi9uZXdwaGlsby9nZXRvYmplY3QucGw/Yy4xNzo0OjI3Ni53amVv
2026-08-26T04:43:14.149Z resource:omit http://fonts.gstatic.com/s/opensans/v44/memvYaGs126MiZpBA-UvWbX2vVnXBbObj2OVTS-mu0SC55I.woff2 reason=response.body: Response body is unavailable for redirect responses
2026-08-26T04:43:14.149Z resource:omit http://fonts.gstatic.com/s/playfairdisplay/v40/nuFiD-vYSZviVYUb_rj3ij__anPXDTzYgEM86xQ.woff2 reason=response.body: Response body is unavailable for redirect responses
2026-08-26T04:43:14.149Z resource:omit http://fonts.gstatic.com/s/opensans/v44/memvYaGs126MiZpBA-UvWbX2vVnXBbObj2OVTUGmu0SC55K5gw.woff2 reason=response.body: Response body is unavailable for redirect responses
2026-08-26T04:43:14.327Z resource:omit http://fonts.gstatic.com/s/playfairdisplay/v40/nuFkD-vYSZviVYUb_rj3ij__anPXDTnogkk7yRZrPA.woff2 reason=response.body: Response body is unavailable for redirect responses
2026-08-26T04:43:14.493Z resource:omit http://www.google-analytics.com/ga.js reason=response.body: Response body is unavailable for redirect responses
2026-08-26T04:43:14.498Z resource:omit http://www.google-analytics.com/__utm.gif?utmwv=5.7.2&utms=29&utmn=1383038023&utmhn=edwards.yale.edu&utmcs=UTF-8&utmsr=1280x720&utmvp=1280x720&utmsc=24-bit&utmul=pl&utmje=0&utmfl=-&utmdt=Search%20WJE%20Online%20%7C%20The%20Jonathan%20Edwards%20Center%20at%20Yale%20University&utmhid=262365238&utmr=-&utmp=%2Farchive%3Fpath%3DaHR0cDovL2Vkd2FyZHMueWFsZS5lZHUvY2dpLWJpbi9uZXdwaGlsby9nZXRvYmplY3QucGw%2FYy4xNzo0OjI3Ni53amVv&utmht=1787719394495&utmac=UA-1489454-4&utmcc=__utma%3D258641246.2032384476.1787719243.1787719243.1787719243.1%3B%2B__utmz%3D258641246.1787719243.1.1.utmcsr%3D(direct)%7Cutmccn%3D(direct)%7Cutmcmd%3D(none)%3B&utmjid=&utmu=qAAAAAAAAAAAAAAAAAAAAAAE~ reason=response.body: Response body is unavailable for redirect responses
2026-08-26T04:43:15.147Z scroll:stable height=1495 samples=6
2026-08-26T04:43:16.354Z complete:033.html html=37432 assets=18
2026-08-26T04:43:18.855Z resume:retry 034.html reason=manifest-incomplete
2026-08-26T04:43:18.856Z attempt:1/3 034.html
2026-08-26T04:43:18.856Z navigation:start http://edwards.yale.edu/archive?path=aHR0cDovL2Vkd2FyZHMueWFsZS5lZHUvY2dpLWJpbi9uZXdwaGlsby9nZXRvYmplY3QucGw/Yy4xNzo0OjI3Ny53amVv
2026-08-26T04:43:19.375Z resource:omit http://fonts.gstatic.com/s/opensans/v44/memvYaGs126MiZpBA-UvWbX2vVnXBbObj2OVTS-mu0SC55I.woff2 reason=response.body: Response body is unavailable for redirect responses
2026-08-26T04:43:19.375Z resource:omit http://fonts.gstatic.com/s/playfairdisplay/v40/nuFiD-vYSZviVYUb_rj3ij__anPXDTzYgEM86xQ.woff2 reason=response.body: Response body is unavailable for redirect responses
2026-08-26T04:43:19.375Z resource:omit http://fonts.gstatic.com/s/opensans/v44/memvYaGs126MiZpBA-UvWbX2vVnXBbObj2OVTUGmu0SC55K5gw.woff2 reason=response.body: Response body is unavailable for redirect responses
2026-08-26T04:43:19.569Z resource:omit http://fonts.gstatic.com/s/playfairdisplay/v40/nuFkD-vYSZviVYUb_rj3ij__anPXDTnogkk7yRZrPA.woff2 reason=response.body: Response body is unavailable for redirect responses
2026-08-26T04:43:19.732Z resource:omit http://www.google-analytics.com/ga.js reason=response.body: Response body is unavailable for redirect responses
2026-08-26T04:43:19.737Z resource:omit http://www.google-analytics.com/__utm.gif?utmwv=5.7.2&utms=30&utmn=1134844890&utmhn=edwards.yale.edu&utmcs=UTF-8&utmsr=1280x720&utmvp=1280x720&utmsc=24-bit&utmul=pl&utmje=0&utmfl=-&utmdt=Search%20WJE%20Online%20%7C%20The%20Jonathan%20Edwards%20Center%20at%20Yale%20University&utmhid=1096006295&utmr=-&utmp=%2Farchive%3Fpath%3DaHR0cDovL2Vkd2FyZHMueWFsZS5lZHUvY2dpLWJpbi9uZXdwaGlsby9nZXRvYmplY3QucGw%2FYy4xNzo0OjI3Ny53amVv&utmht=1787719399735&utmac=UA-1489454-4&utmcc=__utma%3D258641246.2032384476.1787719243.1787719243.1787719243.1%3B%2B__utmz%3D258641246.1787719243.1.1.utmcsr%3D(direct)%7Cutmccn%3D(direct)%7Cutmcmd%3D(none)%3B&utmjid=&utmu=qAAAAAAAAAAAAAAAAAAAAAAE~ reason=response.body: Response body is unavailable for redirect responses
2026-08-26T04:43:21.138Z scroll:stable height=4317 samples=11
2026-08-26T04:43:22.192Z complete:034.html html=58604 assets=18
2026-08-26T04:43:24.694Z resume:retry 035.html reason=manifest-incomplete
2026-08-26T04:43:24.695Z attempt:1/3 035.html
2026-08-26T04:43:24.695Z navigation:start http://edwards.yale.edu/archive?path=aHR0cDovL2Vkd2FyZHMueWFsZS5lZHUvY2dpLWJpbi9uZXdwaGlsby9nZXRvYmplY3QucGw/Yy4xNzo0OjI3OC53amVv
2026-08-26T04:43:25.221Z resource:omit http://fonts.gstatic.com/s/opensans/v44/memvYaGs126MiZpBA-UvWbX2vVnXBbObj2OVTS-mu0SC55I.woff2 reason=response.body: Response body is unavailable for redirect responses
2026-08-26T04:43:25.221Z resource:omit http://fonts.gstatic.com/s/opensans/v44/memvYaGs126MiZpBA-UvWbX2vVnXBbObj2OVTUGmu0SC55K5gw.woff2 reason=response.body: Response body is unavailable for redirect responses
2026-08-26T04:43:25.221Z resource:omit http://fonts.gstatic.com/s/playfairdisplay/v40/nuFiD-vYSZviVYUb_rj3ij__anPXDTzYgEM86xQ.woff2 reason=response.body: Response body is unavailable for redirect responses
2026-08-26T04:43:25.412Z resource:omit http://fonts.gstatic.com/s/playfairdisplay/v40/nuFkD-vYSZviVYUb_rj3ij__anPXDTnogkk7yRZrPA.woff2 reason=response.body: Response body is unavailable for redirect responses
2026-08-26T04:43:25.640Z resource:omit http://www.google-analytics.com/ga.js reason=response.body: Response body is unavailable for redirect responses
2026-08-26T04:43:25.644Z resource:omit http://www.google-analytics.com/__utm.gif?utmwv=5.7.2&utms=31&utmn=1566104837&utmhn=edwards.yale.edu&utmcs=UTF-8&utmsr=1280x720&utmvp=1280x720&utmsc=24-bit&utmul=pl&utmje=0&utmfl=-&utmdt=Search%20WJE%20Online%20%7C%20The%20Jonathan%20Edwards%20Center%20at%20Yale%20University&utmhid=131730741&utmr=-&utmp=%2Farchive%3Fpath%3DaHR0cDovL2Vkd2FyZHMueWFsZS5lZHUvY2dpLWJpbi9uZXdwaGlsby9nZXRvYmplY3QucGw%2FYy4xNzo0OjI3OC53amVv&utmht=1787719405640&utmac=UA-1489454-4&utmcc=__utma%3D258641246.2032384476.1787719243.1787719243.1787719243.1%3B%2B__utmz%3D258641246.1787719243.1.1.utmcsr%3D(direct)%7Cutmccn%3D(direct)%7Cutmcmd%3D(none)%3B&utmjid=&utmu=qAAAAAAAAAAAAAAAAAAAAAAE~ reason=response.body: Response body is unavailable for redirect responses
2026-08-26T04:43:26.165Z scroll:stable height=1176 samples=5
2026-08-26T04:43:27.443Z complete:035.html html=35035 assets=18
2026-08-26T04:43:29.945Z resume:retry 036.html reason=manifest-incomplete
2026-08-26T04:43:29.946Z attempt:1/3 036.html
2026-08-26T04:43:29.946Z navigation:start http://edwards.yale.edu/archive?path=aHR0cDovL2Vkd2FyZHMueWFsZS5lZHUvY2dpLWJpbi9uZXdwaGlsby9nZXRvYmplY3QucGw/Yy4xNzo0OjI3OS53amVv
2026-08-26T04:43:30.459Z resource:omit http://fonts.gstatic.com/s/opensans/v44/memvYaGs126MiZpBA-UvWbX2vVnXBbObj2OVTS-mu0SC55I.woff2 reason=response.body: Response body is unavailable for redirect responses
2026-08-26T04:43:30.459Z resource:omit http://fonts.gstatic.com/s/playfairdisplay/v40/nuFiD-vYSZviVYUb_rj3ij__anPXDTzYgEM86xQ.woff2 reason=response.body: Response body is unavailable for redirect responses
2026-08-26T04:43:30.459Z resource:omit http://fonts.gstatic.com/s/opensans/v44/memvYaGs126MiZpBA-UvWbX2vVnXBbObj2OVTUGmu0SC55K5gw.woff2 reason=response.body: Response body is unavailable for redirect responses
2026-08-26T04:43:30.653Z resource:omit http://fonts.gstatic.com/s/playfairdisplay/v40/nuFkD-vYSZviVYUb_rj3ij__anPXDTnogkk7yRZrPA.woff2 reason=response.body: Response body is unavailable for redirect responses
2026-08-26T04:43:31.244Z resource:omit http://www.google-analytics.com/ga.js reason=response.body: Response body is unavailable for redirect responses
2026-08-26T04:43:31.249Z resource:omit http://www.google-analytics.com/__utm.gif?utmwv=5.7.2&utms=32&utmn=536832601&utmhn=edwards.yale.edu&utmcs=UTF-8&utmsr=1280x720&utmvp=1280x720&utmsc=24-bit&utmul=pl&utmje=0&utmfl=-&utmdt=Search%20WJE%20Online%20%7C%20The%20Jonathan%20Edwards%20Center%20at%20Yale%20University&utmhid=240610798&utmr=-&utmp=%2Farchive%3Fpath%3DaHR0cDovL2Vkd2FyZHMueWFsZS5lZHUvY2dpLWJpbi9uZXdwaGlsby9nZXRvYmplY3QucGw%2FYy4xNzo0OjI3OS53amVv&utmht=1787719411247&utmac=UA-1489454-4&utmcc=__utma%3D258641246.2032384476.1787719243.1787719243.1787719243.1%3B%2B__utmz%3D258641246.1787719243.1.1.utmcsr%3D(direct)%7Cutmccn%3D(direct)%7Cutmcmd%3D(none)%3B&utmjid=&utmu=qAAAAAAAAAAAAAAAAAAAAAAE~ reason=response.body: Response body is unavailable for redirect responses
2026-08-26T04:43:33.373Z scroll:stable height=8040 samples=18
2026-08-26T04:43:34.430Z complete:036.html html=79036 assets=18
2026-08-26T04:43:36.933Z resume:retry 037.html reason=manifest-incomplete
2026-08-26T04:43:36.933Z attempt:1/3 037.html
2026-08-26T04:43:36.934Z navigation:start http://edwards.yale.edu/archive?path=aHR0cDovL2Vkd2FyZHMueWFsZS5lZHUvY2dpLWJpbi9uZXdwaGlsby9nZXRvYmplY3QucGw/Yy4xNzo0OjI4MC53amVv
2026-08-26T04:43:37.485Z resource:omit http://fonts.gstatic.com/s/opensans/v44/memvYaGs126MiZpBA-UvWbX2vVnXBbObj2OVTS-mu0SC55I.woff2 reason=response.body: Response body is unavailable for redirect responses
2026-08-26T04:43:37.485Z resource:omit http://fonts.gstatic.com/s/playfairdisplay/v40/nuFiD-vYSZviVYUb_rj3ij__anPXDTzYgEM86xQ.woff2 reason=response.body: Response body is unavailable for redirect responses
2026-08-26T04:43:37.485Z resource:omit http://fonts.gstatic.com/s/opensans/v44/memvYaGs126MiZpBA-UvWbX2vVnXBbObj2OVTUGmu0SC55K5gw.woff2 reason=response.body: Response body is unavailable for redirect responses
2026-08-26T04:43:37.718Z resource:omit http://fonts.gstatic.com/s/playfairdisplay/v40/nuFkD-vYSZviVYUb_rj3ij__anPXDTnogkk7yRZrPA.woff2 reason=response.body: Response body is unavailable for redirect responses
2026-08-26T04:43:37.870Z resource:omit http://www.google-analytics.com/ga.js reason=response.body: Response body is unavailable for redirect responses
2026-08-26T04:43:37.877Z resource:omit http://www.google-analytics.com/__utm.gif?utmwv=5.7.2&utms=33&utmn=983368030&utmhn=edwards.yale.edu&utmcs=UTF-8&utmsr=1280x720&utmvp=1280x720&utmsc=24-bit&utmul=pl&utmje=0&utmfl=-&utmdt=Search%20WJE%20Online%20%7C%20The%20Jonathan%20Edwards%20Center%20at%20Yale%20University&utmhid=193117872&utmr=-&utmp=%2Farchive%3Fpath%3DaHR0cDovL2Vkd2FyZHMueWFsZS5lZHUvY2dpLWJpbi9uZXdwaGlsby9nZXRvYmplY3QucGw%2FYy4xNzo0OjI4MC53amVv&utmht=1787719417873&utmac=UA-1489454-4&utmcc=__utma%3D258641246.2032384476.1787719243.1787719243.1787719243.1%3B%2B__utmz%3D258641246.1787719243.1.1.utmcsr%3D(direct)%7Cutmccn%3D(direct)%7Cutmcmd%3D(none)%3B&utmjid=&utmu=qAAAAAAAAAAAAAAAAAAAAAAE~ reason=response.body: Response body is unavailable for redirect responses
2026-08-26T04:43:38.516Z scroll:stable height=1543 samples=6
2026-08-26T04:43:39.772Z complete:037.html html=38135 assets=18
2026-08-26T04:43:42.273Z resume:retry 038.html reason=manifest-incomplete
2026-08-26T04:43:42.274Z attempt:1/3 038.html
2026-08-26T04:43:42.275Z navigation:start http://edwards.yale.edu/archive?path=aHR0cDovL2Vkd2FyZHMueWFsZS5lZHUvY2dpLWJpbi9uZXdwaGlsby9nZXRvYmplY3QucGw/Yy4xNzo0OjI4MS53amVv
2026-08-26T04:43:42.797Z resource:omit http://fonts.gstatic.com/s/opensans/v44/memvYaGs126MiZpBA-UvWbX2vVnXBbObj2OVTS-mu0SC55I.woff2 reason=response.body: Response body is unavailable for redirect responses
2026-08-26T04:43:42.797Z resource:omit http://fonts.gstatic.com/s/playfairdisplay/v40/nuFiD-vYSZviVYUb_rj3ij__anPXDTzYgEM86xQ.woff2 reason=response.body: Response body is unavailable for redirect responses
2026-08-26T04:43:42.797Z resource:omit http://fonts.gstatic.com/s/opensans/v44/memvYaGs126MiZpBA-UvWbX2vVnXBbObj2OVTUGmu0SC55K5gw.woff2 reason=response.body: Response body is unavailable for redirect responses
2026-08-26T04:43:42.978Z resource:omit http://fonts.gstatic.com/s/playfairdisplay/v40/nuFkD-vYSZviVYUb_rj3ij__anPXDTnogkk7yRZrPA.woff2 reason=response.body: Response body is unavailable for redirect responses
2026-08-26T04:43:43.146Z resource:omit http://www.google-analytics.com/ga.js reason=response.body: Response body is unavailable for redirect responses
2026-08-26T04:43:43.151Z resource:omit http://www.google-analytics.com/__utm.gif?utmwv=5.7.2&utms=34&utmn=1313438287&utmhn=edwards.yale.edu&utmcs=UTF-8&utmsr=1280x720&utmvp=1280x720&utmsc=24-bit&utmul=pl&utmje=0&utmfl=-&utmdt=Search%20WJE%20Online%20%7C%20The%20Jonathan%20Edwards%20Center%20at%20Yale%20University&utmhid=661718376&utmr=-&utmp=%2Farchive%3Fpath%3DaHR0cDovL2Vkd2FyZHMueWFsZS5lZHUvY2dpLWJpbi9uZXdwaGlsby9nZXRvYmplY3QucGw%2FYy4xNzo0OjI4MS53amVv&utmht=1787719423148&utmac=UA-1489454-4&utmcc=__utma%3D258641246.2032384476.1787719243.1787719243.1787719243.1%3B%2B__utmz%3D258641246.1787719243.1.1.utmcsr%3D(direct)%7Cutmccn%3D(direct)%7Cutmcmd%3D(none)%3B&utmjid=&utmu=qAAAAAAAAAAAAAAAAAAAAAAE~ reason=response.body: Response body is unavailable for redirect responses
2026-08-26T04:43:43.920Z scroll:stable height=2066 samples=7
2026-08-26T04:43:45.010Z complete:038.html html=41123 assets=18
2026-08-26T04:43:47.513Z resume:retry 039.html reason=manifest-incomplete
2026-08-26T04:43:47.514Z attempt:1/3 039.html
2026-08-26T04:43:47.514Z navigation:start http://edwards.yale.edu/archive?path=aHR0cDovL2Vkd2FyZHMueWFsZS5lZHUvY2dpLWJpbi9uZXdwaGlsby9nZXRvYmplY3QucGw/Yy4xNzo0OjI4Mi53amVv
2026-08-26T04:43:48.033Z resource:omit http://fonts.gstatic.com/s/opensans/v44/memvYaGs126MiZpBA-UvWbX2vVnXBbObj2OVTS-mu0SC55I.woff2 reason=response.body: Response body is unavailable for redirect responses
2026-08-26T04:43:48.033Z resource:omit http://fonts.gstatic.com/s/opensans/v44/memvYaGs126MiZpBA-UvWbX2vVnXBbObj2OVTUGmu0SC55K5gw.woff2 reason=response.body: Response body is unavailable for redirect responses
2026-08-26T04:43:48.033Z resource:omit http://fonts.gstatic.com/s/playfairdisplay/v40/nuFiD-vYSZviVYUb_rj3ij__anPXDTzYgEM86xQ.woff2 reason=response.body: Response body is unavailable for redirect responses
2026-08-26T04:43:48.210Z resource:omit http://fonts.gstatic.com/s/playfairdisplay/v40/nuFkD-vYSZviVYUb_rj3ij__anPXDTnogkk7yRZrPA.woff2 reason=response.body: Response body is unavailable for redirect responses
2026-08-26T04:43:48.716Z resource:omit http://www.google-analytics.com/ga.js reason=response.body: Response body is unavailable for redirect responses
2026-08-26T04:43:48.721Z resource:omit http://www.google-analytics.com/__utm.gif?utmwv=5.7.2&utms=35&utmn=1230038338&utmhn=edwards.yale.edu&utmcs=UTF-8&utmsr=1280x720&utmvp=1280x720&utmsc=24-bit&utmul=pl&utmje=0&utmfl=-&utmdt=Search%20WJE%20Online%20%7C%20The%20Jonathan%20Edwards%20Center%20at%20Yale%20University&utmhid=745396863&utmr=-&utmp=%2Farchive%3Fpath%3DaHR0cDovL2Vkd2FyZHMueWFsZS5lZHUvY2dpLWJpbi9uZXdwaGlsby9nZXRvYmplY3QucGw%2FYy4xNzo0OjI4Mi53amVv&utmht=1787719428719&utmac=UA-1489454-4&utmcc=__utma%3D258641246.2032384476.1787719243.1787719243.1787719243.1%3B%2B__utmz%3D258641246.1787719243.1.1.utmcsr%3D(direct)%7Cutmccn%3D(direct)%7Cutmcmd%3D(none)%3B&utmjid=&utmu=qAAAAAAAAAAAAAAAAAAAAAAE~ reason=response.body: Response body is unavailable for redirect responses
2026-08-26T04:43:50.866Z scroll:stable height=7893 samples=18
2026-08-26T04:43:51.922Z complete:039.html html=79579 assets=18
2026-08-26T04:43:54.424Z resume:retry 040.html reason=manifest-incomplete
2026-08-26T04:43:54.425Z attempt:1/3 040.html
2026-08-26T04:43:54.425Z navigation:start http://edwards.yale.edu/archive?path=aHR0cDovL2Vkd2FyZHMueWFsZS5lZHUvY2dpLWJpbi9uZXdwaGlsby9nZXRvYmplY3QucGw/Yy4xNzo0OjI4My53amVv
2026-08-26T04:43:55.021Z resource:omit http://fonts.gstatic.com/s/playfairdisplay/v40/nuFiD-vYSZviVYUb_rj3ij__anPXDTzYgEM86xQ.woff2 reason=response.body: Response body is unavailable for redirect responses
2026-08-26T04:43:55.021Z resource:omit http://fonts.gstatic.com/s/opensans/v44/memvYaGs126MiZpBA-UvWbX2vVnXBbObj2OVTUGmu0SC55K5gw.woff2 reason=response.body: Response body is unavailable for redirect responses
2026-08-26T04:43:55.021Z resource:omit http://fonts.gstatic.com/s/opensans/v44/memvYaGs126MiZpBA-UvWbX2vVnXBbObj2OVTS-mu0SC55I.woff2 reason=response.body: Response body is unavailable for redirect responses
2026-08-26T04:43:55.279Z resource:omit http://fonts.gstatic.com/s/playfairdisplay/v40/nuFkD-vYSZviVYUb_rj3ij__anPXDTnogkk7yRZrPA.woff2 reason=response.body: Response body is unavailable for redirect responses
2026-08-26T04:43:55.522Z resource:omit http://www.google-analytics.com/ga.js reason=response.body: Response body is unavailable for redirect responses
2026-08-26T04:43:55.528Z resource:omit http://www.google-analytics.com/__utm.gif?utmwv=5.7.2&utms=36&utmn=1587916650&utmhn=edwards.yale.edu&utmcs=UTF-8&utmsr=1280x720&utmvp=1280x720&utmsc=24-bit&utmul=pl&utmje=0&utmfl=-&utmdt=Search%20WJE%20Online%20%7C%20The%20Jonathan%20Edwards%20Center%20at%20Yale%20University&utmhid=1156714700&utmr=-&utmp=%2Farchive%3Fpath%3DaHR0cDovL2Vkd2FyZHMueWFsZS5lZHUvY2dpLWJpbi9uZXdwaGlsby9nZXRvYmplY3QucGw%2FYy4xNzo0OjI4My53amVv&utmht=1787719435525&utmac=UA-1489454-4&utmcc=__utma%3D258641246.2032384476.1787719243.1787719243.1787719243.1%3B%2B__utmz%3D258641246.1787719243.1.1.utmcsr%3D(direct)%7Cutmccn%3D(direct)%7Cutmcmd%3D(none)%3B&utmjid=&utmu=qAAAAAAAAAAAAAAAAAAAAAAE~ reason=response.body: Response body is unavailable for redirect responses
2026-08-26T04:43:56.173Z scroll:stable height=1160 samples=6
2026-08-26T04:43:57.303Z complete:040.html html=34914 assets=18
2026-08-26T04:43:59.805Z resume:retry 041.html reason=manifest-incomplete
2026-08-26T04:43:59.806Z attempt:1/3 041.html
2026-08-26T04:43:59.806Z navigation:start http://edwards.yale.edu/archive?path=aHR0cDovL2Vkd2FyZHMueWFsZS5lZHUvY2dpLWJpbi9uZXdwaGlsby9nZXRvYmplY3QucGw/Yy4xNzo0OjI4NC53amVv
2026-08-26T04:44:00.573Z resource:omit http://fonts.gstatic.com/s/opensans/v44/memvYaGs126MiZpBA-UvWbX2vVnXBbObj2OVTS-mu0SC55I.woff2 reason=response.body: Response body is unavailable for redirect responses
2026-08-26T04:44:00.573Z resource:omit http://fonts.gstatic.com/s/opensans/v44/memvYaGs126MiZpBA-UvWbX2vVnXBbObj2OVTUGmu0SC55K5gw.woff2 reason=response.body: Response body is unavailable for redirect responses
2026-08-26T04:44:00.573Z resource:omit http://fonts.gstatic.com/s/playfairdisplay/v40/nuFiD-vYSZviVYUb_rj3ij__anPXDTzYgEM86xQ.woff2 reason=response.body: Response body is unavailable for redirect responses
2026-08-26T04:44:01.079Z resource:omit http://fonts.gstatic.com/s/playfairdisplay/v40/nuFkD-vYSZviVYUb_rj3ij__anPXDTnogkk7yRZrPA.woff2 reason=response.body: Response body is unavailable for redirect responses
2026-08-26T04:44:01.612Z resource:omit http://www.google-analytics.com/ga.js reason=response.body: Response body is unavailable for redirect responses
2026-08-26T04:44:01.616Z resource:omit http://www.google-analytics.com/__utm.gif?utmwv=5.7.2&utms=37&utmn=1282509698&utmhn=edwards.yale.edu&utmcs=UTF-8&utmsr=1280x720&utmvp=1280x720&utmsc=24-bit&utmul=pl&utmje=0&utmfl=-&utmdt=Search%20WJE%20Online%20%7C%20The%20Jonathan%20Edwards%20Center%20at%20Yale%20University&utmhid=1604825497&utmr=-&utmp=%2Farchive%3Fpath%3DaHR0cDovL2Vkd2FyZHMueWFsZS5lZHUvY2dpLWJpbi9uZXdwaGlsby9nZXRvYmplY3QucGw%2FYy4xNzo0OjI4NC53amVv&utmht=1787719441614&utmac=UA-1489454-4&utmcc=__utma%3D258641246.2032384476.1787719243.1787719243.1787719243.1%3B%2B__utmz%3D258641246.1787719243.1.1.utmcsr%3D(direct)%7Cutmccn%3D(direct)%7Cutmcmd%3D(none)%3B&utmjid=&utmu=qAAAAAAAAAAAAAAAAAAAAAAE~ reason=response.body: Response body is unavailable for redirect responses
2026-08-26T04:44:02.264Z scroll:stable height=1196 samples=6
2026-08-26T04:44:04.697Z complete:041.html html=34934 assets=18
2026-08-26T04:44:07.200Z resume:retry 042.html reason=manifest-incomplete
2026-08-26T04:44:07.200Z attempt:1/3 042.html
2026-08-26T04:44:07.201Z navigation:start http://edwards.yale.edu/archive?path=aHR0cDovL2Vkd2FyZHMueWFsZS5lZHUvY2dpLWJpbi9uZXdwaGlsby9nZXRvYmplY3QucGw/Yy4xNzo0OjI4NS53amVv
2026-08-26T04:44:07.739Z resource:omit http://fonts.gstatic.com/s/opensans/v44/memvYaGs126MiZpBA-UvWbX2vVnXBbObj2OVTS-mu0SC55I.woff2 reason=response.body: Response body is unavailable for redirect responses
2026-08-26T04:44:07.739Z resource:omit http://fonts.gstatic.com/s/playfairdisplay/v40/nuFiD-vYSZviVYUb_rj3ij__anPXDTzYgEM86xQ.woff2 reason=response.body: Response body is unavailable for redirect responses
2026-08-26T04:44:07.739Z resource:omit http://fonts.gstatic.com/s/opensans/v44/memvYaGs126MiZpBA-UvWbX2vVnXBbObj2OVTUGmu0SC55K5gw.woff2 reason=response.body: Response body is unavailable for redirect responses
2026-08-26T04:44:07.928Z resource:omit http://fonts.gstatic.com/s/playfairdisplay/v40/nuFkD-vYSZviVYUb_rj3ij__anPXDTnogkk7yRZrPA.woff2 reason=response.body: Response body is unavailable for redirect responses
2026-08-26T04:44:08.374Z resource:omit http://www.google-analytics.com/ga.js reason=response.body: Response body is unavailable for redirect responses
2026-08-26T04:44:08.379Z resource:omit http://www.google-analytics.com/__utm.gif?utmwv=5.7.2&utms=38&utmn=1033143088&utmhn=edwards.yale.edu&utmcs=UTF-8&utmsr=1280x720&utmvp=1280x720&utmsc=24-bit&utmul=pl&utmje=0&utmfl=-&utmdt=Search%20WJE%20Online%20%7C%20The%20Jonathan%20Edwards%20Center%20at%20Yale%20University&utmhid=2134438745&utmr=-&utmp=%2Farchive%3Fpath%3DaHR0cDovL2Vkd2FyZHMueWFsZS5lZHUvY2dpLWJpbi9uZXdwaGlsby9nZXRvYmplY3QucGw%2FYy4xNzo0OjI4NS53amVv&utmht=1787719448376&utmac=UA-1489454-4&utmcc=__utma%3D258641246.2032384476.1787719243.1787719243.1787719243.1%3B%2B__utmz%3D258641246.1787719243.1.1.utmcsr%3D(direct)%7Cutmccn%3D(direct)%7Cutmcmd%3D(none)%3B&utmjid=&utmu=qAAAAAAAAAAAAAAAAAAAAAAE~ reason=response.body: Response body is unavailable for redirect responses
2026-08-26T04:44:09.520Z scroll:stable height=3703 samples=10
2026-08-26T04:44:10.572Z complete:042.html html=55857 assets=18
2026-08-26T04:44:13.074Z resume:retry 043.html reason=manifest-incomplete
2026-08-26T04:44:13.075Z attempt:1/3 043.html
2026-08-26T04:44:13.075Z navigation:start http://edwards.yale.edu/archive?path=aHR0cDovL2Vkd2FyZHMueWFsZS5lZHUvY2dpLWJpbi9uZXdwaGlsby9nZXRvYmplY3QucGw/Yy4xNzo0OjI4Ni53amVv
2026-08-26T04:44:13.675Z resource:omit http://fonts.gstatic.com/s/playfairdisplay/v40/nuFiD-vYSZviVYUb_rj3ij__anPXDTzYgEM86xQ.woff2 reason=response.body: Response body is unavailable for redirect responses
2026-08-26T04:44:13.675Z resource:omit http://fonts.gstatic.com/s/opensans/v44/memvYaGs126MiZpBA-UvWbX2vVnXBbObj2OVTS-mu0SC55I.woff2 reason=response.body: Response body is unavailable for redirect responses
2026-08-26T04:44:13.675Z resource:omit http://fonts.gstatic.com/s/opensans/v44/memvYaGs126MiZpBA-UvWbX2vVnXBbObj2OVTUGmu0SC55K5gw.woff2 reason=response.body: Response body is unavailable for redirect responses
2026-08-26T04:44:13.894Z resource:omit http://fonts.gstatic.com/s/playfairdisplay/v40/nuFkD-vYSZviVYUb_rj3ij__anPXDTnogkk7yRZrPA.woff2 reason=response.body: Response body is unavailable for redirect responses
2026-08-26T04:44:14.049Z resource:omit http://www.google-analytics.com/ga.js reason=response.body: Response body is unavailable for redirect responses
2026-08-26T04:44:14.053Z resource:omit http://www.google-analytics.com/__utm.gif?utmwv=5.7.2&utms=39&utmn=1027062828&utmhn=edwards.yale.edu&utmcs=UTF-8&utmsr=1280x720&utmvp=1280x720&utmsc=24-bit&utmul=pl&utmje=0&utmfl=-&utmdt=Search%20WJE%20Online%20%7C%20The%20Jonathan%20Edwards%20Center%20at%20Yale%20University&utmhid=970549967&utmr=-&utmp=%2Farchive%3Fpath%3DaHR0cDovL2Vkd2FyZHMueWFsZS5lZHUvY2dpLWJpbi9uZXdwaGlsby9nZXRvYmplY3QucGw%2FYy4xNzo0OjI4Ni53amVv&utmht=1787719454051&utmac=UA-1489454-4&utmcc=__utma%3D258641246.2032384476.1787719243.1787719243.1787719243.1%3B%2B__utmz%3D258641246.1787719243.1.1.utmcsr%3D(direct)%7Cutmccn%3D(direct)%7Cutmcmd%3D(none)%3B&utmjid=&utmu=qAAAAAAAAAAAAAAAAAAAAAAE~ reason=response.body: Response body is unavailable for redirect responses
2026-08-26T04:44:14.699Z scroll:stable height=1220 samples=6
2026-08-26T04:44:15.945Z complete:043.html html=35777 assets=18
2026-08-26T04:44:18.447Z resume:retry 044.html reason=manifest-incomplete
2026-08-26T04:44:18.447Z attempt:1/3 044.html
2026-08-26T04:44:18.448Z navigation:start http://edwards.yale.edu/archive?path=aHR0cDovL2Vkd2FyZHMueWFsZS5lZHUvY2dpLWJpbi9uZXdwaGlsby9nZXRvYmplY3QucGw/Yy4xNzo0OjI4Ny53amVv
2026-08-26T04:44:18.976Z resource:omit http://fonts.gstatic.com/s/opensans/v44/memvYaGs126MiZpBA-UvWbX2vVnXBbObj2OVTS-mu0SC55I.woff2 reason=response.body: Response body is unavailable for redirect responses
2026-08-26T04:44:18.976Z resource:omit http://fonts.gstatic.com/s/opensans/v44/memvYaGs126MiZpBA-UvWbX2vVnXBbObj2OVTUGmu0SC55K5gw.woff2 reason=response.body: Response body is unavailable for redirect responses
2026-08-26T04:44:18.976Z resource:omit http://fonts.gstatic.com/s/playfairdisplay/v40/nuFiD-vYSZviVYUb_rj3ij__anPXDTzYgEM86xQ.woff2 reason=response.body: Response body is unavailable for redirect responses
2026-08-26T04:44:19.320Z resource:omit http://fonts.gstatic.com/s/playfairdisplay/v40/nuFkD-vYSZviVYUb_rj3ij__anPXDTnogkk7yRZrPA.woff2 reason=response.body: Response body is unavailable for redirect responses
2026-08-26T04:44:19.321Z resource:omit http://www.google-analytics.com/ga.js reason=response.body: Response body is unavailable for redirect responses
2026-08-26T04:44:19.327Z resource:omit http://www.google-analytics.com/__utm.gif?utmwv=5.7.2&utms=40&utmn=1509749063&utmhn=edwards.yale.edu&utmcs=UTF-8&utmsr=1280x720&utmvp=1280x720&utmsc=24-bit&utmul=pl&utmje=0&utmfl=-&utmdt=Search%20WJE%20Online%20%7C%20The%20Jonathan%20Edwards%20Center%20at%20Yale%20University&utmhid=1764302432&utmr=-&utmp=%2Farchive%3Fpath%3DaHR0cDovL2Vkd2FyZHMueWFsZS5lZHUvY2dpLWJpbi9uZXdwaGlsby9nZXRvYmplY3QucGw%2FYy4xNzo0OjI4Ny53amVv&utmht=1787719459324&utmac=UA-1489454-4&utmcc=__utma%3D258641246.2032384476.1787719243.1787719243.1787719243.1%3B%2B__utmz%3D258641246.1787719243.1.1.utmcsr%3D(direct)%7Cutmccn%3D(direct)%7Cutmcmd%3D(none)%3B&utmjid=&utmu=qAAAAAAAAAAAAAAAAAAAAAAE~ reason=response.body: Response body is unavailable for redirect responses
2026-08-26T04:44:19.972Z scroll:stable height=1339 samples=6
2026-08-26T04:44:21.177Z complete:044.html html=35991 assets=18
2026-08-26T04:44:23.677Z resume:retry 045.html reason=manifest-incomplete
2026-08-26T04:44:23.678Z attempt:1/3 045.html
2026-08-26T04:44:23.678Z navigation:start http://edwards.yale.edu/archive?path=aHR0cDovL2Vkd2FyZHMueWFsZS5lZHUvY2dpLWJpbi9uZXdwaGlsby9nZXRvYmplY3QucGw/Yy4xNzo0OjI4OC53amVv
2026-08-26T04:44:24.201Z resource:omit http://fonts.gstatic.com/s/opensans/v44/memvYaGs126MiZpBA-UvWbX2vVnXBbObj2OVTS-mu0SC55I.woff2 reason=response.body: Response body is unavailable for redirect responses
2026-08-26T04:44:24.201Z resource:omit http://fonts.gstatic.com/s/opensans/v44/memvYaGs126MiZpBA-UvWbX2vVnXBbObj2OVTUGmu0SC55K5gw.woff2 reason=response.body: Response body is unavailable for redirect responses
2026-08-26T04:44:24.201Z resource:omit http://fonts.gstatic.com/s/playfairdisplay/v40/nuFiD-vYSZviVYUb_rj3ij__anPXDTzYgEM86xQ.woff2 reason=response.body: Response body is unavailable for redirect responses
2026-08-26T04:44:24.384Z resource:omit http://fonts.gstatic.com/s/playfairdisplay/v40/nuFkD-vYSZviVYUb_rj3ij__anPXDTnogkk7yRZrPA.woff2 reason=response.body: Response body is unavailable for redirect responses
2026-08-26T04:44:24.550Z resource:omit http://www.google-analytics.com/ga.js reason=response.body: Response body is unavailable for redirect responses
2026-08-26T04:44:24.555Z resource:omit http://www.google-analytics.com/__utm.gif?utmwv=5.7.2&utms=41&utmn=40968151&utmhn=edwards.yale.edu&utmcs=UTF-8&utmsr=1280x720&utmvp=1280x720&utmsc=24-bit&utmul=pl&utmje=0&utmfl=-&utmdt=Search%20WJE%20Online%20%7C%20The%20Jonathan%20Edwards%20Center%20at%20Yale%20University&utmhid=572631654&utmr=-&utmp=%2Farchive%3Fpath%3DaHR0cDovL2Vkd2FyZHMueWFsZS5lZHUvY2dpLWJpbi9uZXdwaGlsby9nZXRvYmplY3QucGw%2FYy4xNzo0OjI4OC53amVv&utmht=1787719464552&utmac=UA-1489454-4&utmcc=__utma%3D258641246.2032384476.1787719243.1787719243.1787719243.1%3B%2B__utmz%3D258641246.1787719243.1.1.utmcsr%3D(direct)%7Cutmccn%3D(direct)%7Cutmcmd%3D(none)%3B&utmjid=&utmu=qAAAAAAAAAAAAAAAAAAAAAAE~ reason=response.body: Response body is unavailable for redirect responses
2026-08-26T04:44:25.195Z scroll:stable height=1260 samples=6
2026-08-26T04:44:26.431Z complete:045.html html=35892 assets=18
2026-08-26T04:44:28.932Z resume:retry 046.html reason=manifest-incomplete
2026-08-26T04:44:28.933Z attempt:1/3 046.html
2026-08-26T04:44:28.933Z navigation:start http://edwards.yale.edu/archive?path=aHR0cDovL2Vkd2FyZHMueWFsZS5lZHUvY2dpLWJpbi9uZXdwaGlsby9nZXRvYmplY3QucGw/Yy4xNzo0OjI4OS53amVv
2026-08-26T04:44:29.443Z resource:omit http://fonts.gstatic.com/s/opensans/v44/memvYaGs126MiZpBA-UvWbX2vVnXBbObj2OVTS-mu0SC55I.woff2 reason=response.body: Response body is unavailable for redirect responses
2026-08-26T04:44:29.443Z resource:omit http://fonts.gstatic.com/s/opensans/v44/memvYaGs126MiZpBA-UvWbX2vVnXBbObj2OVTUGmu0SC55K5gw.woff2 reason=response.body: Response body is unavailable for redirect responses
2026-08-26T04:44:29.443Z resource:omit http://fonts.gstatic.com/s/playfairdisplay/v40/nuFiD-vYSZviVYUb_rj3ij__anPXDTzYgEM86xQ.woff2 reason=response.body: Response body is unavailable for redirect responses
2026-08-26T04:44:29.634Z resource:omit http://fonts.gstatic.com/s/playfairdisplay/v40/nuFkD-vYSZviVYUb_rj3ij__anPXDTnogkk7yRZrPA.woff2 reason=response.body: Response body is unavailable for redirect responses
2026-08-26T04:44:29.782Z resource:omit http://www.google-analytics.com/ga.js reason=response.body: Response body is unavailable for redirect responses
2026-08-26T04:44:29.788Z resource:omit http://www.google-analytics.com/__utm.gif?utmwv=5.7.2&utms=42&utmn=2030321143&utmhn=edwards.yale.edu&utmcs=UTF-8&utmsr=1280x720&utmvp=1280x720&utmsc=24-bit&utmul=pl&utmje=0&utmfl=-&utmdt=Search%20WJE%20Online%20%7C%20The%20Jonathan%20Edwards%20Center%20at%20Yale%20University&utmhid=1426205205&utmr=-&utmp=%2Farchive%3Fpath%3DaHR0cDovL2Vkd2FyZHMueWFsZS5lZHUvY2dpLWJpbi9uZXdwaGlsby9nZXRvYmplY3QucGw%2FYy4xNzo0OjI4OS53amVv&utmht=1787719469784&utmac=UA-1489454-4&utmcc=__utma%3D258641246.2032384476.1787719243.1787719243.1787719243.1%3B%2B__utmz%3D258641246.1787719243.1.1.utmcsr%3D(direct)%7Cutmccn%3D(direct)%7Cutmcmd%3D(none)%3B&utmjid=&utmu=qAAAAAAAAAAAAAAAAAAAAAAE~ reason=response.body: Response body is unavailable for redirect responses
2026-08-26T04:44:30.433Z scroll:stable height=1579 samples=6
2026-08-26T04:44:31.669Z complete:046.html html=38066 assets=18
2026-08-26T04:44:34.172Z resume:retry 047.html reason=manifest-incomplete
2026-08-26T04:44:34.173Z attempt:1/3 047.html
2026-08-26T04:44:34.173Z navigation:start http://edwards.yale.edu/archive?path=aHR0cDovL2Vkd2FyZHMueWFsZS5lZHUvY2dpLWJpbi9uZXdwaGlsby9nZXRvYmplY3QucGw/Yy4xNzo0OjI5MC53amVv
2026-08-26T04:44:34.699Z resource:omit http://fonts.gstatic.com/s/opensans/v44/memvYaGs126MiZpBA-UvWbX2vVnXBbObj2OVTS-mu0SC55I.woff2 reason=response.body: Response body is unavailable for redirect responses
2026-08-26T04:44:34.699Z resource:omit http://fonts.gstatic.com/s/opensans/v44/memvYaGs126MiZpBA-UvWbX2vVnXBbObj2OVTUGmu0SC55K5gw.woff2 reason=response.body: Response body is unavailable for redirect responses
2026-08-26T04:44:34.699Z resource:omit http://fonts.gstatic.com/s/playfairdisplay/v40/nuFiD-vYSZviVYUb_rj3ij__anPXDTzYgEM86xQ.woff2 reason=response.body: Response body is unavailable for redirect responses
2026-08-26T04:44:34.886Z resource:omit http://fonts.gstatic.com/s/playfairdisplay/v40/nuFkD-vYSZviVYUb_rj3ij__anPXDTnogkk7yRZrPA.woff2 reason=response.body: Response body is unavailable for redirect responses
2026-08-26T04:44:35.407Z resource:omit http://www.google-analytics.com/ga.js reason=response.body: Response body is unavailable for redirect responses
2026-08-26T04:44:35.412Z resource:omit http://www.google-analytics.com/__utm.gif?utmwv=5.7.2&utms=43&utmn=728631350&utmhn=edwards.yale.edu&utmcs=UTF-8&utmsr=1280x720&utmvp=1280x720&utmsc=24-bit&utmul=pl&utmje=0&utmfl=-&utmdt=Search%20WJE%20Online%20%7C%20The%20Jonathan%20Edwards%20Center%20at%20Yale%20University&utmhid=159609984&utmr=-&utmp=%2Farchive%3Fpath%3DaHR0cDovL2Vkd2FyZHMueWFsZS5lZHUvY2dpLWJpbi9uZXdwaGlsby9nZXRvYmplY3QucGw%2FYy4xNzo0OjI5MC53amVv&utmht=1787719475410&utmac=UA-1489454-4&utmcc=__utma%3D258641246.2032384476.1787719243.1787719243.1787719243.1%3B%2B__utmz%3D258641246.1787719243.1.1.utmcsr%3D(direct)%7Cutmccn%3D(direct)%7Cutmcmd%3D(none)%3B&utmjid=&utmu=qAAAAAAAAAAAAAAAAAAAAAAE~ reason=response.body: Response body is unavailable for redirect responses
2026-08-26T04:44:40.574Z scroll:stable height=8541 samples=19
2026-08-26T04:44:41.687Z complete:047.html html=82561 assets=19
2026-08-26T04:44:44.190Z resume:retry 048.html reason=manifest-incomplete
2026-08-26T04:44:44.191Z attempt:1/3 048.html
2026-08-26T04:44:44.192Z navigation:start http://edwards.yale.edu/archive?path=aHR0cDovL2Vkd2FyZHMueWFsZS5lZHUvY2dpLWJpbi9uZXdwaGlsby9nZXRvYmplY3QucGw/Yy4xNzo0OjI5MS53amVv
2026-08-26T04:44:45.148Z resource:omit http://fonts.gstatic.com/s/opensans/v44/memvYaGs126MiZpBA-UvWbX2vVnXBbObj2OVTS-mu0SC55I.woff2 reason=response.body: Response body is unavailable for redirect responses
2026-08-26T04:44:45.148Z resource:omit http://fonts.gstatic.com/s/playfairdisplay/v40/nuFiD-vYSZviVYUb_rj3ij__anPXDTzYgEM86xQ.woff2 reason=response.body: Response body is unavailable for redirect responses
2026-08-26T04:44:45.148Z resource:omit http://fonts.gstatic.com/s/opensans/v44/memvYaGs126MiZpBA-UvWbX2vVnXBbObj2OVTUGmu0SC55K5gw.woff2 reason=response.body: Response body is unavailable for redirect responses
2026-08-26T04:44:45.846Z resource:omit http://fonts.gstatic.com/s/playfairdisplay/v40/nuFkD-vYSZviVYUb_rj3ij__anPXDTnogkk7yRZrPA.woff2 reason=response.body: Response body is unavailable for redirect responses
2026-08-26T04:44:46.901Z resource:omit http://www.google-analytics.com/ga.js reason=response.body: Response body is unavailable for redirect responses
2026-08-26T04:44:46.907Z resource:omit http://www.google-analytics.com/__utm.gif?utmwv=5.7.2&utms=44&utmn=645062396&utmhn=edwards.yale.edu&utmcs=UTF-8&utmsr=1280x720&utmvp=1280x720&utmsc=24-bit&utmul=pl&utmje=0&utmfl=-&utmdt=Search%20WJE%20Online%20%7C%20The%20Jonathan%20Edwards%20Center%20at%20Yale%20University&utmhid=1845610737&utmr=-&utmp=%2Farchive%3Fpath%3DaHR0cDovL2Vkd2FyZHMueWFsZS5lZHUvY2dpLWJpbi9uZXdwaGlsby9nZXRvYmplY3QucGw%2FYy4xNzo0OjI5MS53amVv&utmht=1787719486905&utmac=UA-1489454-4&utmcc=__utma%3D258641246.2032384476.1787719243.1787719243.1787719243.1%3B%2B__utmz%3D258641246.1787719243.1.1.utmcsr%3D(direct)%7Cutmccn%3D(direct)%7Cutmcmd%3D(none)%3B&utmjid=&utmu=qAAAAAAAAAAAAAAAAAAAAAAE~ reason=response.body: Response body is unavailable for redirect responses
2026-08-26T04:44:48.174Z scroll:stable height=4187 samples=11
2026-08-26T04:44:49.219Z complete:048.html html=57023 assets=18
2026-08-26T04:44:51.719Z resume:retry 049.html reason=manifest-incomplete
2026-08-26T04:44:51.719Z attempt:1/3 049.html
2026-08-26T04:44:51.720Z navigation:start http://edwards.yale.edu/archive?path=aHR0cDovL2Vkd2FyZHMueWFsZS5lZHUvY2dpLWJpbi9uZXdwaGlsby9nZXRvYmplY3QucGw/Yy4xNzo0OjI5Mi53amVv
2026-08-26T04:44:52.231Z resource:omit http://fonts.gstatic.com/s/playfairdisplay/v40/nuFiD-vYSZviVYUb_rj3ij__anPXDTzYgEM86xQ.woff2 reason=response.body: Response body is unavailable for redirect responses
2026-08-26T04:44:52.231Z resource:omit http://fonts.gstatic.com/s/opensans/v44/memvYaGs126MiZpBA-UvWbX2vVnXBbObj2OVTS-mu0SC55I.woff2 reason=response.body: Response body is unavailable for redirect responses
2026-08-26T04:44:52.232Z resource:omit http://fonts.gstatic.com/s/opensans/v44/memvYaGs126MiZpBA-UvWbX2vVnXBbObj2OVTUGmu0SC55K5gw.woff2 reason=response.body: Response body is unavailable for redirect responses
2026-08-26T04:44:52.419Z resource:omit http://fonts.gstatic.com/s/playfairdisplay/v40/nuFkD-vYSZviVYUb_rj3ij__anPXDTnogkk7yRZrPA.woff2 reason=response.body: Response body is unavailable for redirect responses
2026-08-26T04:44:52.669Z resource:omit http://www.google-analytics.com/ga.js reason=response.body: Response body is unavailable for redirect responses
2026-08-26T04:44:52.673Z resource:omit http://www.google-analytics.com/__utm.gif?utmwv=5.7.2&utms=45&utmn=793824184&utmhn=edwards.yale.edu&utmcs=UTF-8&utmsr=1280x720&utmvp=1280x720&utmsc=24-bit&utmul=pl&utmje=0&utmfl=-&utmdt=Search%20WJE%20Online%20%7C%20The%20Jonathan%20Edwards%20Center%20at%20Yale%20University&utmhid=1420457664&utmr=-&utmp=%2Farchive%3Fpath%3DaHR0cDovL2Vkd2FyZHMueWFsZS5lZHUvY2dpLWJpbi9uZXdwaGlsby9nZXRvYmplY3QucGw%2FYy4xNzo0OjI5Mi53amVv&utmht=1787719492671&utmac=UA-1489454-4&utmcc=__utma%3D258641246.2032384476.1787719243.1787719243.1787719243.1%3B%2B__utmz%3D258641246.1787719243.1.1.utmcsr%3D(direct)%7Cutmccn%3D(direct)%7Cutmcmd%3D(none)%3B&utmjid=&utmu=qAAAAAAAAAAAAAAAAAAAAAAE~ reason=response.body: Response body is unavailable for redirect responses
2026-08-26T04:44:53.195Z scroll:stable height=1156 samples=5
2026-08-26T04:44:54.451Z complete:049.html html=34675 assets=18
2026-08-26T04:44:56.953Z resume:retry 050.html reason=manifest-incomplete
2026-08-26T04:44:56.954Z attempt:1/3 050.html
2026-08-26T04:44:56.954Z navigation:start http://edwards.yale.edu/archive?path=aHR0cDovL2Vkd2FyZHMueWFsZS5lZHUvY2dpLWJpbi9uZXdwaGlsby9nZXRvYmplY3QucGw/Yy4xNzo0OjI5My53amVv
2026-08-26T04:44:57.478Z resource:omit http://fonts.gstatic.com/s/opensans/v44/memvYaGs126MiZpBA-UvWbX2vVnXBbObj2OVTUGmu0SC55K5gw.woff2 reason=response.body: Response body is unavailable for redirect responses
2026-08-26T04:44:57.478Z resource:omit http://fonts.gstatic.com/s/opensans/v44/memvYaGs126MiZpBA-UvWbX2vVnXBbObj2OVTS-mu0SC55I.woff2 reason=response.body: Response body is unavailable for redirect responses
2026-08-26T04:44:57.479Z resource:omit http://fonts.gstatic.com/s/playfairdisplay/v40/nuFiD-vYSZviVYUb_rj3ij__anPXDTzYgEM86xQ.woff2 reason=response.body: Response body is unavailable for redirect responses
2026-08-26T04:44:57.668Z resource:omit http://fonts.gstatic.com/s/playfairdisplay/v40/nuFkD-vYSZviVYUb_rj3ij__anPXDTnogkk7yRZrPA.woff2 reason=response.body: Response body is unavailable for redirect responses
2026-08-26T04:44:57.910Z resource:omit http://www.google-analytics.com/ga.js reason=response.body: Response body is unavailable for redirect responses
2026-08-26T04:44:57.915Z resource:omit http://www.google-analytics.com/__utm.gif?utmwv=5.7.2&utms=46&utmn=490244215&utmhn=edwards.yale.edu&utmcs=UTF-8&utmsr=1280x720&utmvp=1280x720&utmsc=24-bit&utmul=pl&utmje=0&utmfl=-&utmdt=Search%20WJE%20Online%20%7C%20The%20Jonathan%20Edwards%20Center%20at%20Yale%20University&utmhid=1002494568&utmr=-&utmp=%2Farchive%3Fpath%3DaHR0cDovL2Vkd2FyZHMueWFsZS5lZHUvY2dpLWJpbi9uZXdwaGlsby9nZXRvYmplY3QucGw%2FYy4xNzo0OjI5My53amVv&utmht=1787719497912&utmac=UA-1489454-4&utmcc=__utma%3D258641246.2032384476.1787719243.1787719243.1787719243.1%3B%2B__utmz%3D258641246.1787719243.1.1.utmcsr%3D(direct)%7Cutmccn%3D(direct)%7Cutmcmd%3D(none)%3B&utmjid=&utmu=qAAAAAAAAAAAAAAAAAAAAAAE~ reason=response.body: Response body is unavailable for redirect responses
2026-08-26T04:44:58.557Z scroll:stable height=1291 samples=6
2026-08-26T04:44:59.714Z complete:050.html html=35648 assets=18
2026-08-26T04:45:02.217Z resume:retry 051.html reason=manifest-incomplete
2026-08-26T04:45:02.218Z attempt:1/3 051.html
2026-08-26T04:45:02.218Z navigation:start http://edwards.yale.edu/archive?path=aHR0cDovL2Vkd2FyZHMueWFsZS5lZHUvY2dpLWJpbi9uZXdwaGlsby9nZXRvYmplY3QucGw/Yy4xNzo0OjI5NC53amVv
2026-08-26T04:45:02.775Z resource:omit http://fonts.gstatic.com/s/opensans/v44/memvYaGs126MiZpBA-UvWbX2vVnXBbObj2OVTUGmu0SC55K5gw.woff2 reason=response.body: Response body is unavailable for redirect responses
2026-08-26T04:45:02.775Z resource:omit http://fonts.gstatic.com/s/playfairdisplay/v40/nuFiD-vYSZviVYUb_rj3ij__anPXDTzYgEM86xQ.woff2 reason=response.body: Response body is unavailable for redirect responses
2026-08-26T04:45:02.774Z resource:omit http://fonts.gstatic.com/s/opensans/v44/memvYaGs126MiZpBA-UvWbX2vVnXBbObj2OVTS-mu0SC55I.woff2 reason=response.body: Response body is unavailable for redirect responses
2026-08-26T04:45:02.960Z resource:omit http://fonts.gstatic.com/s/playfairdisplay/v40/nuFkD-vYSZviVYUb_rj3ij__anPXDTnogkk7yRZrPA.woff2 reason=response.body: Response body is unavailable for redirect responses
2026-08-26T04:45:03.155Z resource:omit http://www.google-analytics.com/ga.js reason=response.body: Response body is unavailable for redirect responses
2026-08-26T04:45:03.159Z resource:omit http://www.google-analytics.com/__utm.gif?utmwv=5.7.2&utms=47&utmn=1801234120&utmhn=edwards.yale.edu&utmcs=UTF-8&utmsr=1280x720&utmvp=1280x720&utmsc=24-bit&utmul=pl&utmje=0&utmfl=-&utmdt=Search%20WJE%20Online%20%7C%20The%20Jonathan%20Edwards%20Center%20at%20Yale%20University&utmhid=1130449179&utmr=-&utmp=%2Farchive%3Fpath%3DaHR0cDovL2Vkd2FyZHMueWFsZS5lZHUvY2dpLWJpbi9uZXdwaGlsby9nZXRvYmplY3QucGw%2FYy4xNzo0OjI5NC53amVv&utmht=1787719503157&utmac=UA-1489454-4&utmcc=__utma%3D258641246.2032384476.1787719243.1787719243.1787719243.1%3B%2B__utmz%3D258641246.1787719243.1.1.utmcsr%3D(direct)%7Cutmccn%3D(direct)%7Cutmcmd%3D(none)%3B&utmjid=&utmu=qAAAAAAAAAAAAAAAAAAAAAAE~ reason=response.body: Response body is unavailable for redirect responses
2026-08-26T04:45:03.803Z scroll:stable height=1411 samples=6
2026-08-26T04:45:04.986Z complete:051.html html=36716 assets=18
2026-08-26T04:45:07.487Z resume:retry 052.html reason=manifest-incomplete
2026-08-26T04:45:07.488Z attempt:1/3 052.html
2026-08-26T04:45:07.489Z navigation:start http://edwards.yale.edu/archive?path=aHR0cDovL2Vkd2FyZHMueWFsZS5lZHUvY2dpLWJpbi9uZXdwaGlsby9nZXRvYmplY3QucGw/Yy4xNzo0OjI5NS53amVv
2026-08-26T04:45:08.001Z resource:omit http://fonts.gstatic.com/s/opensans/v44/memvYaGs126MiZpBA-UvWbX2vVnXBbObj2OVTS-mu0SC55I.woff2 reason=response.body: Response body is unavailable for redirect responses
2026-08-26T04:45:08.001Z resource:omit http://fonts.gstatic.com/s/opensans/v44/memvYaGs126MiZpBA-UvWbX2vVnXBbObj2OVTUGmu0SC55K5gw.woff2 reason=response.body: Response body is unavailable for redirect responses
2026-08-26T04:45:08.001Z resource:omit http://fonts.gstatic.com/s/playfairdisplay/v40/nuFiD-vYSZviVYUb_rj3ij__anPXDTzYgEM86xQ.woff2 reason=response.body: Response body is unavailable for redirect responses
2026-08-26T04:45:08.180Z resource:omit http://fonts.gstatic.com/s/playfairdisplay/v40/nuFkD-vYSZviVYUb_rj3ij__anPXDTnogkk7yRZrPA.woff2 reason=response.body: Response body is unavailable for redirect responses
2026-08-26T04:45:08.394Z resource:omit http://www.google-analytics.com/ga.js reason=response.body: Response body is unavailable for redirect responses
2026-08-26T04:45:08.399Z resource:omit http://www.google-analytics.com/__utm.gif?utmwv=5.7.2&utms=48&utmn=2053591210&utmhn=edwards.yale.edu&utmcs=UTF-8&utmsr=1280x720&utmvp=1280x720&utmsc=24-bit&utmul=pl&utmje=0&utmfl=-&utmdt=Search%20WJE%20Online%20%7C%20The%20Jonathan%20Edwards%20Center%20at%20Yale%20University&utmhid=1929704686&utmr=-&utmp=%2Farchive%3Fpath%3DaHR0cDovL2Vkd2FyZHMueWFsZS5lZHUvY2dpLWJpbi9uZXdwaGlsby9nZXRvYmplY3QucGw%2FYy4xNzo0OjI5NS53amVv&utmht=1787719508397&utmac=UA-1489454-4&utmcc=__utma%3D258641246.2032384476.1787719243.1787719243.1787719243.1%3B%2B__utmz%3D258641246.1787719243.1.1.utmcsr%3D(direct)%7Cutmccn%3D(direct)%7Cutmcmd%3D(none)%3B&utmjid=&utmu=qAAAAAAAAAAAAAAAAAAAAAAE~ reason=response.body: Response body is unavailable for redirect responses
2026-08-26T04:45:09.049Z scroll:stable height=1519 samples=6
2026-08-26T04:45:10.208Z complete:052.html html=38028 assets=18
2026-08-26T04:45:12.709Z resume:retry 053.html reason=manifest-incomplete
2026-08-26T04:45:12.710Z attempt:1/3 053.html
2026-08-26T04:45:12.710Z navigation:start http://edwards.yale.edu/archive?path=aHR0cDovL2Vkd2FyZHMueWFsZS5lZHUvY2dpLWJpbi9uZXdwaGlsby9nZXRvYmplY3QucGw/Yy4xNzo0OjI5Ni53amVv
2026-08-26T04:45:13.222Z resource:omit http://fonts.gstatic.com/s/playfairdisplay/v40/nuFiD-vYSZviVYUb_rj3ij__anPXDTzYgEM86xQ.woff2 reason=response.body: Response body is unavailable for redirect responses
2026-08-26T04:45:13.222Z resource:omit http://fonts.gstatic.com/s/opensans/v44/memvYaGs126MiZpBA-UvWbX2vVnXBbObj2OVTUGmu0SC55K5gw.woff2 reason=response.body: Response body is unavailable for redirect responses
2026-08-26T04:45:13.222Z resource:omit http://fonts.gstatic.com/s/opensans/v44/memvYaGs126MiZpBA-UvWbX2vVnXBbObj2OVTS-mu0SC55I.woff2 reason=response.body: Response body is unavailable for redirect responses
2026-08-26T04:45:13.409Z resource:omit http://fonts.gstatic.com/s/playfairdisplay/v40/nuFkD-vYSZviVYUb_rj3ij__anPXDTnogkk7yRZrPA.woff2 reason=response.body: Response body is unavailable for redirect responses
2026-08-26T04:45:13.637Z resource:omit http://www.google-analytics.com/ga.js reason=response.body: Response body is unavailable for redirect responses
2026-08-26T04:45:13.643Z resource:omit http://www.google-analytics.com/__utm.gif?utmwv=5.7.2&utms=49&utmn=449204299&utmhn=edwards.yale.edu&utmcs=UTF-8&utmsr=1280x720&utmvp=1280x720&utmsc=24-bit&utmul=pl&utmje=0&utmfl=-&utmdt=Search%20WJE%20Online%20%7C%20The%20Jonathan%20Edwards%20Center%20at%20Yale%20University&utmhid=215648146&utmr=-&utmp=%2Farchive%3Fpath%3DaHR0cDovL2Vkd2FyZHMueWFsZS5lZHUvY2dpLWJpbi9uZXdwaGlsby9nZXRvYmplY3QucGw%2FYy4xNzo0OjI5Ni53amVv&utmht=1787719513639&utmac=UA-1489454-4&utmcc=__utma%3D258641246.2032384476.1787719243.1787719243.1787719243.1%3B%2B__utmz%3D258641246.1787719243.1.1.utmcsr%3D(direct)%7Cutmccn%3D(direct)%7Cutmcmd%3D(none)%3B&utmjid=&utmu=qAAAAAAAAAAAAAAAAAAAAAAE~ reason=response.body: Response body is unavailable for redirect responses
2026-08-26T04:45:14.283Z scroll:stable height=1319 samples=6
2026-08-26T04:45:15.462Z complete:053.html html=35759 assets=18
2026-08-26T04:45:17.962Z resume:retry 054.html reason=manifest-incomplete
2026-08-26T04:45:17.963Z attempt:1/3 054.html
2026-08-26T04:45:17.963Z navigation:start http://edwards.yale.edu/archive?path=aHR0cDovL2Vkd2FyZHMueWFsZS5lZHUvY2dpLWJpbi9uZXdwaGlsby9nZXRvYmplY3QucGw/Yy4xNzo0OjI5Ny53amVv
2026-08-26T04:45:18.468Z resource:omit http://fonts.gstatic.com/s/opensans/v44/memvYaGs126MiZpBA-UvWbX2vVnXBbObj2OVTS-mu0SC55I.woff2 reason=response.body: Response body is unavailable for redirect responses
2026-08-26T04:45:18.468Z resource:omit http://fonts.gstatic.com/s/playfairdisplay/v40/nuFiD-vYSZviVYUb_rj3ij__anPXDTzYgEM86xQ.woff2 reason=response.body: Response body is unavailable for redirect responses
2026-08-26T04:45:18.468Z resource:omit http://fonts.gstatic.com/s/opensans/v44/memvYaGs126MiZpBA-UvWbX2vVnXBbObj2OVTUGmu0SC55K5gw.woff2 reason=response.body: Response body is unavailable for redirect responses
2026-08-26T04:45:18.646Z resource:omit http://fonts.gstatic.com/s/playfairdisplay/v40/nuFkD-vYSZviVYUb_rj3ij__anPXDTnogkk7yRZrPA.woff2 reason=response.body: Response body is unavailable for redirect responses
2026-08-26T04:45:18.878Z resource:omit http://www.google-analytics.com/ga.js reason=response.body: Response body is unavailable for redirect responses
2026-08-26T04:45:18.884Z resource:omit http://www.google-analytics.com/__utm.gif?utmwv=5.7.2&utms=50&utmn=2034001236&utmhn=edwards.yale.edu&utmcs=UTF-8&utmsr=1280x720&utmvp=1280x720&utmsc=24-bit&utmul=pl&utmje=0&utmfl=-&utmdt=Search%20WJE%20Online%20%7C%20The%20Jonathan%20Edwards%20Center%20at%20Yale%20University&utmhid=1223691459&utmr=-&utmp=%2Farchive%3Fpath%3DaHR0cDovL2Vkd2FyZHMueWFsZS5lZHUvY2dpLWJpbi9uZXdwaGlsby9nZXRvYmplY3QucGw%2FYy4xNzo0OjI5Ny53amVv&utmht=1787719518881&utmac=UA-1489454-4&utmcc=__utma%3D258641246.2032384476.1787719243.1787719243.1787719243.1%3B%2B__utmz%3D258641246.1787719243.1.1.utmcsr%3D(direct)%7Cutmccn%3D(direct)%7Cutmcmd%3D(none)%3B&utmjid=&utmu=qAAAAAAAAAAAAAAAAAAAAAAE~ reason=response.body: Response body is unavailable for redirect responses
2026-08-26T04:45:19.404Z scroll:stable height=1243 samples=5
2026-08-26T04:45:20.954Z complete:054.html html=35339 assets=18
2026-08-26T04:45:23.456Z resume:retry 055.html reason=manifest-incomplete
2026-08-26T04:45:23.457Z attempt:1/3 055.html
2026-08-26T04:45:23.457Z navigation:start http://edwards.yale.edu/archive?path=aHR0cDovL2Vkd2FyZHMueWFsZS5lZHUvY2dpLWJpbi9uZXdwaGlsby9nZXRvYmplY3QucGw/Yy4xNzo0OjI5OC53amVv
2026-08-26T04:45:23.980Z resource:omit http://fonts.gstatic.com/s/opensans/v44/memvYaGs126MiZpBA-UvWbX2vVnXBbObj2OVTS-mu0SC55I.woff2 reason=response.body: Response body is unavailable for redirect responses
2026-08-26T04:45:23.980Z resource:omit http://fonts.gstatic.com/s/playfairdisplay/v40/nuFiD-vYSZviVYUb_rj3ij__anPXDTzYgEM86xQ.woff2 reason=response.body: Response body is unavailable for redirect responses
2026-08-26T04:45:23.980Z resource:omit http://fonts.gstatic.com/s/opensans/v44/memvYaGs126MiZpBA-UvWbX2vVnXBbObj2OVTUGmu0SC55K5gw.woff2 reason=response.body: Response body is unavailable for redirect responses
2026-08-26T04:45:24.158Z resource:omit http://fonts.gstatic.com/s/playfairdisplay/v40/nuFkD-vYSZviVYUb_rj3ij__anPXDTnogkk7yRZrPA.woff2 reason=response.body: Response body is unavailable for redirect responses
2026-08-26T04:45:24.311Z resource:omit http://www.google-analytics.com/ga.js reason=response.body: Response body is unavailable for redirect responses
2026-08-26T04:45:24.316Z resource:omit http://www.google-analytics.com/__utm.gif?utmwv=5.7.2&utms=51&utmn=1341675802&utmhn=edwards.yale.edu&utmcs=UTF-8&utmsr=1280x720&utmvp=1280x720&utmsc=24-bit&utmul=pl&utmje=0&utmfl=-&utmdt=Search%20WJE%20Online%20%7C%20The%20Jonathan%20Edwards%20Center%20at%20Yale%20University&utmhid=620288708&utmr=-&utmp=%2Farchive%3Fpath%3DaHR0cDovL2Vkd2FyZHMueWFsZS5lZHUvY2dpLWJpbi9uZXdwaGlsby9nZXRvYmplY3QucGw%2FYy4xNzo0OjI5OC53amVv&utmht=1787719524314&utmac=UA-1489454-4&utmcc=__utma%3D258641246.2032384476.1787719243.1787719243.1787719243.1%3B%2B__utmz%3D258641246.1787719243.1.1.utmcsr%3D(direct)%7Cutmccn%3D(direct)%7Cutmcmd%3D(none)%3B&utmjid=&utmu=qAAAAAAAAAAAAAAAAAAAAAAE~ reason=response.body: Response body is unavailable for redirect responses
2026-08-26T04:45:24.959Z scroll:stable height=1200 samples=6
2026-08-26T04:45:26.191Z complete:055.html html=35333 assets=18
2026-08-26T04:45:28.692Z resume:retry 056.html reason=manifest-incomplete
2026-08-26T04:45:28.693Z attempt:1/3 056.html
2026-08-26T04:45:28.693Z navigation:start http://edwards.yale.edu/archive?path=aHR0cDovL2Vkd2FyZHMueWFsZS5lZHUvY2dpLWJpbi9uZXdwaGlsby9nZXRvYmplY3QucGw/Yy4xNzo0OjI5OS53amVv
2026-08-26T04:45:29.573Z resource:omit http://fonts.gstatic.com/s/playfairdisplay/v40/nuFiD-vYSZviVYUb_rj3ij__anPXDTzYgEM86xQ.woff2 reason=response.body: Response body is unavailable for redirect responses
2026-08-26T04:45:29.573Z resource:omit http://fonts.gstatic.com/s/opensans/v44/memvYaGs126MiZpBA-UvWbX2vVnXBbObj2OVTS-mu0SC55I.woff2 reason=response.body: Response body is unavailable for redirect responses
2026-08-26T04:45:29.573Z resource:omit http://fonts.gstatic.com/s/opensans/v44/memvYaGs126MiZpBA-UvWbX2vVnXBbObj2OVTUGmu0SC55K5gw.woff2 reason=response.body: Response body is unavailable for redirect responses
2026-08-26T04:45:30.099Z resource:omit http://fonts.gstatic.com/s/playfairdisplay/v40/nuFkD-vYSZviVYUb_rj3ij__anPXDTnogkk7yRZrPA.woff2 reason=response.body: Response body is unavailable for redirect responses
2026-08-26T04:45:30.612Z resource:omit http://www.google-analytics.com/ga.js reason=response.body: Response body is unavailable for redirect responses
2026-08-26T04:45:30.617Z resource:omit http://www.google-analytics.com/__utm.gif?utmwv=5.7.2&utms=52&utmn=2127846002&utmhn=edwards.yale.edu&utmcs=UTF-8&utmsr=1280x720&utmvp=1280x720&utmsc=24-bit&utmul=pl&utmje=0&utmfl=-&utmdt=Search%20WJE%20Online%20%7C%20The%20Jonathan%20Edwards%20Center%20at%20Yale%20University&utmhid=111962022&utmr=-&utmp=%2Farchive%3Fpath%3DaHR0cDovL2Vkd2FyZHMueWFsZS5lZHUvY2dpLWJpbi9uZXdwaGlsby9nZXRvYmplY3QucGw%2FYy4xNzo0OjI5OS53amVv&utmht=1787719530614&utmac=UA-1489454-4&utmcc=__utma%3D258641246.2032384476.1787719243.1787719243.1787719243.1%3B%2B__utmz%3D258641246.1787719243.1.1.utmcsr%3D(direct)%7Cutmccn%3D(direct)%7Cutmcmd%3D(none)%3B&utmjid=&utmu=qAAAAAAAAAAAAAAAAAAAAAAE~ reason=response.body: Response body is unavailable for redirect responses
2026-08-26T04:45:31.385Z scroll:stable height=1889 samples=7
2026-08-26T04:45:32.731Z complete:056.html html=39947 assets=18
2026-08-26T04:45:35.233Z resume:retry 057.html reason=manifest-incomplete
2026-08-26T04:45:35.234Z attempt:1/3 057.html
2026-08-26T04:45:35.234Z navigation:start http://edwards.yale.edu/archive?path=aHR0cDovL2Vkd2FyZHMueWFsZS5lZHUvY2dpLWJpbi9uZXdwaGlsby9nZXRvYmplY3QucGw/Yy4xNzo0OjMwMC53amVv
2026-08-26T04:45:35.844Z resource:omit http://fonts.gstatic.com/s/playfairdisplay/v40/nuFiD-vYSZviVYUb_rj3ij__anPXDTzYgEM86xQ.woff2 reason=response.body: Response body is unavailable for redirect responses
2026-08-26T04:45:35.844Z resource:omit http://fonts.gstatic.com/s/opensans/v44/memvYaGs126MiZpBA-UvWbX2vVnXBbObj2OVTUGmu0SC55K5gw.woff2 reason=response.body: Response body is unavailable for redirect responses
2026-08-26T04:45:35.844Z resource:omit http://fonts.gstatic.com/s/opensans/v44/memvYaGs126MiZpBA-UvWbX2vVnXBbObj2OVTS-mu0SC55I.woff2 reason=response.body: Response body is unavailable for redirect responses
2026-08-26T04:45:36.024Z resource:omit http://fonts.gstatic.com/s/playfairdisplay/v40/nuFkD-vYSZviVYUb_rj3ij__anPXDTnogkk7yRZrPA.woff2 reason=response.body: Response body is unavailable for redirect responses
2026-08-26T04:45:36.181Z resource:omit http://www.google-analytics.com/ga.js reason=response.body: Response body is unavailable for redirect responses
2026-08-26T04:45:36.186Z resource:omit http://www.google-analytics.com/__utm.gif?utmwv=5.7.2&utms=53&utmn=1132271977&utmhn=edwards.yale.edu&utmcs=UTF-8&utmsr=1280x720&utmvp=1280x720&utmsc=24-bit&utmul=pl&utmje=0&utmfl=-&utmdt=Search%20WJE%20Online%20%7C%20The%20Jonathan%20Edwards%20Center%20at%20Yale%20University&utmhid=1135069222&utmr=-&utmp=%2Farchive%3Fpath%3DaHR0cDovL2Vkd2FyZHMueWFsZS5lZHUvY2dpLWJpbi9uZXdwaGlsby9nZXRvYmplY3QucGw%2FYy4xNzo0OjMwMC53amVv&utmht=1787719536183&utmac=UA-1489454-4&utmcc=__utma%3D258641246.2032384476.1787719243.1787719243.1787719243.1%3B%2B__utmz%3D258641246.1787719243.1.1.utmcsr%3D(direct)%7Cutmccn%3D(direct)%7Cutmcmd%3D(none)%3B&utmjid=&utmu=qAAAAAAAAAAAAAAAAAAAAAAE~ reason=response.body: Response body is unavailable for redirect responses
2026-08-26T04:45:36.825Z scroll:stable height=1783 samples=6
2026-08-26T04:45:38.019Z complete:057.html html=39266 assets=18
2026-08-26T04:45:40.521Z resume:retry 058.html reason=manifest-incomplete
2026-08-26T04:45:40.523Z attempt:1/3 058.html
2026-08-26T04:45:40.523Z navigation:start http://edwards.yale.edu/archive?path=aHR0cDovL2Vkd2FyZHMueWFsZS5lZHUvY2dpLWJpbi9uZXdwaGlsby9nZXRvYmplY3QucGw/Yy4xNzo0OjMwMS53amVv
2026-08-26T04:45:41.060Z resource:omit http://fonts.gstatic.com/s/opensans/v44/memvYaGs126MiZpBA-UvWbX2vVnXBbObj2OVTS-mu0SC55I.woff2 reason=response.body: Response body is unavailable for redirect responses
2026-08-26T04:45:41.060Z resource:omit http://fonts.gstatic.com/s/playfairdisplay/v40/nuFiD-vYSZviVYUb_rj3ij__anPXDTzYgEM86xQ.woff2 reason=response.body: Response body is unavailable for redirect responses
2026-08-26T04:45:41.060Z resource:omit http://fonts.gstatic.com/s/opensans/v44/memvYaGs126MiZpBA-UvWbX2vVnXBbObj2OVTUGmu0SC55K5gw.woff2 reason=response.body: Response body is unavailable for redirect responses
2026-08-26T04:45:41.234Z resource:omit http://fonts.gstatic.com/s/playfairdisplay/v40/nuFkD-vYSZviVYUb_rj3ij__anPXDTnogkk7yRZrPA.woff2 reason=response.body: Response body is unavailable for redirect responses
2026-08-26T04:45:41.424Z resource:omit http://www.google-analytics.com/ga.js reason=response.body: Response body is unavailable for redirect responses
2026-08-26T04:45:41.429Z resource:omit http://www.google-analytics.com/__utm.gif?utmwv=5.7.2&utms=54&utmn=504699480&utmhn=edwards.yale.edu&utmcs=UTF-8&utmsr=1280x720&utmvp=1280x720&utmsc=24-bit&utmul=pl&utmje=0&utmfl=-&utmdt=Search%20WJE%20Online%20%7C%20The%20Jonathan%20Edwards%20Center%20at%20Yale%20University&utmhid=1420753734&utmr=-&utmp=%2Farchive%3Fpath%3DaHR0cDovL2Vkd2FyZHMueWFsZS5lZHUvY2dpLWJpbi9uZXdwaGlsby9nZXRvYmplY3QucGw%2FYy4xNzo0OjMwMS53amVv&utmht=1787719541426&utmac=UA-1489454-4&utmcc=__utma%3D258641246.2032384476.1787719243.1787719243.1787719243.1%3B%2B__utmz%3D258641246.1787719243.1.1.utmcsr%3D(direct)%7Cutmccn%3D(direct)%7Cutmcmd%3D(none)%3B&utmjid=&utmu=qAAAAAAAAAAAAAAAAAAAAAAE~ reason=response.body: Response body is unavailable for redirect responses
2026-08-26T04:45:42.073Z scroll:stable height=1260 samples=6
2026-08-26T04:45:43.225Z complete:058.html html=36394 assets=18
2026-08-26T04:45:45.727Z resume:retry 059.html reason=manifest-incomplete
2026-08-26T04:45:45.728Z attempt:1/3 059.html
2026-08-26T04:45:45.729Z navigation:start http://edwards.yale.edu/archive?path=aHR0cDovL2Vkd2FyZHMueWFsZS5lZHUvY2dpLWJpbi9uZXdwaGlsby9nZXRvYmplY3QucGw/Yy4xNzo0OjMwMi53amVv
2026-08-26T04:45:46.239Z resource:omit http://fonts.gstatic.com/s/opensans/v44/memvYaGs126MiZpBA-UvWbX2vVnXBbObj2OVTS-mu0SC55I.woff2 reason=response.body: Response body is unavailable for redirect responses
2026-08-26T04:45:46.239Z resource:omit http://fonts.gstatic.com/s/playfairdisplay/v40/nuFiD-vYSZviVYUb_rj3ij__anPXDTzYgEM86xQ.woff2 reason=response.body: Response body is unavailable for redirect responses
2026-08-26T04:45:46.239Z resource:omit http://fonts.gstatic.com/s/opensans/v44/memvYaGs126MiZpBA-UvWbX2vVnXBbObj2OVTUGmu0SC55K5gw.woff2 reason=response.body: Response body is unavailable for redirect responses
2026-08-26T04:45:46.431Z resource:omit http://fonts.gstatic.com/s/playfairdisplay/v40/nuFkD-vYSZviVYUb_rj3ij__anPXDTnogkk7yRZrPA.woff2 reason=response.body: Response body is unavailable for redirect responses
2026-08-26T04:45:46.668Z resource:omit http://www.google-analytics.com/ga.js reason=response.body: Response body is unavailable for redirect responses
2026-08-26T04:45:46.674Z resource:omit http://www.google-analytics.com/__utm.gif?utmwv=5.7.2&utms=55&utmn=1104426389&utmhn=edwards.yale.edu&utmcs=UTF-8&utmsr=1280x720&utmvp=1280x720&utmsc=24-bit&utmul=pl&utmje=0&utmfl=-&utmdt=Search%20WJE%20Online%20%7C%20The%20Jonathan%20Edwards%20Center%20at%20Yale%20University&utmhid=1554719918&utmr=-&utmp=%2Farchive%3Fpath%3DaHR0cDovL2Vkd2FyZHMueWFsZS5lZHUvY2dpLWJpbi9uZXdwaGlsby9nZXRvYmplY3QucGw%2FYy4xNzo0OjMwMi53amVv&utmht=1787719546670&utmac=UA-1489454-4&utmcc=__utma%3D258641246.2032384476.1787719243.1787719243.1787719243.1%3B%2B__utmz%3D258641246.1787719243.1.1.utmcsr%3D(direct)%7Cutmccn%3D(direct)%7Cutmcmd%3D(none)%3B&utmjid=&utmu=qAAAAAAAAAAAAAAAAAAAAAAE~ reason=response.body: Response body is unavailable for redirect responses
2026-08-26T04:45:47.439Z scroll:stable height=2199 samples=7
2026-08-26T04:45:48.491Z complete:059.html html=43219 assets=18
2026-08-26T04:45:50.994Z resume:retry 060.html reason=manifest-incomplete
2026-08-26T04:45:50.995Z attempt:1/3 060.html
2026-08-26T04:45:50.995Z navigation:start http://edwards.yale.edu/archive?path=aHR0cDovL2Vkd2FyZHMueWFsZS5lZHUvY2dpLWJpbi9uZXdwaGlsby9nZXRvYmplY3QucGw/Yy4xNzo0OjMwMy53amVv
2026-08-26T04:45:51.530Z resource:omit http://fonts.gstatic.com/s/opensans/v44/memvYaGs126MiZpBA-UvWbX2vVnXBbObj2OVTS-mu0SC55I.woff2 reason=response.body: Response body is unavailable for redirect responses
2026-08-26T04:45:51.530Z resource:omit http://fonts.gstatic.com/s/playfairdisplay/v40/nuFiD-vYSZviVYUb_rj3ij__anPXDTzYgEM86xQ.woff2 reason=response.body: Response body is unavailable for redirect responses
2026-08-26T04:45:51.530Z resource:omit http://fonts.gstatic.com/s/opensans/v44/memvYaGs126MiZpBA-UvWbX2vVnXBbObj2OVTUGmu0SC55K5gw.woff2 reason=response.body: Response body is unavailable for redirect responses
2026-08-26T04:45:51.911Z resource:omit http://fonts.gstatic.com/s/playfairdisplay/v40/nuFkD-vYSZviVYUb_rj3ij__anPXDTnogkk7yRZrPA.woff2 reason=response.body: Response body is unavailable for redirect responses
2026-08-26T04:45:51.912Z resource:omit http://www.google-analytics.com/ga.js reason=response.body: Response body is unavailable for redirect responses
2026-08-26T04:45:51.919Z resource:omit http://www.google-analytics.com/__utm.gif?utmwv=5.7.2&utms=56&utmn=1506610724&utmhn=edwards.yale.edu&utmcs=UTF-8&utmsr=1280x720&utmvp=1280x720&utmsc=24-bit&utmul=pl&utmje=0&utmfl=-&utmdt=Search%20WJE%20Online%20%7C%20The%20Jonathan%20Edwards%20Center%20at%20Yale%20University&utmhid=217106613&utmr=-&utmp=%2Farchive%3Fpath%3DaHR0cDovL2Vkd2FyZHMueWFsZS5lZHUvY2dpLWJpbi9uZXdwaGlsby9nZXRvYmplY3QucGw%2FYy4xNzo0OjMwMy53amVv&utmht=1787719551917&utmac=UA-1489454-4&utmcc=__utma%3D258641246.2032384476.1787719243.1787719243.1787719243.1%3B%2B__utmz%3D258641246.1787719243.1.1.utmcsr%3D(direct)%7Cutmccn%3D(direct)%7Cutmcmd%3D(none)%3B&utmjid=&utmu=qAAAAAAAAAAAAAAAAAAAAAAE~ reason=response.body: Response body is unavailable for redirect responses
2026-08-26T04:45:52.683Z scroll:stable height=1917 samples=7
2026-08-26T04:45:53.752Z complete:060.html html=40831 assets=18
2026-08-26T04:45:56.252Z resume:retry 061.html reason=manifest-incomplete
2026-08-26T04:45:56.253Z attempt:1/3 061.html
2026-08-26T04:45:56.254Z navigation:start http://edwards.yale.edu/archive?path=aHR0cDovL2Vkd2FyZHMueWFsZS5lZHUvY2dpLWJpbi9uZXdwaGlsby9nZXRvYmplY3QucGw/Yy4xNzo0OjMwNC53amVv
2026-08-26T04:45:56.784Z resource:omit http://fonts.gstatic.com/s/opensans/v44/memvYaGs126MiZpBA-UvWbX2vVnXBbObj2OVTS-mu0SC55I.woff2 reason=response.body: Response body is unavailable for redirect responses
2026-08-26T04:45:56.784Z resource:omit http://fonts.gstatic.com/s/playfairdisplay/v40/nuFiD-vYSZviVYUb_rj3ij__anPXDTzYgEM86xQ.woff2 reason=response.body: Response body is unavailable for redirect responses
2026-08-26T04:45:56.784Z resource:omit http://fonts.gstatic.com/s/opensans/v44/memvYaGs126MiZpBA-UvWbX2vVnXBbObj2OVTUGmu0SC55K5gw.woff2 reason=response.body: Response body is unavailable for redirect responses
2026-08-26T04:45:56.966Z resource:omit http://fonts.gstatic.com/s/playfairdisplay/v40/nuFkD-vYSZviVYUb_rj3ij__anPXDTnogkk7yRZrPA.woff2 reason=response.body: Response body is unavailable for redirect responses
2026-08-26T04:45:57.152Z resource:omit http://www.google-analytics.com/ga.js reason=response.body: Response body is unavailable for redirect responses
2026-08-26T04:45:57.156Z resource:omit http://www.google-analytics.com/__utm.gif?utmwv=5.7.2&utms=57&utmn=1881338717&utmhn=edwards.yale.edu&utmcs=UTF-8&utmsr=1280x720&utmvp=1280x720&utmsc=24-bit&utmul=pl&utmje=0&utmfl=-&utmdt=Search%20WJE%20Online%20%7C%20The%20Jonathan%20Edwards%20Center%20at%20Yale%20University&utmhid=1506520646&utmr=-&utmp=%2Farchive%3Fpath%3DaHR0cDovL2Vkd2FyZHMueWFsZS5lZHUvY2dpLWJpbi9uZXdwaGlsby9nZXRvYmplY3QucGw%2FYy4xNzo0OjMwNC53amVv&utmht=1787719557154&utmac=UA-1489454-4&utmcc=__utma%3D258641246.2032384476.1787719243.1787719243.1787719243.1%3B%2B__utmz%3D258641246.1787719243.1.1.utmcsr%3D(direct)%7Cutmccn%3D(direct)%7Cutmcmd%3D(none)%3B&utmjid=&utmu=qAAAAAAAAAAAAAAAAAAAAAAE~ reason=response.body: Response body is unavailable for redirect responses
2026-08-26T04:45:57.924Z scroll:stable height=1814 samples=7
2026-08-26T04:45:58.975Z complete:061.html html=39991 assets=18
2026-08-26T04:46:01.478Z resume:retry 062.html reason=manifest-incomplete
2026-08-26T04:46:01.478Z attempt:1/3 062.html
2026-08-26T04:46:01.479Z navigation:start http://edwards.yale.edu/archive?path=aHR0cDovL2Vkd2FyZHMueWFsZS5lZHUvY2dpLWJpbi9uZXdwaGlsby9nZXRvYmplY3QucGw/Yy4xNzo0OjMwNS53amVv
2026-08-26T04:46:02.018Z resource:omit http://fonts.gstatic.com/s/opensans/v44/memvYaGs126MiZpBA-UvWbX2vVnXBbObj2OVTUGmu0SC55K5gw.woff2 reason=response.body: Response body is unavailable for redirect responses
2026-08-26T04:46:02.018Z resource:omit http://fonts.gstatic.com/s/playfairdisplay/v40/nuFiD-vYSZviVYUb_rj3ij__anPXDTzYgEM86xQ.woff2 reason=response.body: Response body is unavailable for redirect responses
2026-08-26T04:46:02.017Z resource:omit http://fonts.gstatic.com/s/opensans/v44/memvYaGs126MiZpBA-UvWbX2vVnXBbObj2OVTS-mu0SC55I.woff2 reason=response.body: Response body is unavailable for redirect responses
2026-08-26T04:46:02.193Z resource:omit http://fonts.gstatic.com/s/playfairdisplay/v40/nuFkD-vYSZviVYUb_rj3ij__anPXDTnogkk7yRZrPA.woff2 reason=response.body: Response body is unavailable for redirect responses
2026-08-26T04:46:02.395Z resource:omit http://www.google-analytics.com/ga.js reason=response.body: Response body is unavailable for redirect responses
2026-08-26T04:46:02.400Z resource:omit http://www.google-analytics.com/__utm.gif?utmwv=5.7.2&utms=58&utmn=483763591&utmhn=edwards.yale.edu&utmcs=UTF-8&utmsr=1280x720&utmvp=1280x720&utmsc=24-bit&utmul=pl&utmje=0&utmfl=-&utmdt=Search%20WJE%20Online%20%7C%20The%20Jonathan%20Edwards%20Center%20at%20Yale%20University&utmhid=1162096854&utmr=-&utmp=%2Farchive%3Fpath%3DaHR0cDovL2Vkd2FyZHMueWFsZS5lZHUvY2dpLWJpbi9uZXdwaGlsby9nZXRvYmplY3QucGw%2FYy4xNzo0OjMwNS53amVv&utmht=1787719562398&utmac=UA-1489454-4&utmcc=__utma%3D258641246.2032384476.1787719243.1787719243.1787719243.1%3B%2B__utmz%3D258641246.1787719243.1.1.utmcsr%3D(direct)%7Cutmccn%3D(direct)%7Cutmcmd%3D(none)%3B&utmjid=&utmu=qAAAAAAAAAAAAAAAAAAAAAAE~ reason=response.body: Response body is unavailable for redirect responses
2026-08-26T04:46:03.174Z scroll:stable height=1918 samples=7
2026-08-26T04:46:04.233Z complete:062.html html=41292 assets=18
2026-08-26T04:46:06.735Z resume:retry 063.html reason=manifest-incomplete
2026-08-26T04:46:06.736Z attempt:1/3 063.html
2026-08-26T04:46:06.736Z navigation:start http://edwards.yale.edu/archive?path=aHR0cDovL2Vkd2FyZHMueWFsZS5lZHUvY2dpLWJpbi9uZXdwaGlsby9nZXRvYmplY3QucGw/Yy4xNzo0OjMwNi53amVv
2026-08-26T04:46:07.251Z resource:omit http://fonts.gstatic.com/s/opensans/v44/memvYaGs126MiZpBA-UvWbX2vVnXBbObj2OVTS-mu0SC55I.woff2 reason=response.body: Response body is unavailable for redirect responses
2026-08-26T04:46:07.251Z resource:omit http://fonts.gstatic.com/s/opensans/v44/memvYaGs126MiZpBA-UvWbX2vVnXBbObj2OVTUGmu0SC55K5gw.woff2 reason=response.body: Response body is unavailable for redirect responses
2026-08-26T04:46:07.251Z resource:omit http://fonts.gstatic.com/s/playfairdisplay/v40/nuFiD-vYSZviVYUb_rj3ij__anPXDTzYgEM86xQ.woff2 reason=response.body: Response body is unavailable for redirect responses
2026-08-26T04:46:07.451Z resource:omit http://fonts.gstatic.com/s/playfairdisplay/v40/nuFkD-vYSZviVYUb_rj3ij__anPXDTnogkk7yRZrPA.woff2 reason=response.body: Response body is unavailable for redirect responses
2026-08-26T04:46:07.638Z resource:omit http://www.google-analytics.com/ga.js reason=response.body: Response body is unavailable for redirect responses
2026-08-26T04:46:07.643Z resource:omit http://www.google-analytics.com/__utm.gif?utmwv=5.7.2&utms=59&utmn=381346588&utmhn=edwards.yale.edu&utmcs=UTF-8&utmsr=1280x720&utmvp=1280x720&utmsc=24-bit&utmul=pl&utmje=0&utmfl=-&utmdt=Search%20WJE%20Online%20%7C%20The%20Jonathan%20Edwards%20Center%20at%20Yale%20University&utmhid=1767918668&utmr=-&utmp=%2Farchive%3Fpath%3DaHR0cDovL2Vkd2FyZHMueWFsZS5lZHUvY2dpLWJpbi9uZXdwaGlsby9nZXRvYmplY3QucGw%2FYy4xNzo0OjMwNi53amVv&utmht=1787719567641&utmac=UA-1489454-4&utmcc=__utma%3D258641246.2032384476.1787719243.1787719243.1787719243.1%3B%2B__utmz%3D258641246.1787719243.1.1.utmcsr%3D(direct)%7Cutmccn%3D(direct)%7Cutmcmd%3D(none)%3B&utmjid=&utmu=qAAAAAAAAAAAAAAAAAAAAAAE~ reason=response.body: Response body is unavailable for redirect responses
2026-08-26T04:46:08.283Z scroll:stable height=1627 samples=6
2026-08-26T04:46:09.427Z complete:063.html html=38628 assets=18
2026-08-26T04:46:11.928Z resume:retry 064.html reason=manifest-incomplete
2026-08-26T04:46:11.929Z attempt:1/3 064.html
2026-08-26T04:46:11.929Z navigation:start http://edwards.yale.edu/archive?path=aHR0cDovL2Vkd2FyZHMueWFsZS5lZHUvY2dpLWJpbi9uZXdwaGlsby9nZXRvYmplY3QucGw/Yy4xNzo0OjMwNy53amVv
2026-08-26T04:46:12.456Z resource:omit http://fonts.gstatic.com/s/playfairdisplay/v40/nuFiD-vYSZviVYUb_rj3ij__anPXDTzYgEM86xQ.woff2 reason=response.body: Response body is unavailable for redirect responses
2026-08-26T04:46:12.456Z resource:omit http://fonts.gstatic.com/s/opensans/v44/memvYaGs126MiZpBA-UvWbX2vVnXBbObj2OVTS-mu0SC55I.woff2 reason=response.body: Response body is unavailable for redirect responses
2026-08-26T04:46:12.456Z resource:omit http://fonts.gstatic.com/s/opensans/v44/memvYaGs126MiZpBA-UvWbX2vVnXBbObj2OVTUGmu0SC55K5gw.woff2 reason=response.body: Response body is unavailable for redirect responses
2026-08-26T04:46:12.634Z resource:omit http://fonts.gstatic.com/s/playfairdisplay/v40/nuFkD-vYSZviVYUb_rj3ij__anPXDTnogkk7yRZrPA.woff2 reason=response.body: Response body is unavailable for redirect responses
2026-08-26T04:46:12.874Z resource:omit http://www.google-analytics.com/ga.js reason=response.body: Response body is unavailable for redirect responses
2026-08-26T04:46:12.878Z resource:omit http://www.google-analytics.com/__utm.gif?utmwv=5.7.2&utms=60&utmn=1314185289&utmhn=edwards.yale.edu&utmcs=UTF-8&utmsr=1280x720&utmvp=1280x720&utmsc=24-bit&utmul=pl&utmje=0&utmfl=-&utmdt=Search%20WJE%20Online%20%7C%20The%20Jonathan%20Edwards%20Center%20at%20Yale%20University&utmhid=1530052077&utmr=-&utmp=%2Farchive%3Fpath%3DaHR0cDovL2Vkd2FyZHMueWFsZS5lZHUvY2dpLWJpbi9uZXdwaGlsby9nZXRvYmplY3QucGw%2FYy4xNzo0OjMwNy53amVv&utmht=1787719572876&utmac=UA-1489454-4&utmcc=__utma%3D258641246.2032384476.1787719243.1787719243.1787719243.1%3B%2B__utmz%3D258641246.1787719243.1.1.utmcsr%3D(direct)%7Cutmccn%3D(direct)%7Cutmcmd%3D(none)%3B&utmjid=&utmu=qAAAAAAAAAAAAAAAAAAAAAAE~ reason=response.body: Response body is unavailable for redirect responses
2026-08-26T04:46:13.521Z scroll:stable height=1220 samples=6
2026-08-26T04:46:14.685Z complete:064.html html=35670 assets=18
2026-08-26T04:46:17.187Z resume:retry 065.html reason=manifest-incomplete
2026-08-26T04:46:17.188Z attempt:1/3 065.html
2026-08-26T04:46:17.188Z navigation:start http://edwards.yale.edu/archive?path=aHR0cDovL2Vkd2FyZHMueWFsZS5lZHUvY2dpLWJpbi9uZXdwaGlsby9nZXRvYmplY3QucGw/Yy4xNzo0OjMwOC53amVv
2026-08-26T04:46:17.800Z resource:omit http://fonts.gstatic.com/s/opensans/v44/memvYaGs126MiZpBA-UvWbX2vVnXBbObj2OVTUGmu0SC55K5gw.woff2 reason=response.body: Response body is unavailable for redirect responses
2026-08-26T04:46:17.800Z resource:omit http://fonts.gstatic.com/s/opensans/v44/memvYaGs126MiZpBA-UvWbX2vVnXBbObj2OVTS-mu0SC55I.woff2 reason=response.body: Response body is unavailable for redirect responses
2026-08-26T04:46:17.800Z resource:omit http://fonts.gstatic.com/s/playfairdisplay/v40/nuFiD-vYSZviVYUb_rj3ij__anPXDTzYgEM86xQ.woff2 reason=response.body: Response body is unavailable for redirect responses
2026-08-26T04:46:18.033Z resource:omit http://fonts.gstatic.com/s/playfairdisplay/v40/nuFkD-vYSZviVYUb_rj3ij__anPXDTnogkk7yRZrPA.woff2 reason=response.body: Response body is unavailable for redirect responses
2026-08-26T04:46:18.169Z resource:omit http://www.google-analytics.com/ga.js reason=response.body: Response body is unavailable for redirect responses
2026-08-26T04:46:18.174Z resource:omit http://www.google-analytics.com/__utm.gif?utmwv=5.7.2&utms=61&utmn=728720378&utmhn=edwards.yale.edu&utmcs=UTF-8&utmsr=1280x720&utmvp=1280x720&utmsc=24-bit&utmul=pl&utmje=0&utmfl=-&utmdt=Search%20WJE%20Online%20%7C%20The%20Jonathan%20Edwards%20Center%20at%20Yale%20University&utmhid=1461704613&utmr=-&utmp=%2Farchive%3Fpath%3DaHR0cDovL2Vkd2FyZHMueWFsZS5lZHUvY2dpLWJpbi9uZXdwaGlsby9nZXRvYmplY3QucGw%2FYy4xNzo0OjMwOC53amVv&utmht=1787719578171&utmac=UA-1489454-4&utmcc=__utma%3D258641246.2032384476.1787719243.1787719243.1787719243.1%3B%2B__utmz%3D258641246.1787719243.1.1.utmcsr%3D(direct)%7Cutmccn%3D(direct)%7Cutmcmd%3D(none)%3B&utmjid=&utmu=qAAAAAAAAAAAAAAAAAAAAAAE~ reason=response.body: Response body is unavailable for redirect responses
2026-08-26T04:46:18.936Z scroll:stable height=1962 samples=7
2026-08-26T04:46:19.983Z complete:065.html html=42157 assets=18
2026-08-26T04:46:22.484Z resume:retry 066.html reason=manifest-incomplete
2026-08-26T04:46:22.485Z attempt:1/3 066.html
2026-08-26T04:46:22.486Z navigation:start http://edwards.yale.edu/archive?path=aHR0cDovL2Vkd2FyZHMueWFsZS5lZHUvY2dpLWJpbi9uZXdwaGlsby9nZXRvYmplY3QucGw/Yy4xNzo0OjMwOS53amVv
2026-08-26T04:46:23.015Z resource:omit http://fonts.gstatic.com/s/opensans/v44/memvYaGs126MiZpBA-UvWbX2vVnXBbObj2OVTS-mu0SC55I.woff2 reason=response.body: Response body is unavailable for redirect responses
2026-08-26T04:46:23.015Z resource:omit http://fonts.gstatic.com/s/opensans/v44/memvYaGs126MiZpBA-UvWbX2vVnXBbObj2OVTUGmu0SC55K5gw.woff2 reason=response.body: Response body is unavailable for redirect responses
2026-08-26T04:46:23.015Z resource:omit http://fonts.gstatic.com/s/playfairdisplay/v40/nuFiD-vYSZviVYUb_rj3ij__anPXDTzYgEM86xQ.woff2 reason=response.body: Response body is unavailable for redirect responses
2026-08-26T04:46:23.189Z resource:omit http://fonts.gstatic.com/s/playfairdisplay/v40/nuFkD-vYSZviVYUb_rj3ij__anPXDTnogkk7yRZrPA.woff2 reason=response.body: Response body is unavailable for redirect responses
2026-08-26T04:46:23.369Z resource:omit http://www.google-analytics.com/ga.js reason=response.body: Response body is unavailable for redirect responses
2026-08-26T04:46:23.374Z resource:omit http://www.google-analytics.com/__utm.gif?utmwv=5.7.2&utms=62&utmn=2063165848&utmhn=edwards.yale.edu&utmcs=UTF-8&utmsr=1280x720&utmvp=1280x720&utmsc=24-bit&utmul=pl&utmje=0&utmfl=-&utmdt=Search%20WJE%20Online%20%7C%20The%20Jonathan%20Edwards%20Center%20at%20Yale%20University&utmhid=1841628404&utmr=-&utmp=%2Farchive%3Fpath%3DaHR0cDovL2Vkd2FyZHMueWFsZS5lZHUvY2dpLWJpbi9uZXdwaGlsby9nZXRvYmplY3QucGw%2FYy4xNzo0OjMwOS53amVv&utmht=1787719583371&utmac=UA-1489454-4&utmcc=__utma%3D258641246.2032384476.1787719243.1787719243.1787719243.1%3B%2B__utmz%3D258641246.1787719243.1.1.utmcsr%3D(direct)%7Cutmccn%3D(direct)%7Cutmcmd%3D(none)%3B&utmjid=&utmu=qAAAAAAAAAAAAAAAAAAAAAAE~ reason=response.body: Response body is unavailable for redirect responses
2026-08-26T04:46:24.264Z scroll:stable height=2842 samples=8
2026-08-26T04:46:25.318Z complete:066.html html=46632 assets=18
2026-08-26T04:46:27.820Z resume:retry 067.html reason=manifest-incomplete
2026-08-26T04:46:27.820Z attempt:1/3 067.html
2026-08-26T04:46:27.821Z navigation:start http://edwards.yale.edu/archive?path=aHR0cDovL2Vkd2FyZHMueWFsZS5lZHUvY2dpLWJpbi9uZXdwaGlsby9nZXRvYmplY3QucGw/Yy4xNzo0OjMxMC53amVv
2026-08-26T04:46:28.397Z resource:omit http://fonts.gstatic.com/s/opensans/v44/memvYaGs126MiZpBA-UvWbX2vVnXBbObj2OVTUGmu0SC55K5gw.woff2 reason=response.body: Response body is unavailable for redirect responses
2026-08-26T04:46:28.396Z resource:omit http://fonts.gstatic.com/s/opensans/v44/memvYaGs126MiZpBA-UvWbX2vVnXBbObj2OVTS-mu0SC55I.woff2 reason=response.body: Response body is unavailable for redirect responses
2026-08-26T04:46:28.396Z resource:omit http://fonts.gstatic.com/s/playfairdisplay/v40/nuFiD-vYSZviVYUb_rj3ij__anPXDTzYgEM86xQ.woff2 reason=response.body: Response body is unavailable for redirect responses
2026-08-26T04:46:28.624Z resource:omit http://fonts.gstatic.com/s/playfairdisplay/v40/nuFkD-vYSZviVYUb_rj3ij__anPXDTnogkk7yRZrPA.woff2 reason=response.body: Response body is unavailable for redirect responses
2026-08-26T04:46:28.781Z resource:omit http://www.google-analytics.com/ga.js reason=response.body: Response body is unavailable for redirect responses
2026-08-26T04:46:28.787Z resource:omit http://www.google-analytics.com/__utm.gif?utmwv=5.7.2&utms=63&utmn=271387233&utmhn=edwards.yale.edu&utmcs=UTF-8&utmsr=1280x720&utmvp=1280x720&utmsc=24-bit&utmul=pl&utmje=0&utmfl=-&utmdt=Search%20WJE%20Online%20%7C%20The%20Jonathan%20Edwards%20Center%20at%20Yale%20University&utmhid=301823919&utmr=-&utmp=%2Farchive%3Fpath%3DaHR0cDovL2Vkd2FyZHMueWFsZS5lZHUvY2dpLWJpbi9uZXdwaGlsby9nZXRvYmplY3QucGw%2FYy4xNzo0OjMxMC53amVv&utmht=1787719588783&utmac=UA-1489454-4&utmcc=__utma%3D258641246.2032384476.1787719243.1787719243.1787719243.1%3B%2B__utmz%3D258641246.1787719243.1.1.utmcsr%3D(direct)%7Cutmccn%3D(direct)%7Cutmcmd%3D(none)%3B&utmjid=&utmu=qAAAAAAAAAAAAAAAAAAAAAAE~ reason=response.body: Response body is unavailable for redirect responses
2026-08-26T04:46:29.682Z scroll:stable height=2749 samples=8
2026-08-26T04:46:30.738Z complete:067.html html=45891 assets=18
2026-08-26T04:46:33.239Z resume:retry 068.html reason=manifest-incomplete
2026-08-26T04:46:33.240Z attempt:1/3 068.html
2026-08-26T04:46:33.240Z navigation:start http://edwards.yale.edu/archive?path=aHR0cDovL2Vkd2FyZHMueWFsZS5lZHUvY2dpLWJpbi9uZXdwaGlsby9nZXRvYmplY3QucGw/Yy4xNzo0OjMxMS53amVv
2026-08-26T04:46:33.860Z resource:omit http://fonts.gstatic.com/s/opensans/v44/memvYaGs126MiZpBA-UvWbX2vVnXBbObj2OVTS-mu0SC55I.woff2 reason=response.body: Response body is unavailable for redirect responses
2026-08-26T04:46:33.860Z resource:omit http://fonts.gstatic.com/s/opensans/v44/memvYaGs126MiZpBA-UvWbX2vVnXBbObj2OVTUGmu0SC55K5gw.woff2 reason=response.body: Response body is unavailable for redirect responses
2026-08-26T04:46:33.860Z resource:omit http://fonts.gstatic.com/s/playfairdisplay/v40/nuFiD-vYSZviVYUb_rj3ij__anPXDTzYgEM86xQ.woff2 reason=response.body: Response body is unavailable for redirect responses
2026-08-26T04:46:34.041Z resource:omit http://fonts.gstatic.com/s/playfairdisplay/v40/nuFkD-vYSZviVYUb_rj3ij__anPXDTnogkk7yRZrPA.woff2 reason=response.body: Response body is unavailable for redirect responses
2026-08-26T04:46:34.198Z resource:omit http://www.google-analytics.com/ga.js reason=response.body: Response body is unavailable for redirect responses
2026-08-26T04:46:34.202Z resource:omit http://www.google-analytics.com/__utm.gif?utmwv=5.7.2&utms=64&utmn=1529055686&utmhn=edwards.yale.edu&utmcs=UTF-8&utmsr=1280x720&utmvp=1280x720&utmsc=24-bit&utmul=pl&utmje=0&utmfl=-&utmdt=Search%20WJE%20Online%20%7C%20The%20Jonathan%20Edwards%20Center%20at%20Yale%20University&utmhid=1098990927&utmr=-&utmp=%2Farchive%3Fpath%3DaHR0cDovL2Vkd2FyZHMueWFsZS5lZHUvY2dpLWJpbi9uZXdwaGlsby9nZXRvYmplY3QucGw%2FYy4xNzo0OjMxMS53amVv&utmht=1787719594200&utmac=UA-1489454-4&utmcc=__utma%3D258641246.2032384476.1787719243.1787719243.1787719243.1%3B%2B__utmz%3D258641246.1787719243.1.1.utmcsr%3D(direct)%7Cutmccn%3D(direct)%7Cutmcmd%3D(none)%3B&utmjid=&utmu=qAAAAAAAAAAAAAAAAAAAAAAE~ reason=response.body: Response body is unavailable for redirect responses
2026-08-26T04:46:34.962Z scroll:stable height=2089 samples=7
2026-08-26T04:46:36.143Z complete:068.html html=42169 assets=18
2026-08-26T04:46:38.646Z resume:retry 069.html reason=manifest-incomplete
2026-08-26T04:46:38.648Z attempt:1/3 069.html
2026-08-26T04:46:38.652Z navigation:start http://edwards.yale.edu/archive?path=aHR0cDovL2Vkd2FyZHMueWFsZS5lZHUvY2dpLWJpbi9uZXdwaGlsby9nZXRvYmplY3QucGw/Yy4xNzo0OjMxMi53amVv
2026-08-26T04:46:39.153Z resource:omit http://fonts.gstatic.com/s/opensans/v44/memvYaGs126MiZpBA-UvWbX2vVnXBbObj2OVTS-mu0SC55I.woff2 reason=response.body: Response body is unavailable for redirect responses
2026-08-26T04:46:39.154Z resource:omit http://fonts.gstatic.com/s/playfairdisplay/v40/nuFiD-vYSZviVYUb_rj3ij__anPXDTzYgEM86xQ.woff2 reason=response.body: Response body is unavailable for redirect responses
2026-08-26T04:46:39.154Z resource:omit http://fonts.gstatic.com/s/opensans/v44/memvYaGs126MiZpBA-UvWbX2vVnXBbObj2OVTUGmu0SC55K5gw.woff2 reason=response.body: Response body is unavailable for redirect responses
2026-08-26T04:46:39.332Z resource:omit http://fonts.gstatic.com/s/playfairdisplay/v40/nuFkD-vYSZviVYUb_rj3ij__anPXDTnogkk7yRZrPA.woff2 reason=response.body: Response body is unavailable for redirect responses
2026-08-26T04:46:39.491Z resource:omit http://www.google-analytics.com/ga.js reason=response.body: Response body is unavailable for redirect responses
2026-08-26T04:46:39.496Z resource:omit http://www.google-analytics.com/__utm.gif?utmwv=5.7.2&utms=65&utmn=334993751&utmhn=edwards.yale.edu&utmcs=UTF-8&utmsr=1280x720&utmvp=1280x720&utmsc=24-bit&utmul=pl&utmje=0&utmfl=-&utmdt=Search%20WJE%20Online%20%7C%20The%20Jonathan%20Edwards%20Center%20at%20Yale%20University&utmhid=1701509408&utmr=-&utmp=%2Farchive%3Fpath%3DaHR0cDovL2Vkd2FyZHMueWFsZS5lZHUvY2dpLWJpbi9uZXdwaGlsby9nZXRvYmplY3QucGw%2FYy4xNzo0OjMxMi53amVv&utmht=1787719599493&utmac=UA-1489454-4&utmcc=__utma%3D258641246.2032384476.1787719243.1787719243.1787719243.1%3B%2B__utmz%3D258641246.1787719243.1.1.utmcsr%3D(direct)%7Cutmccn%3D(direct)%7Cutmcmd%3D(none)%3B&utmjid=&utmu=qAAAAAAAAAAAAAAAAAAAAAAE~ reason=response.body: Response body is unavailable for redirect responses
2026-08-26T04:46:40.224Z scroll:stable height=1626 samples=6
2026-08-26T04:46:41.370Z complete:069.html html=37785 assets=18
2026-08-26T04:46:43.871Z resume:retry 070.html reason=manifest-incomplete
2026-08-26T04:46:43.872Z attempt:1/3 070.html
2026-08-26T04:46:43.872Z navigation:start http://edwards.yale.edu/archive?path=aHR0cDovL2Vkd2FyZHMueWFsZS5lZHUvY2dpLWJpbi9uZXdwaGlsby9nZXRvYmplY3QucGw/Yy4xNzo0OjMxMy53amVv
2026-08-26T04:46:44.374Z resource:omit http://fonts.gstatic.com/s/opensans/v44/memvYaGs126MiZpBA-UvWbX2vVnXBbObj2OVTS-mu0SC55I.woff2 reason=response.body: Response body is unavailable for redirect responses
2026-08-26T04:46:44.374Z resource:omit http://fonts.gstatic.com/s/playfairdisplay/v40/nuFiD-vYSZviVYUb_rj3ij__anPXDTzYgEM86xQ.woff2 reason=response.body: Response body is unavailable for redirect responses
2026-08-26T04:46:44.374Z resource:omit http://fonts.gstatic.com/s/opensans/v44/memvYaGs126MiZpBA-UvWbX2vVnXBbObj2OVTUGmu0SC55K5gw.woff2 reason=response.body: Response body is unavailable for redirect responses
2026-08-26T04:46:44.558Z resource:omit http://fonts.gstatic.com/s/playfairdisplay/v40/nuFkD-vYSZviVYUb_rj3ij__anPXDTnogkk7yRZrPA.woff2 reason=response.body: Response body is unavailable for redirect responses
2026-08-26T04:46:44.710Z resource:omit http://www.google-analytics.com/ga.js reason=response.body: Response body is unavailable for redirect responses
2026-08-26T04:46:44.715Z resource:omit http://www.google-analytics.com/__utm.gif?utmwv=5.7.2&utms=66&utmn=2038534497&utmhn=edwards.yale.edu&utmcs=UTF-8&utmsr=1280x720&utmvp=1280x720&utmsc=24-bit&utmul=pl&utmje=0&utmfl=-&utmdt=Search%20WJE%20Online%20%7C%20The%20Jonathan%20Edwards%20Center%20at%20Yale%20University&utmhid=1165224313&utmr=-&utmp=%2Farchive%3Fpath%3DaHR0cDovL2Vkd2FyZHMueWFsZS5lZHUvY2dpLWJpbi9uZXdwaGlsby9nZXRvYmplY3QucGw%2FYy4xNzo0OjMxMy53amVv&utmht=1787719604710&utmac=UA-1489454-4&utmcc=__utma%3D258641246.2032384476.1787719243.1787719243.1787719243.1%3B%2B__utmz%3D258641246.1787719243.1.1.utmcsr%3D(direct)%7Cutmccn%3D(direct)%7Cutmcmd%3D(none)%3B&utmjid=&utmu=qAAAAAAAAAAAAAAAAAAAAAAE~ reason=response.body: Response body is unavailable for redirect responses
2026-08-26T04:46:45.227Z scroll:stable height=1156 samples=5
2026-08-26T04:46:46.483Z complete:070.html html=34827 assets=18
2026-08-26T04:46:48.984Z resume:retry 071.html reason=manifest-incomplete
2026-08-26T04:46:48.985Z attempt:1/3 071.html
2026-08-26T04:46:48.985Z navigation:start http://edwards.yale.edu/archive?path=aHR0cDovL2Vkd2FyZHMueWFsZS5lZHUvY2dpLWJpbi9uZXdwaGlsby9nZXRvYmplY3QucGw/Yy4xNzo0OjMxNC53amVv
2026-08-26T04:46:49.592Z resource:omit http://fonts.gstatic.com/s/opensans/v44/memvYaGs126MiZpBA-UvWbX2vVnXBbObj2OVTS-mu0SC55I.woff2 reason=response.body: Response body is unavailable for redirect responses
2026-08-26T04:46:49.592Z resource:omit http://fonts.gstatic.com/s/playfairdisplay/v40/nuFiD-vYSZviVYUb_rj3ij__anPXDTzYgEM86xQ.woff2 reason=response.body: Response body is unavailable for redirect responses
2026-08-26T04:46:49.592Z resource:omit http://fonts.gstatic.com/s/opensans/v44/memvYaGs126MiZpBA-UvWbX2vVnXBbObj2OVTUGmu0SC55K5gw.woff2 reason=response.body: Response body is unavailable for redirect responses
2026-08-26T04:46:49.773Z resource:omit http://fonts.gstatic.com/s/playfairdisplay/v40/nuFkD-vYSZviVYUb_rj3ij__anPXDTnogkk7yRZrPA.woff2 reason=response.body: Response body is unavailable for redirect responses
2026-08-26T04:46:49.940Z resource:omit http://www.google-analytics.com/ga.js reason=response.body: Response body is unavailable for redirect responses
2026-08-26T04:46:49.944Z resource:omit http://www.google-analytics.com/__utm.gif?utmwv=5.7.2&utms=67&utmn=1950918043&utmhn=edwards.yale.edu&utmcs=UTF-8&utmsr=1280x720&utmvp=1280x720&utmsc=24-bit&utmul=pl&utmje=0&utmfl=-&utmdt=Search%20WJE%20Online%20%7C%20The%20Jonathan%20Edwards%20Center%20at%20Yale%20University&utmhid=1703665299&utmr=-&utmp=%2Farchive%3Fpath%3DaHR0cDovL2Vkd2FyZHMueWFsZS5lZHUvY2dpLWJpbi9uZXdwaGlsby9nZXRvYmplY3QucGw%2FYy4xNzo0OjMxNC53amVv&utmht=1787719609941&utmac=UA-1489454-4&utmcc=__utma%3D258641246.2032384476.1787719243.1787719243.1787719243.1%3B%2B__utmz%3D258641246.1787719243.1.1.utmcsr%3D(direct)%7Cutmccn%3D(direct)%7Cutmcmd%3D(none)%3B&utmjid=&utmu=qAAAAAAAAAAAAAAAAAAAAAAE~ reason=response.body: Response body is unavailable for redirect responses
2026-08-26T04:46:50.836Z scroll:stable height=2420 samples=8
2026-08-26T04:46:51.889Z complete:071.html html=40905 assets=18
2026-08-26T04:46:54.390Z resume:retry 072.html reason=manifest-incomplete
2026-08-26T04:46:54.391Z attempt:1/3 072.html
2026-08-26T04:46:54.391Z navigation:start http://edwards.yale.edu/archive?path=aHR0cDovL2Vkd2FyZHMueWFsZS5lZHUvY2dpLWJpbi9uZXdwaGlsby9nZXRvYmplY3QucGw/Yy4xNzo0OjMxNS53amVv
2026-08-26T04:46:54.896Z resource:omit http://fonts.gstatic.com/s/opensans/v44/memvYaGs126MiZpBA-UvWbX2vVnXBbObj2OVTS-mu0SC55I.woff2 reason=response.body: Response body is unavailable for redirect responses
2026-08-26T04:46:54.896Z resource:omit http://fonts.gstatic.com/s/playfairdisplay/v40/nuFiD-vYSZviVYUb_rj3ij__anPXDTzYgEM86xQ.woff2 reason=response.body: Response body is unavailable for redirect responses
2026-08-26T04:46:54.897Z resource:omit http://fonts.gstatic.com/s/opensans/v44/memvYaGs126MiZpBA-UvWbX2vVnXBbObj2OVTUGmu0SC55K5gw.woff2 reason=response.body: Response body is unavailable for redirect responses
2026-08-26T04:46:55.091Z resource:omit http://fonts.gstatic.com/s/playfairdisplay/v40/nuFkD-vYSZviVYUb_rj3ij__anPXDTnogkk7yRZrPA.woff2 reason=response.body: Response body is unavailable for redirect responses
2026-08-26T04:46:55.245Z resource:omit http://www.google-analytics.com/ga.js reason=response.body: Response body is unavailable for redirect responses
2026-08-26T04:46:55.251Z resource:omit http://www.google-analytics.com/__utm.gif?utmwv=5.7.2&utms=68&utmn=1737871677&utmhn=edwards.yale.edu&utmcs=UTF-8&utmsr=1280x720&utmvp=1280x720&utmsc=24-bit&utmul=pl&utmje=0&utmfl=-&utmdt=Search%20WJE%20Online%20%7C%20The%20Jonathan%20Edwards%20Center%20at%20Yale%20University&utmhid=1098447915&utmr=-&utmp=%2Farchive%3Fpath%3DaHR0cDovL2Vkd2FyZHMueWFsZS5lZHUvY2dpLWJpbi9uZXdwaGlsby9nZXRvYmplY3QucGw%2FYy4xNzo0OjMxNS53amVv&utmht=1787719615249&utmac=UA-1489454-4&utmcc=__utma%3D258641246.2032384476.1787719243.1787719243.1787719243.1%3B%2B__utmz%3D258641246.1787719243.1.1.utmcsr%3D(direct)%7Cutmccn%3D(direct)%7Cutmcmd%3D(none)%3B&utmjid=&utmu=qAAAAAAAAAAAAAAAAAAAAAAE~ reason=response.body: Response body is unavailable for redirect responses
2026-08-26T04:46:55.976Z scroll:stable height=1464 samples=6
2026-08-26T04:46:57.124Z complete:072.html html=36023 assets=18
2026-08-26T04:46:59.625Z resume:retry 073.html reason=manifest-incomplete
2026-08-26T04:46:59.630Z attempt:1/3 073.html
2026-08-26T04:46:59.631Z navigation:start http://edwards.yale.edu/archive?path=aHR0cDovL2Vkd2FyZHMueWFsZS5lZHUvY2dpLWJpbi9uZXdwaGlsby9nZXRvYmplY3QucGw/Yy4xNzo0OjMxNi53amVv
2026-08-26T04:47:00.142Z resource:omit http://fonts.gstatic.com/s/opensans/v44/memvYaGs126MiZpBA-UvWbX2vVnXBbObj2OVTS-mu0SC55I.woff2 reason=response.body: Response body is unavailable for redirect responses
2026-08-26T04:47:00.142Z resource:omit http://fonts.gstatic.com/s/playfairdisplay/v40/nuFiD-vYSZviVYUb_rj3ij__anPXDTzYgEM86xQ.woff2 reason=response.body: Response body is unavailable for redirect responses
2026-08-26T04:47:00.142Z resource:omit http://fonts.gstatic.com/s/opensans/v44/memvYaGs126MiZpBA-UvWbX2vVnXBbObj2OVTUGmu0SC55K5gw.woff2 reason=response.body: Response body is unavailable for redirect responses
2026-08-26T04:47:00.332Z resource:omit http://fonts.gstatic.com/s/playfairdisplay/v40/nuFkD-vYSZviVYUb_rj3ij__anPXDTnogkk7yRZrPA.woff2 reason=response.body: Response body is unavailable for redirect responses
2026-08-26T04:47:00.495Z resource:omit http://www.google-analytics.com/ga.js reason=response.body: Response body is unavailable for redirect responses
2026-08-26T04:47:00.500Z resource:omit http://www.google-analytics.com/__utm.gif?utmwv=5.7.2&utms=69&utmn=1265908291&utmhn=edwards.yale.edu&utmcs=UTF-8&utmsr=1280x720&utmvp=1280x720&utmsc=24-bit&utmul=pl&utmje=0&utmfl=-&utmdt=Search%20WJE%20Online%20%7C%20The%20Jonathan%20Edwards%20Center%20at%20Yale%20University&utmhid=1304402788&utmr=-&utmp=%2Farchive%3Fpath%3DaHR0cDovL2Vkd2FyZHMueWFsZS5lZHUvY2dpLWJpbi9uZXdwaGlsby9nZXRvYmplY3QucGw%2FYy4xNzo0OjMxNi53amVv&utmht=1787719620498&utmac=UA-1489454-4&utmcc=__utma%3D258641246.2032384476.1787719243.1787719243.1787719243.1%3B%2B__utmz%3D258641246.1787719243.1.1.utmcsr%3D(direct)%7Cutmccn%3D(direct)%7Cutmcmd%3D(none)%3B&utmjid=&utmu=qAAAAAAAAAAAAAAAAAAAAAAE~ reason=response.body: Response body is unavailable for redirect responses
2026-08-26T04:47:01.218Z scroll:stable height=1455 samples=6
2026-08-26T04:47:02.360Z complete:073.html html=36815 assets=18
2026-08-26T04:47:04.861Z resume:retry 074.html reason=manifest-incomplete
2026-08-26T04:47:04.862Z attempt:1/3 074.html
2026-08-26T04:47:04.862Z navigation:start http://edwards.yale.edu/archive?path=aHR0cDovL2Vkd2FyZHMueWFsZS5lZHUvY2dpLWJpbi9uZXdwaGlsby9nZXRvYmplY3QucGw/Yy4xNzo0OjMxNy53amVv
2026-08-26T04:47:05.419Z resource:omit http://fonts.gstatic.com/s/opensans/v44/memvYaGs126MiZpBA-UvWbX2vVnXBbObj2OVTS-mu0SC55I.woff2 reason=response.body: Response body is unavailable for redirect responses
2026-08-26T04:47:05.420Z resource:omit http://fonts.gstatic.com/s/opensans/v44/memvYaGs126MiZpBA-UvWbX2vVnXBbObj2OVTUGmu0SC55K5gw.woff2 reason=response.body: Response body is unavailable for redirect responses
2026-08-26T04:47:05.420Z resource:omit http://fonts.gstatic.com/s/playfairdisplay/v40/nuFiD-vYSZviVYUb_rj3ij__anPXDTzYgEM86xQ.woff2 reason=response.body: Response body is unavailable for redirect responses
2026-08-26T04:47:05.599Z resource:omit http://fonts.gstatic.com/s/playfairdisplay/v40/nuFkD-vYSZviVYUb_rj3ij__anPXDTnogkk7yRZrPA.woff2 reason=response.body: Response body is unavailable for redirect responses
2026-08-26T04:47:05.834Z resource:omit http://www.google-analytics.com/ga.js reason=response.body: Response body is unavailable for redirect responses
2026-08-26T04:47:05.838Z resource:omit http://www.google-analytics.com/__utm.gif?utmwv=5.7.2&utms=70&utmn=237146305&utmhn=edwards.yale.edu&utmcs=UTF-8&utmsr=1280x720&utmvp=1280x720&utmsc=24-bit&utmul=pl&utmje=0&utmfl=-&utmdt=Search%20WJE%20Online%20%7C%20The%20Jonathan%20Edwards%20Center%20at%20Yale%20University&utmhid=560265502&utmr=-&utmp=%2Farchive%3Fpath%3DaHR0cDovL2Vkd2FyZHMueWFsZS5lZHUvY2dpLWJpbi9uZXdwaGlsby9nZXRvYmplY3QucGw%2FYy4xNzo0OjMxNy53amVv&utmht=1787719625833&utmac=UA-1489454-4&utmcc=__utma%3D258641246.2032384476.1787719243.1787719243.1787719243.1%3B%2B__utmz%3D258641246.1787719243.1.1.utmcsr%3D(direct)%7Cutmccn%3D(direct)%7Cutmcmd%3D(none)%3B&utmjid=&utmu=qAAAAAAAAAAAAAAAAAAAAAAE~ reason=response.body: Response body is unavailable for redirect responses
2026-08-26T04:47:06.601Z scroll:stable height=1977 samples=7
2026-08-26T04:47:07.650Z complete:074.html html=41200 assets=18
2026-08-26T04:47:10.151Z resume:retry 075.html reason=manifest-incomplete
2026-08-26T04:47:10.152Z attempt:1/3 075.html
2026-08-26T04:47:10.153Z navigation:start http://edwards.yale.edu/archive?path=aHR0cDovL2Vkd2FyZHMueWFsZS5lZHUvY2dpLWJpbi9uZXdwaGlsby9nZXRvYmplY3QucGw/Yy4xNzo0OjMxOC53amVv
2026-08-26T04:47:10.675Z resource:omit http://fonts.gstatic.com/s/opensans/v44/memvYaGs126MiZpBA-UvWbX2vVnXBbObj2OVTS-mu0SC55I.woff2 reason=response.body: Response body is unavailable for redirect responses
2026-08-26T04:47:10.675Z resource:omit http://fonts.gstatic.com/s/opensans/v44/memvYaGs126MiZpBA-UvWbX2vVnXBbObj2OVTUGmu0SC55K5gw.woff2 reason=response.body: Response body is unavailable for redirect responses
2026-08-26T04:47:10.675Z resource:omit http://fonts.gstatic.com/s/playfairdisplay/v40/nuFiD-vYSZviVYUb_rj3ij__anPXDTzYgEM86xQ.woff2 reason=response.body: Response body is unavailable for redirect responses
2026-08-26T04:47:10.866Z resource:omit http://fonts.gstatic.com/s/playfairdisplay/v40/nuFkD-vYSZviVYUb_rj3ij__anPXDTnogkk7yRZrPA.woff2 reason=response.body: Response body is unavailable for redirect responses
2026-08-26T04:47:11.075Z resource:omit http://www.google-analytics.com/ga.js reason=response.body: Response body is unavailable for redirect responses
2026-08-26T04:47:11.080Z resource:omit http://www.google-analytics.com/__utm.gif?utmwv=5.7.2&utms=71&utmn=545263285&utmhn=edwards.yale.edu&utmcs=UTF-8&utmsr=1280x720&utmvp=1280x720&utmsc=24-bit&utmul=pl&utmje=0&utmfl=-&utmdt=Search%20WJE%20Online%20%7C%20The%20Jonathan%20Edwards%20Center%20at%20Yale%20University&utmhid=735384106&utmr=-&utmp=%2Farchive%3Fpath%3DaHR0cDovL2Vkd2FyZHMueWFsZS5lZHUvY2dpLWJpbi9uZXdwaGlsby9nZXRvYmplY3QucGw%2FYy4xNzo0OjMxOC53amVv&utmht=1787719631077&utmac=UA-1489454-4&utmcc=__utma%3D258641246.2032384476.1787719243.1787719243.1787719243.1%3B%2B__utmz%3D258641246.1787719243.1.1.utmcsr%3D(direct)%7Cutmccn%3D(direct)%7Cutmcmd%3D(none)%3B&utmjid=&utmu=qAAAAAAAAAAAAAAAAAAAAAAE~ reason=response.body: Response body is unavailable for redirect responses
2026-08-26T04:47:11.722Z scroll:stable height=1781 samples=6
2026-08-26T04:47:12.901Z complete:075.html html=39534 assets=18
2026-08-26T04:47:15.402Z resume:retry 076.html reason=manifest-incomplete
2026-08-26T04:47:15.403Z attempt:1/3 076.html
2026-08-26T04:47:15.403Z navigation:start http://edwards.yale.edu/archive?path=aHR0cDovL2Vkd2FyZHMueWFsZS5lZHUvY2dpLWJpbi9uZXdwaGlsby9nZXRvYmplY3QucGw/Yy4xNzo0OjMxOS53amVv
2026-08-26T04:47:15.914Z resource:omit http://fonts.gstatic.com/s/opensans/v44/memvYaGs126MiZpBA-UvWbX2vVnXBbObj2OVTS-mu0SC55I.woff2 reason=response.body: Response body is unavailable for redirect responses
2026-08-26T04:47:15.914Z resource:omit http://fonts.gstatic.com/s/playfairdisplay/v40/nuFiD-vYSZviVYUb_rj3ij__anPXDTzYgEM86xQ.woff2 reason=response.body: Response body is unavailable for redirect responses
2026-08-26T04:47:15.915Z resource:omit http://fonts.gstatic.com/s/opensans/v44/memvYaGs126MiZpBA-UvWbX2vVnXBbObj2OVTUGmu0SC55K5gw.woff2 reason=response.body: Response body is unavailable for redirect responses
2026-08-26T04:47:16.099Z resource:omit http://fonts.gstatic.com/s/playfairdisplay/v40/nuFkD-vYSZviVYUb_rj3ij__anPXDTnogkk7yRZrPA.woff2 reason=response.body: Response body is unavailable for redirect responses
2026-08-26T04:47:16.317Z resource:omit http://www.google-analytics.com/ga.js reason=response.body: Response body is unavailable for redirect responses
2026-08-26T04:47:16.321Z resource:omit http://www.google-analytics.com/__utm.gif?utmwv=5.7.2&utms=72&utmn=1489749438&utmhn=edwards.yale.edu&utmcs=UTF-8&utmsr=1280x720&utmvp=1280x720&utmsc=24-bit&utmul=pl&utmje=0&utmfl=-&utmdt=Search%20WJE%20Online%20%7C%20The%20Jonathan%20Edwards%20Center%20at%20Yale%20University&utmhid=207830784&utmr=-&utmp=%2Farchive%3Fpath%3DaHR0cDovL2Vkd2FyZHMueWFsZS5lZHUvY2dpLWJpbi9uZXdwaGlsby9nZXRvYmplY3QucGw%2FYy4xNzo0OjMxOS53amVv&utmht=1787719636319&utmac=UA-1489454-4&utmcc=__utma%3D258641246.2032384476.1787719243.1787719243.1787719243.1%3B%2B__utmz%3D258641246.1787719243.1.1.utmcsr%3D(direct)%7Cutmccn%3D(direct)%7Cutmcmd%3D(none)%3B&utmjid=&utmu=qAAAAAAAAAAAAAAAAAAAAAAE~ reason=response.body: Response body is unavailable for redirect responses
2026-08-26T04:47:16.959Z scroll:stable height=1738 samples=6
2026-08-26T04:47:18.132Z complete:076.html html=39191 assets=18
2026-08-26T04:47:20.635Z resume:retry 077.html reason=manifest-incomplete
2026-08-26T04:47:20.639Z attempt:1/3 077.html
2026-08-26T04:47:20.640Z navigation:start http://edwards.yale.edu/archive?path=aHR0cDovL2Vkd2FyZHMueWFsZS5lZHUvY2dpLWJpbi9uZXdwaGlsby9nZXRvYmplY3QucGw/Yy4xNzo0OjMyMC53amVv
2026-08-26T04:47:21.148Z resource:omit http://fonts.gstatic.com/s/opensans/v44/memvYaGs126MiZpBA-UvWbX2vVnXBbObj2OVTS-mu0SC55I.woff2 reason=response.body: Response body is unavailable for redirect responses
2026-08-26T04:47:21.148Z resource:omit http://fonts.gstatic.com/s/opensans/v44/memvYaGs126MiZpBA-UvWbX2vVnXBbObj2OVTUGmu0SC55K5gw.woff2 reason=response.body: Response body is unavailable for redirect responses
2026-08-26T04:47:21.148Z resource:omit http://fonts.gstatic.com/s/playfairdisplay/v40/nuFiD-vYSZviVYUb_rj3ij__anPXDTzYgEM86xQ.woff2 reason=response.body: Response body is unavailable for redirect responses
2026-08-26T04:47:21.325Z resource:omit http://fonts.gstatic.com/s/playfairdisplay/v40/nuFkD-vYSZviVYUb_rj3ij__anPXDTnogkk7yRZrPA.woff2 reason=response.body: Response body is unavailable for redirect responses
2026-08-26T04:47:21.562Z resource:omit http://www.google-analytics.com/ga.js reason=response.body: Response body is unavailable for redirect responses
2026-08-26T04:47:21.568Z resource:omit http://www.google-analytics.com/__utm.gif?utmwv=5.7.2&utms=73&utmn=1793969227&utmhn=edwards.yale.edu&utmcs=UTF-8&utmsr=1280x720&utmvp=1280x720&utmsc=24-bit&utmul=pl&utmje=0&utmfl=-&utmdt=Search%20WJE%20Online%20%7C%20The%20Jonathan%20Edwards%20Center%20at%20Yale%20University&utmhid=415278745&utmr=-&utmp=%2Farchive%3Fpath%3DaHR0cDovL2Vkd2FyZHMueWFsZS5lZHUvY2dpLWJpbi9uZXdwaGlsby9nZXRvYmplY3QucGw%2FYy4xNzo0OjMyMC53amVv&utmht=1787719641565&utmac=UA-1489454-4&utmcc=__utma%3D258641246.2032384476.1787719243.1787719243.1787719243.1%3B%2B__utmz%3D258641246.1787719243.1.1.utmcsr%3D(direct)%7Cutmccn%3D(direct)%7Cutmcmd%3D(none)%3B&utmjid=&utmu=qAAAAAAAAAAAAAAAAAAAAAAE~ reason=response.body: Response body is unavailable for redirect responses
2026-08-26T04:47:22.209Z scroll:stable height=1452 samples=6
2026-08-26T04:47:23.361Z complete:077.html html=37507 assets=18
2026-08-26T04:47:25.861Z resume:retry 078.html reason=manifest-incomplete
2026-08-26T04:47:25.862Z attempt:1/3 078.html
2026-08-26T04:47:25.863Z navigation:start http://edwards.yale.edu/archive?path=aHR0cDovL2Vkd2FyZHMueWFsZS5lZHUvY2dpLWJpbi9uZXdwaGlsby9nZXRvYmplY3QucGw/Yy4xNzo0OjMyMS53amVv
2026-08-26T04:47:26.387Z resource:omit http://fonts.gstatic.com/s/opensans/v44/memvYaGs126MiZpBA-UvWbX2vVnXBbObj2OVTS-mu0SC55I.woff2 reason=response.body: Response body is unavailable for redirect responses
2026-08-26T04:47:26.387Z resource:omit http://fonts.gstatic.com/s/playfairdisplay/v40/nuFiD-vYSZviVYUb_rj3ij__anPXDTzYgEM86xQ.woff2 reason=response.body: Response body is unavailable for redirect responses
2026-08-26T04:47:26.387Z resource:omit http://fonts.gstatic.com/s/opensans/v44/memvYaGs126MiZpBA-UvWbX2vVnXBbObj2OVTUGmu0SC55K5gw.woff2 reason=response.body: Response body is unavailable for redirect responses
2026-08-26T04:47:26.575Z resource:omit http://fonts.gstatic.com/s/playfairdisplay/v40/nuFkD-vYSZviVYUb_rj3ij__anPXDTnogkk7yRZrPA.woff2 reason=response.body: Response body is unavailable for redirect responses
2026-08-26T04:47:26.803Z resource:omit http://www.google-analytics.com/ga.js reason=response.body: Response body is unavailable for redirect responses
2026-08-26T04:47:26.807Z resource:omit http://www.google-analytics.com/__utm.gif?utmwv=5.7.2&utms=74&utmn=1105786296&utmhn=edwards.yale.edu&utmcs=UTF-8&utmsr=1280x720&utmvp=1280x720&utmsc=24-bit&utmul=pl&utmje=0&utmfl=-&utmdt=Search%20WJE%20Online%20%7C%20The%20Jonathan%20Edwards%20Center%20at%20Yale%20University&utmhid=818945174&utmr=-&utmp=%2Farchive%3Fpath%3DaHR0cDovL2Vkd2FyZHMueWFsZS5lZHUvY2dpLWJpbi9uZXdwaGlsby9nZXRvYmplY3QucGw%2FYy4xNzo0OjMyMS53amVv&utmht=1787719646804&utmac=UA-1489454-4&utmcc=__utma%3D258641246.2032384476.1787719243.1787719243.1787719243.1%3B%2B__utmz%3D258641246.1787719243.1.1.utmcsr%3D(direct)%7Cutmccn%3D(direct)%7Cutmcmd%3D(none)%3B&utmjid=&utmu=qAAAAAAAAAAAAAAAAAAAAAAE~ reason=response.body: Response body is unavailable for redirect responses
2026-08-26T04:47:27.448Z scroll:stable height=1726 samples=6
2026-08-26T04:47:28.601Z complete:078.html html=38655 assets=18
2026-08-26T04:47:31.102Z resume:retry 079.html reason=manifest-incomplete
2026-08-26T04:47:31.102Z attempt:1/3 079.html
2026-08-26T04:47:31.102Z navigation:start http://edwards.yale.edu/archive?path=aHR0cDovL2Vkd2FyZHMueWFsZS5lZHUvY2dpLWJpbi9uZXdwaGlsby9nZXRvYmplY3QucGw/Yy4xNzo0OjMyMi53amVv
2026-08-26T04:47:31.628Z resource:omit http://fonts.gstatic.com/s/opensans/v44/memvYaGs126MiZpBA-UvWbX2vVnXBbObj2OVTS-mu0SC55I.woff2 reason=response.body: Response body is unavailable for redirect responses
2026-08-26T04:47:31.629Z resource:omit http://fonts.gstatic.com/s/playfairdisplay/v40/nuFiD-vYSZviVYUb_rj3ij__anPXDTzYgEM86xQ.woff2 reason=response.body: Response body is unavailable for redirect responses
2026-08-26T04:47:31.629Z resource:omit http://fonts.gstatic.com/s/opensans/v44/memvYaGs126MiZpBA-UvWbX2vVnXBbObj2OVTUGmu0SC55K5gw.woff2 reason=response.body: Response body is unavailable for redirect responses
2026-08-26T04:47:31.816Z resource:omit http://fonts.gstatic.com/s/playfairdisplay/v40/nuFkD-vYSZviVYUb_rj3ij__anPXDTnogkk7yRZrPA.woff2 reason=response.body: Response body is unavailable for redirect responses
2026-08-26T04:47:32.046Z resource:omit http://www.google-analytics.com/ga.js reason=response.body: Response body is unavailable for redirect responses
2026-08-26T04:47:32.051Z resource:omit http://www.google-analytics.com/__utm.gif?utmwv=5.7.2&utms=75&utmn=329032497&utmhn=edwards.yale.edu&utmcs=UTF-8&utmsr=1280x720&utmvp=1280x720&utmsc=24-bit&utmul=pl&utmje=0&utmfl=-&utmdt=Search%20WJE%20Online%20%7C%20The%20Jonathan%20Edwards%20Center%20at%20Yale%20University&utmhid=1597978320&utmr=-&utmp=%2Farchive%3Fpath%3DaHR0cDovL2Vkd2FyZHMueWFsZS5lZHUvY2dpLWJpbi9uZXdwaGlsby9nZXRvYmplY3QucGw%2FYy4xNzo0OjMyMi53amVv&utmht=1787719652048&utmac=UA-1489454-4&utmcc=__utma%3D258641246.2032384476.1787719243.1787719243.1787719243.1%3B%2B__utmz%3D258641246.1787719243.1.1.utmcsr%3D(direct)%7Cutmccn%3D(direct)%7Cutmcmd%3D(none)%3B&utmjid=&utmu=qAAAAAAAAAAAAAAAAAAAAAAE~ reason=response.body: Response body is unavailable for redirect responses
2026-08-26T04:47:32.694Z scroll:stable height=1530 samples=6
2026-08-26T04:47:33.843Z complete:079.html html=37132 assets=18
2026-08-26T04:47:36.344Z resume:retry 080.html reason=manifest-incomplete
2026-08-26T04:47:36.345Z attempt:1/3 080.html
2026-08-26T04:47:36.345Z navigation:start http://edwards.yale.edu/archive?path=aHR0cDovL2Vkd2FyZHMueWFsZS5lZHUvY2dpLWJpbi9uZXdwaGlsby9nZXRvYmplY3QucGw/Yy4xNzo0OjMyMy53amVv
2026-08-26T04:47:36.868Z resource:omit http://fonts.gstatic.com/s/opensans/v44/memvYaGs126MiZpBA-UvWbX2vVnXBbObj2OVTS-mu0SC55I.woff2 reason=response.body: Response body is unavailable for redirect responses
2026-08-26T04:47:36.868Z resource:omit http://fonts.gstatic.com/s/opensans/v44/memvYaGs126MiZpBA-UvWbX2vVnXBbObj2OVTUGmu0SC55K5gw.woff2 reason=response.body: Response body is unavailable for redirect responses
2026-08-26T04:47:36.868Z resource:omit http://fonts.gstatic.com/s/playfairdisplay/v40/nuFiD-vYSZviVYUb_rj3ij__anPXDTzYgEM86xQ.woff2 reason=response.body: Response body is unavailable for redirect responses
2026-08-26T04:47:37.049Z resource:omit http://fonts.gstatic.com/s/playfairdisplay/v40/nuFkD-vYSZviVYUb_rj3ij__anPXDTnogkk7yRZrPA.woff2 reason=response.body: Response body is unavailable for redirect responses
2026-08-26T04:47:37.288Z resource:omit http://www.google-analytics.com/ga.js reason=response.body: Response body is unavailable for redirect responses
2026-08-26T04:47:37.293Z resource:omit http://www.google-analytics.com/__utm.gif?utmwv=5.7.2&utms=76&utmn=1422809499&utmhn=edwards.yale.edu&utmcs=UTF-8&utmsr=1280x720&utmvp=1280x720&utmsc=24-bit&utmul=pl&utmje=0&utmfl=-&utmdt=Search%20WJE%20Online%20%7C%20The%20Jonathan%20Edwards%20Center%20at%20Yale%20University&utmhid=89460017&utmr=-&utmp=%2Farchive%3Fpath%3DaHR0cDovL2Vkd2FyZHMueWFsZS5lZHUvY2dpLWJpbi9uZXdwaGlsby9nZXRvYmplY3QucGw%2FYy4xNzo0OjMyMy53amVv&utmht=1787719657290&utmac=UA-1489454-4&utmcc=__utma%3D258641246.2032384476.1787719243.1787719243.1787719243.1%3B%2B__utmz%3D258641246.1787719243.1.1.utmcsr%3D(direct)%7Cutmccn%3D(direct)%7Cutmcmd%3D(none)%3B&utmjid=&utmu=qAAAAAAAAAAAAAAAAAAAAAAE~ reason=response.body: Response body is unavailable for redirect responses
2026-08-26T04:47:37.932Z scroll:stable height=1770 samples=6
2026-08-26T04:47:39.075Z complete:080.html html=40237 assets=18
2026-08-26T04:47:41.577Z resume:retry 081.html reason=manifest-incomplete
2026-08-26T04:47:41.578Z attempt:1/3 081.html
2026-08-26T04:47:41.578Z navigation:start http://edwards.yale.edu/archive?path=aHR0cDovL2Vkd2FyZHMueWFsZS5lZHUvY2dpLWJpbi9uZXdwaGlsby9nZXRvYmplY3QucGw/Yy4xNzo0OjMyNC53amVv
2026-08-26T04:47:42.083Z resource:omit http://fonts.gstatic.com/s/opensans/v44/memvYaGs126MiZpBA-UvWbX2vVnXBbObj2OVTS-mu0SC55I.woff2 reason=response.body: Response body is unavailable for redirect responses
2026-08-26T04:47:42.083Z resource:omit http://fonts.gstatic.com/s/opensans/v44/memvYaGs126MiZpBA-UvWbX2vVnXBbObj2OVTUGmu0SC55K5gw.woff2 reason=response.body: Response body is unavailable for redirect responses
2026-08-26T04:47:42.083Z resource:omit http://fonts.gstatic.com/s/playfairdisplay/v40/nuFiD-vYSZviVYUb_rj3ij__anPXDTzYgEM86xQ.woff2 reason=response.body: Response body is unavailable for redirect responses
2026-08-26T04:47:42.265Z resource:omit http://fonts.gstatic.com/s/playfairdisplay/v40/nuFkD-vYSZviVYUb_rj3ij__anPXDTnogkk7yRZrPA.woff2 reason=response.body: Response body is unavailable for redirect responses
2026-08-26T04:47:42.431Z resource:omit http://www.google-analytics.com/ga.js reason=response.body: Response body is unavailable for redirect responses
2026-08-26T04:47:42.435Z resource:omit http://www.google-analytics.com/__utm.gif?utmwv=5.7.2&utms=77&utmn=256599968&utmhn=edwards.yale.edu&utmcs=UTF-8&utmsr=1280x720&utmvp=1280x720&utmsc=24-bit&utmul=pl&utmje=0&utmfl=-&utmdt=Search%20WJE%20Online%20%7C%20The%20Jonathan%20Edwards%20Center%20at%20Yale%20University&utmhid=110653240&utmr=-&utmp=%2Farchive%3Fpath%3DaHR0cDovL2Vkd2FyZHMueWFsZS5lZHUvY2dpLWJpbi9uZXdwaGlsby9nZXRvYmplY3QucGw%2FYy4xNzo0OjMyNC53amVv&utmht=1787719662432&utmac=UA-1489454-4&utmcc=__utma%3D258641246.2032384476.1787719243.1787719243.1787719243.1%3B%2B__utmz%3D258641246.1787719243.1.1.utmcsr%3D(direct)%7Cutmccn%3D(direct)%7Cutmcmd%3D(none)%3B&utmjid=&utmu=qAAAAAAAAAAAAAAAAAAAAAAE~ reason=response.body: Response body is unavailable for redirect responses
2026-08-26T04:47:43.156Z scroll:stable height=1634 samples=6
2026-08-26T04:47:44.301Z complete:081.html html=37836 assets=18
2026-08-26T04:47:46.802Z resume:retry 082.html reason=manifest-incomplete
2026-08-26T04:47:46.803Z attempt:1/3 082.html
2026-08-26T04:47:46.803Z navigation:start http://edwards.yale.edu/archive?path=aHR0cDovL2Vkd2FyZHMueWFsZS5lZHUvY2dpLWJpbi9uZXdwaGlsby9nZXRvYmplY3QucGw/Yy4xNzo0OjMyNS53amVv
2026-08-26T04:47:47.339Z resource:omit http://fonts.gstatic.com/s/opensans/v44/memvYaGs126MiZpBA-UvWbX2vVnXBbObj2OVTS-mu0SC55I.woff2 reason=response.body: Response body is unavailable for redirect responses
2026-08-26T04:47:47.339Z resource:omit http://fonts.gstatic.com/s/opensans/v44/memvYaGs126MiZpBA-UvWbX2vVnXBbObj2OVTUGmu0SC55K5gw.woff2 reason=response.body: Response body is unavailable for redirect responses
2026-08-26T04:47:47.339Z resource:omit http://fonts.gstatic.com/s/playfairdisplay/v40/nuFiD-vYSZviVYUb_rj3ij__anPXDTzYgEM86xQ.woff2 reason=response.body: Response body is unavailable for redirect responses
2026-08-26T04:47:47.533Z resource:omit http://fonts.gstatic.com/s/playfairdisplay/v40/nuFkD-vYSZviVYUb_rj3ij__anPXDTnogkk7yRZrPA.woff2 reason=response.body: Response body is unavailable for redirect responses
2026-08-26T04:47:47.772Z resource:omit http://www.google-analytics.com/ga.js reason=response.body: Response body is unavailable for redirect responses
2026-08-26T04:47:47.777Z resource:omit http://www.google-analytics.com/__utm.gif?utmwv=5.7.2&utms=78&utmn=419292717&utmhn=edwards.yale.edu&utmcs=UTF-8&utmsr=1280x720&utmvp=1280x720&utmsc=24-bit&utmul=pl&utmje=0&utmfl=-&utmdt=Search%20WJE%20Online%20%7C%20The%20Jonathan%20Edwards%20Center%20at%20Yale%20University&utmhid=173517944&utmr=-&utmp=%2Farchive%3Fpath%3DaHR0cDovL2Vkd2FyZHMueWFsZS5lZHUvY2dpLWJpbi9uZXdwaGlsby9nZXRvYmplY3QucGw%2FYy4xNzo0OjMyNS53amVv&utmht=1787719667773&utmac=UA-1489454-4&utmcc=__utma%3D258641246.2032384476.1787719243.1787719243.1787719243.1%3B%2B__utmz%3D258641246.1787719243.1.1.utmcsr%3D(direct)%7Cutmccn%3D(direct)%7Cutmcmd%3D(none)%3B&utmjid=&utmu=qAAAAAAAAAAAAAAAAAAAAAAE~ reason=response.body: Response body is unavailable for redirect responses
2026-08-26T04:47:48.419Z scroll:stable height=1370 samples=6
2026-08-26T04:47:49.559Z complete:082.html html=35900 assets=18
2026-08-26T04:47:52.060Z resume:retry 083.html reason=manifest-incomplete
2026-08-26T04:47:52.061Z attempt:1/3 083.html
2026-08-26T04:47:52.061Z navigation:start http://edwards.yale.edu/archive?path=aHR0cDovL2Vkd2FyZHMueWFsZS5lZHUvY2dpLWJpbi9uZXdwaGlsby9nZXRvYmplY3QucGw/Yy4xNzo0OjMyNi53amVv
2026-08-26T04:47:52.558Z resource:omit http://fonts.gstatic.com/s/opensans/v44/memvYaGs126MiZpBA-UvWbX2vVnXBbObj2OVTS-mu0SC55I.woff2 reason=response.body: Response body is unavailable for redirect responses
2026-08-26T04:47:52.558Z resource:omit http://fonts.gstatic.com/s/playfairdisplay/v40/nuFiD-vYSZviVYUb_rj3ij__anPXDTzYgEM86xQ.woff2 reason=response.body: Response body is unavailable for redirect responses
2026-08-26T04:47:52.558Z resource:omit http://fonts.gstatic.com/s/opensans/v44/memvYaGs126MiZpBA-UvWbX2vVnXBbObj2OVTUGmu0SC55K5gw.woff2 reason=response.body: Response body is unavailable for redirect responses
2026-08-26T04:47:52.740Z resource:omit http://fonts.gstatic.com/s/playfairdisplay/v40/nuFkD-vYSZviVYUb_rj3ij__anPXDTnogkk7yRZrPA.woff2 reason=response.body: Response body is unavailable for redirect responses
2026-08-26T04:47:52.901Z resource:omit http://www.google-analytics.com/ga.js reason=response.body: Response body is unavailable for redirect responses
2026-08-26T04:47:52.905Z resource:omit http://www.google-analytics.com/__utm.gif?utmwv=5.7.2&utms=79&utmn=1744005087&utmhn=edwards.yale.edu&utmcs=UTF-8&utmsr=1280x720&utmvp=1280x720&utmsc=24-bit&utmul=pl&utmje=0&utmfl=-&utmdt=Search%20WJE%20Online%20%7C%20The%20Jonathan%20Edwards%20Center%20at%20Yale%20University&utmhid=937011521&utmr=-&utmp=%2Farchive%3Fpath%3DaHR0cDovL2Vkd2FyZHMueWFsZS5lZHUvY2dpLWJpbi9uZXdwaGlsby9nZXRvYmplY3QucGw%2FYy4xNzo0OjMyNi53amVv&utmht=1787719672903&utmac=UA-1489454-4&utmcc=__utma%3D258641246.2032384476.1787719243.1787719243.1787719243.1%3B%2B__utmz%3D258641246.1787719243.1.1.utmcsr%3D(direct)%7Cutmccn%3D(direct)%7Cutmcmd%3D(none)%3B&utmjid=&utmu=qAAAAAAAAAAAAAAAAAAAAAAE~ reason=response.body: Response body is unavailable for redirect responses
2026-08-26T04:47:53.501Z scroll:stable height=1216 samples=5
2026-08-26T04:47:54.778Z complete:083.html html=35365 assets=18
2026-08-26T04:47:57.278Z resume:retry 084.html reason=manifest-incomplete
2026-08-26T04:47:57.279Z attempt:1/3 084.html
2026-08-26T04:47:57.280Z navigation:start http://edwards.yale.edu/archive?path=aHR0cDovL2Vkd2FyZHMueWFsZS5lZHUvY2dpLWJpbi9uZXdwaGlsby9nZXRvYmplY3QucGw/Yy4xNzo0OjMyNy53amVv
2026-08-26T04:47:57.813Z resource:omit http://fonts.gstatic.com/s/opensans/v44/memvYaGs126MiZpBA-UvWbX2vVnXBbObj2OVTS-mu0SC55I.woff2 reason=response.body: Response body is unavailable for redirect responses
2026-08-26T04:47:57.814Z resource:omit http://fonts.gstatic.com/s/opensans/v44/memvYaGs126MiZpBA-UvWbX2vVnXBbObj2OVTUGmu0SC55K5gw.woff2 reason=response.body: Response body is unavailable for redirect responses
2026-08-26T04:47:57.814Z resource:omit http://fonts.gstatic.com/s/playfairdisplay/v40/nuFiD-vYSZviVYUb_rj3ij__anPXDTzYgEM86xQ.woff2 reason=response.body: Response body is unavailable for redirect responses
2026-08-26T04:47:58.074Z resource:omit http://fonts.gstatic.com/s/playfairdisplay/v40/nuFkD-vYSZviVYUb_rj3ij__anPXDTnogkk7yRZrPA.woff2 reason=response.body: Response body is unavailable for redirect responses
2026-08-26T04:47:58.265Z resource:omit http://www.google-analytics.com/ga.js reason=response.body: Response body is unavailable for redirect responses
2026-08-26T04:47:58.269Z resource:omit http://www.google-analytics.com/__utm.gif?utmwv=5.7.2&utms=80&utmn=679154576&utmhn=edwards.yale.edu&utmcs=UTF-8&utmsr=1280x720&utmvp=1280x720&utmsc=24-bit&utmul=pl&utmje=0&utmfl=-&utmdt=Search%20WJE%20Online%20%7C%20The%20Jonathan%20Edwards%20Center%20at%20Yale%20University&utmhid=1756405739&utmr=-&utmp=%2Farchive%3Fpath%3DaHR0cDovL2Vkd2FyZHMueWFsZS5lZHUvY2dpLWJpbi9uZXdwaGlsby9nZXRvYmplY3QucGw%2FYy4xNzo0OjMyNy53amVv&utmht=1787719678267&utmac=UA-1489454-4&utmcc=__utma%3D258641246.2032384476.1787719243.1787719243.1787719243.1%3B%2B__utmz%3D258641246.1787719243.1.1.utmcsr%3D(direct)%7Cutmccn%3D(direct)%7Cutmcmd%3D(none)%3B&utmjid=&utmu=qAAAAAAAAAAAAAAAAAAAAAAE~ reason=response.body: Response body is unavailable for redirect responses
2026-08-26T04:47:58.909Z scroll:stable height=1423 samples=6
2026-08-26T04:48:00.047Z complete:084.html html=36911 assets=18
2026-08-26T04:48:02.548Z resume:retry 085.html reason=manifest-incomplete
2026-08-26T04:48:02.549Z attempt:1/3 085.html
2026-08-26T04:48:02.550Z navigation:start http://edwards.yale.edu/archive?path=aHR0cDovL2Vkd2FyZHMueWFsZS5lZHUvY2dpLWJpbi9uZXdwaGlsby9nZXRvYmplY3QucGw/Yy4xNzo0OjMyOC53amVv
2026-08-26T04:48:03.084Z resource:omit http://fonts.gstatic.com/s/opensans/v44/memvYaGs126MiZpBA-UvWbX2vVnXBbObj2OVTS-mu0SC55I.woff2 reason=response.body: Response body is unavailable for redirect responses
2026-08-26T04:48:03.085Z resource:omit http://fonts.gstatic.com/s/opensans/v44/memvYaGs126MiZpBA-UvWbX2vVnXBbObj2OVTUGmu0SC55K5gw.woff2 reason=response.body: Response body is unavailable for redirect responses
2026-08-26T04:48:03.084Z resource:omit http://fonts.gstatic.com/s/playfairdisplay/v40/nuFiD-vYSZviVYUb_rj3ij__anPXDTzYgEM86xQ.woff2 reason=response.body: Response body is unavailable for redirect responses
2026-08-26T04:48:03.258Z resource:omit http://fonts.gstatic.com/s/playfairdisplay/v40/nuFkD-vYSZviVYUb_rj3ij__anPXDTnogkk7yRZrPA.woff2 reason=response.body: Response body is unavailable for redirect responses
2026-08-26T04:48:03.503Z resource:omit http://www.google-analytics.com/ga.js reason=response.body: Response body is unavailable for redirect responses
2026-08-26T04:48:03.508Z resource:omit http://www.google-analytics.com/__utm.gif?utmwv=5.7.2&utms=81&utmn=1852030045&utmhn=edwards.yale.edu&utmcs=UTF-8&utmsr=1280x720&utmvp=1280x720&utmsc=24-bit&utmul=pl&utmje=0&utmfl=-&utmdt=Search%20WJE%20Online%20%7C%20The%20Jonathan%20Edwards%20Center%20at%20Yale%20University&utmhid=1484122411&utmr=-&utmp=%2Farchive%3Fpath%3DaHR0cDovL2Vkd2FyZHMueWFsZS5lZHUvY2dpLWJpbi9uZXdwaGlsby9nZXRvYmplY3QucGw%2FYy4xNzo0OjMyOC53amVv&utmht=1787719683506&utmac=UA-1489454-4&utmcc=__utma%3D258641246.2032384476.1787719243.1787719243.1787719243.1%3B%2B__utmz%3D258641246.1787719243.1.1.utmcsr%3D(direct)%7Cutmccn%3D(direct)%7Cutmcmd%3D(none)%3B&utmjid=&utmu=qAAAAAAAAAAAAAAAAAAAAAAE~ reason=response.body: Response body is unavailable for redirect responses
2026-08-26T04:48:04.150Z scroll:stable height=1681 samples=6
2026-08-26T04:48:05.277Z complete:085.html html=38061 assets=18
2026-08-26T04:48:07.777Z resume:retry 086.html reason=manifest-incomplete
2026-08-26T04:48:07.778Z attempt:1/3 086.html
2026-08-26T04:48:07.778Z navigation:start http://edwards.yale.edu/archive?path=aHR0cDovL2Vkd2FyZHMueWFsZS5lZHUvY2dpLWJpbi9uZXdwaGlsby9nZXRvYmplY3QucGw/Yy4xNzo0OjMyOS53amVv
2026-08-26T04:48:08.302Z resource:omit http://fonts.gstatic.com/s/opensans/v44/memvYaGs126MiZpBA-UvWbX2vVnXBbObj2OVTS-mu0SC55I.woff2 reason=response.body: Response body is unavailable for redirect responses
2026-08-26T04:48:08.303Z resource:omit http://fonts.gstatic.com/s/playfairdisplay/v40/nuFiD-vYSZviVYUb_rj3ij__anPXDTzYgEM86xQ.woff2 reason=response.body: Response body is unavailable for redirect responses
2026-08-26T04:48:08.303Z resource:omit http://fonts.gstatic.com/s/opensans/v44/memvYaGs126MiZpBA-UvWbX2vVnXBbObj2OVTUGmu0SC55K5gw.woff2 reason=response.body: Response body is unavailable for redirect responses
2026-08-26T04:48:08.482Z resource:omit http://fonts.gstatic.com/s/playfairdisplay/v40/nuFkD-vYSZviVYUb_rj3ij__anPXDTnogkk7yRZrPA.woff2 reason=response.body: Response body is unavailable for redirect responses
2026-08-26T04:48:08.644Z resource:omit http://www.google-analytics.com/ga.js reason=response.body: Response body is unavailable for redirect responses
2026-08-26T04:48:08.646Z resource:omit http://www.google-analytics.com/__utm.gif?utmwv=5.7.2&utms=82&utmn=1112386859&utmhn=edwards.yale.edu&utmcs=UTF-8&utmsr=1280x720&utmvp=1280x720&utmsc=24-bit&utmul=pl&utmje=0&utmfl=-&utmdt=Search%20WJE%20Online%20%7C%20The%20Jonathan%20Edwards%20Center%20at%20Yale%20University&utmhid=1622050167&utmr=-&utmp=%2Farchive%3Fpath%3DaHR0cDovL2Vkd2FyZHMueWFsZS5lZHUvY2dpLWJpbi9uZXdwaGlsby9nZXRvYmplY3QucGw%2FYy4xNzo0OjMyOS53amVv&utmht=1787719688640&utmac=UA-1489454-4&utmcc=__utma%3D258641246.2032384476.1787719243.1787719243.1787719243.1%3B%2B__utmz%3D258641246.1787719243.1.1.utmcsr%3D(direct)%7Cutmccn%3D(direct)%7Cutmcmd%3D(none)%3B&utmjid=&utmu=qAAAAAAAAAAAAAAAAAAAAAAE~ reason=response.body: Response body is unavailable for redirect responses
2026-08-26T04:48:09.353Z scroll:stable height=1495 samples=6
2026-08-26T04:48:10.501Z complete:086.html html=36984 assets=18
2026-08-26T04:48:13.002Z resume:retry 087.html reason=manifest-incomplete
2026-08-26T04:48:13.003Z attempt:1/3 087.html
2026-08-26T04:48:13.003Z navigation:start http://edwards.yale.edu/archive?path=aHR0cDovL2Vkd2FyZHMueWFsZS5lZHUvY2dpLWJpbi9uZXdwaGlsby9nZXRvYmplY3QucGw/Yy4xNzo0OjMzMC53amVv
2026-08-26T04:48:13.527Z resource:omit http://fonts.gstatic.com/s/opensans/v44/memvYaGs126MiZpBA-UvWbX2vVnXBbObj2OVTS-mu0SC55I.woff2 reason=response.body: Response body is unavailable for redirect responses
2026-08-26T04:48:13.527Z resource:omit http://fonts.gstatic.com/s/playfairdisplay/v40/nuFiD-vYSZviVYUb_rj3ij__anPXDTzYgEM86xQ.woff2 reason=response.body: Response body is unavailable for redirect responses
2026-08-26T04:48:13.527Z resource:omit http://fonts.gstatic.com/s/opensans/v44/memvYaGs126MiZpBA-UvWbX2vVnXBbObj2OVTUGmu0SC55K5gw.woff2 reason=response.body: Response body is unavailable for redirect responses
2026-08-26T04:48:13.699Z resource:omit http://fonts.gstatic.com/s/playfairdisplay/v40/nuFkD-vYSZviVYUb_rj3ij__anPXDTnogkk7yRZrPA.woff2 reason=response.body: Response body is unavailable for redirect responses
2026-08-26T04:48:13.888Z resource:omit http://www.google-analytics.com/ga.js reason=response.body: Response body is unavailable for redirect responses
2026-08-26T04:48:13.894Z resource:omit http://www.google-analytics.com/__utm.gif?utmwv=5.7.2&utms=83&utmn=951912190&utmhn=edwards.yale.edu&utmcs=UTF-8&utmsr=1280x720&utmvp=1280x720&utmsc=24-bit&utmul=pl&utmje=0&utmfl=-&utmdt=Search%20WJE%20Online%20%7C%20The%20Jonathan%20Edwards%20Center%20at%20Yale%20University&utmhid=1205479174&utmr=-&utmp=%2Farchive%3Fpath%3DaHR0cDovL2Vkd2FyZHMueWFsZS5lZHUvY2dpLWJpbi9uZXdwaGlsby9nZXRvYmplY3QucGw%2FYy4xNzo0OjMzMC53amVv&utmht=1787719693891&utmac=UA-1489454-4&utmcc=__utma%3D258641246.2032384476.1787719243.1787719243.1787719243.1%3B%2B__utmz%3D258641246.1787719243.1.1.utmcsr%3D(direct)%7Cutmccn%3D(direct)%7Cutmcmd%3D(none)%3B&utmjid=&utmu=qAAAAAAAAAAAAAAAAAAAAAAE~ reason=response.body: Response body is unavailable for redirect responses
2026-08-26T04:48:14.859Z scroll:stable height=2512 samples=8
2026-08-26T04:48:15.918Z complete:087.html html=43842 assets=18
2026-08-26T04:48:18.420Z resume:retry 088.html reason=manifest-incomplete
2026-08-26T04:48:18.421Z attempt:1/3 088.html
2026-08-26T04:48:18.421Z navigation:start http://edwards.yale.edu/archive?path=aHR0cDovL2Vkd2FyZHMueWFsZS5lZHUvY2dpLWJpbi9uZXdwaGlsby9nZXRvYmplY3QucGw/Yy4xNzo0OjMzMS53amVv
2026-08-26T04:48:19.434Z resource:omit http://fonts.gstatic.com/s/opensans/v44/memvYaGs126MiZpBA-UvWbX2vVnXBbObj2OVTS-mu0SC55I.woff2 reason=response.body: Response body is unavailable for redirect responses
2026-08-26T04:48:19.434Z resource:omit http://fonts.gstatic.com/s/playfairdisplay/v40/nuFiD-vYSZviVYUb_rj3ij__anPXDTzYgEM86xQ.woff2 reason=response.body: Response body is unavailable for redirect responses
2026-08-26T04:48:19.434Z resource:omit http://fonts.gstatic.com/s/opensans/v44/memvYaGs126MiZpBA-UvWbX2vVnXBbObj2OVTUGmu0SC55K5gw.woff2 reason=response.body: Response body is unavailable for redirect responses
2026-08-26T04:48:19.966Z resource:omit http://fonts.gstatic.com/s/playfairdisplay/v40/nuFkD-vYSZviVYUb_rj3ij__anPXDTnogkk7yRZrPA.woff2 reason=response.body: Response body is unavailable for redirect responses
2026-08-26T04:48:20.476Z resource:omit http://www.google-analytics.com/ga.js reason=response.body: Response body is unavailable for redirect responses
2026-08-26T04:48:20.479Z resource:omit http://www.google-analytics.com/__utm.gif?utmwv=5.7.2&utms=84&utmn=1430937692&utmhn=edwards.yale.edu&utmcs=UTF-8&utmsr=1280x720&utmvp=1280x720&utmsc=24-bit&utmul=pl&utmje=0&utmfl=-&utmdt=Search%20WJE%20Online%20%7C%20The%20Jonathan%20Edwards%20Center%20at%20Yale%20University&utmhid=767523478&utmr=-&utmp=%2Farchive%3Fpath%3DaHR0cDovL2Vkd2FyZHMueWFsZS5lZHUvY2dpLWJpbi9uZXdwaGlsby9nZXRvYmplY3QucGw%2FYy4xNzo0OjMzMS53amVv&utmht=1787719700477&utmac=UA-1489454-4&utmcc=__utma%3D258641246.2032384476.1787719243.1787719243.1787719243.1%3B%2B__utmz%3D258641246.1787719243.1.1.utmcsr%3D(direct)%7Cutmccn%3D(direct)%7Cutmcmd%3D(none)%3B&utmjid=&utmu=qAAAAAAAAAAAAAAAAAAAAAAE~ reason=response.body: Response body is unavailable for redirect responses
2026-08-26T04:48:21.366Z scroll:stable height=2796 samples=8
2026-08-26T04:48:22.547Z complete:088.html html=46089 assets=18
2026-08-26T04:48:25.048Z resume:retry 089.html reason=manifest-incomplete
2026-08-26T04:48:25.049Z attempt:1/3 089.html
2026-08-26T04:48:25.049Z navigation:start http://edwards.yale.edu/archive?path=aHR0cDovL2Vkd2FyZHMueWFsZS5lZHUvY2dpLWJpbi9uZXdwaGlsby9nZXRvYmplY3QucGw/Yy4xNzo0OjMzMi53amVv
2026-08-26T04:48:25.551Z resource:omit http://fonts.gstatic.com/s/opensans/v44/memvYaGs126MiZpBA-UvWbX2vVnXBbObj2OVTS-mu0SC55I.woff2 reason=response.body: Response body is unavailable for redirect responses
2026-08-26T04:48:25.551Z resource:omit http://fonts.gstatic.com/s/opensans/v44/memvYaGs126MiZpBA-UvWbX2vVnXBbObj2OVTUGmu0SC55K5gw.woff2 reason=response.body: Response body is unavailable for redirect responses
2026-08-26T04:48:25.551Z resource:omit http://fonts.gstatic.com/s/playfairdisplay/v40/nuFiD-vYSZviVYUb_rj3ij__anPXDTzYgEM86xQ.woff2 reason=response.body: Response body is unavailable for redirect responses
2026-08-26T04:48:25.732Z resource:omit http://fonts.gstatic.com/s/playfairdisplay/v40/nuFkD-vYSZviVYUb_rj3ij__anPXDTnogkk7yRZrPA.woff2 reason=response.body: Response body is unavailable for redirect responses
2026-08-26T04:48:25.890Z resource:omit http://www.google-analytics.com/ga.js reason=response.body: Response body is unavailable for redirect responses
2026-08-26T04:48:25.894Z resource:omit http://www.google-analytics.com/__utm.gif?utmwv=5.7.2&utms=85&utmn=813630067&utmhn=edwards.yale.edu&utmcs=UTF-8&utmsr=1280x720&utmvp=1280x720&utmsc=24-bit&utmul=pl&utmje=0&utmfl=-&utmdt=Search%20WJE%20Online%20%7C%20The%20Jonathan%20Edwards%20Center%20at%20Yale%20University&utmhid=1389396584&utmr=-&utmp=%2Farchive%3Fpath%3DaHR0cDovL2Vkd2FyZHMueWFsZS5lZHUvY2dpLWJpbi9uZXdwaGlsby9nZXRvYmplY3QucGw%2FYy4xNzo0OjMzMi53amVv&utmht=1787719705892&utmac=UA-1489454-4&utmcc=__utma%3D258641246.2032384476.1787719243.1787719243.1787719243.1%3B%2B__utmz%3D258641246.1787719243.1.1.utmcsr%3D(direct)%7Cutmccn%3D(direct)%7Cutmcmd%3D(none)%3B&utmjid=&utmu=qAAAAAAAAAAAAAAAAAAAAAAE~ reason=response.body: Response body is unavailable for redirect responses
2026-08-26T04:48:26.533Z scroll:stable height=1415 samples=6
2026-08-26T04:48:27.785Z complete:089.html html=36203 assets=18
2026-08-26T04:48:27.785Z archive:complete
