2026-08-26T13:28:47.463Z archive:start volume=VOLUME44 source=http://edwards.yale.edu/archive?path=aHR0cDovL2Vkd2FyZHMueWFsZS5lZHUvY2dpLWJpbi9uZXdwaGlsby9zZWxlY3QucGw/d2plby40Mg==
2026-08-26T13:28:47.465Z attempt:1/3 000.html
2026-08-26T13:28:47.466Z navigation:start http://edwards.yale.edu/archive?path=aHR0cDovL2Vkd2FyZHMueWFsZS5lZHUvY2dpLWJpbi9uZXdwaGlsby9zZWxlY3QucGw/d2plby40Mg==
2026-08-26T13:28:48.861Z resource:omit http://fonts.gstatic.com/s/opensans/v44/memvYaGs126MiZpBA-UvWbX2vVnXBbObj2OVTS-mu0SC55I.woff2 reason=response.body: Response body is unavailable for redirect responses
2026-08-26T13:28:48.861Z resource:omit http://fonts.gstatic.com/s/playfairdisplay/v40/nuFiD-vYSZviVYUb_rj3ij__anPXDTzYgEM86xQ.woff2 reason=response.body: Response body is unavailable for redirect responses
2026-08-26T13:28:48.861Z resource:omit http://fonts.gstatic.com/s/opensans/v44/memvYaGs126MiZpBA-UvWbX2vVnXBbObj2OVTUGmu0SC55K5gw.woff2 reason=response.body: Response body is unavailable for redirect responses
2026-08-26T13:28:49.246Z resource:omit http://www.google-analytics.com/ga.js reason=response.body: Response body is unavailable for redirect responses
2026-08-26T13:28:49.247Z resource:omit http://fonts.gstatic.com/s/playfairdisplay/v40/nuFkD-vYSZviVYUb_rj3ij__anPXDTnogkk7yRZrPA.woff2 reason=response.body: Response body is unavailable for redirect responses
2026-08-26T13:28:49.318Z resource:omit http://www.google-analytics.com/r/__utm.gif?utmwv=5.7.2&utms=1&utmn=2070568556&utmhn=edwards.yale.edu&utmcs=UTF-8&utmsr=1280x720&utmvp=1280x720&utmsc=24-bit&utmul=pl&utmje=0&utmfl=-&utmdt=Search%20WJE%20Online%20%7C%20The%20Jonathan%20Edwards%20Center%20at%20Yale%20University&utmhid=1188264662&utmr=-&utmp=%2Farchive%3Fpath%3DaHR0cDovL2Vkd2FyZHMueWFsZS5lZHUvY2dpLWJpbi9uZXdwaGlsby9zZWxlY3QucGw%2Fd2plby40Mg%3D%3D&utmht=1787750929315&utmac=UA-1489454-4&utmcc=__utma%3D258641246.1462867204.1787750929.1787750929.1787750929.1%3B%2B__utmz%3D258641246.1787750929.1.1.utmcsr%3D(direct)%7Cutmccn%3D(direct)%7Cutmcmd%3D(none)%3B&utmjid=775327278&utmredir=1&utmu=qAAAAAAAAAAAAAAAAAAAAAAE~ reason=response.body: Response body is unavailable for redirect responses
2026-08-26T13:28:50.332Z scroll:stable height=3019 samples=9
2026-08-26T13:28:51.388Z complete:000.html html=47503 assets=18
2026-08-26T13:28:51.390Z discovery:sections 52
2026-08-26T13:28:53.891Z attempt:1/3 001.html
2026-08-26T13:28:53.893Z navigation:start http://edwards.yale.edu/archive?path=aHR0cDovL2Vkd2FyZHMueWFsZS5lZHUvY2dpLWJpbi9uZXdwaGlsby9nZXRvYmplY3QucGw%2FYy40MjoxLndqZW8%3D
2026-08-26T13:28:54.496Z resource:omit http://fonts.gstatic.com/s/opensans/v44/memvYaGs126MiZpBA-UvWbX2vVnXBbObj2OVTS-mu0SC55I.woff2 reason=response.body: Response body is unavailable for redirect responses
2026-08-26T13:28:54.496Z resource:omit http://fonts.gstatic.com/s/opensans/v44/memvYaGs126MiZpBA-UvWbX2vVnXBbObj2OVTUGmu0SC55K5gw.woff2 reason=response.body: Response body is unavailable for redirect responses
2026-08-26T13:28:54.496Z resource:omit http://fonts.gstatic.com/s/playfairdisplay/v40/nuFiD-vYSZviVYUb_rj3ij__anPXDTzYgEM86xQ.woff2 reason=response.body: Response body is unavailable for redirect responses
2026-08-26T13:28:54.703Z resource:omit http://fonts.gstatic.com/s/playfairdisplay/v40/nuFkD-vYSZviVYUb_rj3ij__anPXDTnogkk7yRZrPA.woff2 reason=response.body: Response body is unavailable for redirect responses
2026-08-26T13:28:55.038Z resource:omit http://www.google-analytics.com/ga.js reason=response.body: Response body is unavailable for redirect responses
2026-08-26T13:28:55.044Z resource:omit http://www.google-analytics.com/__utm.gif?utmwv=5.7.2&utms=2&utmn=527878403&utmhn=edwards.yale.edu&utmcs=UTF-8&utmsr=1280x720&utmvp=1280x720&utmsc=24-bit&utmul=pl&utmje=0&utmfl=-&utmdt=Search%20WJE%20Online%20%7C%20The%20Jonathan%20Edwards%20Center%20at%20Yale%20University&utmhid=192039570&utmr=-&utmp=%2Farchive%3Fpath%3DaHR0cDovL2Vkd2FyZHMueWFsZS5lZHUvY2dpLWJpbi9uZXdwaGlsby9nZXRvYmplY3QucGw%25252FYy40MjoxLndqZW8%25253D&utmht=1787750935042&utmac=UA-1489454-4&utmcc=__utma%3D258641246.1462867204.1787750929.1787750929.1787750929.1%3B%2B__utmz%3D258641246.1787750929.1.1.utmcsr%3D(direct)%7Cutmccn%3D(direct)%7Cutmcmd%3D(none)%3B&utmjid=&utmu=qAAAAAAAAAAAAAAAAAAAAAAE~ reason=response.body: Response body is unavailable for redirect responses
2026-08-26T13:28:59.454Z scroll:stable height=18080 samples=37
2026-08-26T13:29:00.517Z complete:001.html html=70543 assets=18
2026-08-26T13:29:03.019Z attempt:1/3 002.html
2026-08-26T13:29:03.019Z navigation:start http://edwards.yale.edu/archive?path=aHR0cDovL2Vkd2FyZHMueWFsZS5lZHUvY2dpLWJpbi9uZXdwaGlsby9nZXRvYmplY3QucGw%2FYy40MjoyLndqZW8%3D
2026-08-26T13:29:03.929Z resource:omit http://fonts.gstatic.com/s/playfairdisplay/v40/nuFiD-vYSZviVYUb_rj3ij__anPXDTzYgEM86xQ.woff2 reason=response.body: Response body is unavailable for redirect responses
2026-08-26T13:29:03.929Z resource:omit http://fonts.gstatic.com/s/opensans/v44/memvYaGs126MiZpBA-UvWbX2vVnXBbObj2OVTS-mu0SC55I.woff2 reason=response.body: Response body is unavailable for redirect responses
2026-08-26T13:29:03.930Z resource:omit http://fonts.gstatic.com/s/opensans/v44/memvYaGs126MiZpBA-UvWbX2vVnXBbObj2OVTUGmu0SC55K5gw.woff2 reason=response.body: Response body is unavailable for redirect responses
2026-08-26T13:29:04.109Z resource:omit http://fonts.gstatic.com/s/playfairdisplay/v40/nuFkD-vYSZviVYUb_rj3ij__anPXDTnogkk7yRZrPA.woff2 reason=response.body: Response body is unavailable for redirect responses
2026-08-26T13:29:05.553Z resource:omit http://www.google-analytics.com/ga.js reason=response.body: Response body is unavailable for redirect responses
2026-08-26T13:29:05.562Z resource:omit http://www.google-analytics.com/__utm.gif?utmwv=5.7.2&utms=3&utmn=1442591559&utmhn=edwards.yale.edu&utmcs=UTF-8&utmsr=1280x720&utmvp=1280x720&utmsc=24-bit&utmul=pl&utmje=0&utmfl=-&utmdt=Search%20WJE%20Online%20%7C%20The%20Jonathan%20Edwards%20Center%20at%20Yale%20University&utmhid=1636689637&utmr=-&utmp=%2Farchive%3Fpath%3DaHR0cDovL2Vkd2FyZHMueWFsZS5lZHUvY2dpLWJpbi9uZXdwaGlsby9nZXRvYmplY3QucGw%25252FYy40MjoyLndqZW8%25253D&utmht=1787750945559&utmac=UA-1489454-4&utmcc=__utma%3D258641246.1462867204.1787750929.1787750929.1787750929.1%3B%2B__utmz%3D258641246.1787750929.1.1.utmcsr%3D(direct)%7Cutmccn%3D(direct)%7Cutmcmd%3D(none)%3B&utmjid=&utmu=qAAAAAAAAAAAAAAAAAAAAAAE~ reason=response.body: Response body is unavailable for redirect responses
2026-08-26T13:29:33.134Z scroll:stable height=120297 samples=226
2026-08-26T13:29:34.198Z complete:002.html html=278516 assets=18
2026-08-26T13:29:36.700Z attempt:1/3 003.html
2026-08-26T13:29:36.700Z navigation:start http://edwards.yale.edu/archive?path=aHR0cDovL2Vkd2FyZHMueWFsZS5lZHUvY2dpLWJpbi9uZXdwaGlsby9nZXRvYmplY3QucGw%2FYy40MjozLndqZW8%3D
2026-08-26T13:29:37.488Z resource:omit http://fonts.gstatic.com/s/opensans/v44/memvYaGs126MiZpBA-UvWbX2vVnXBbObj2OVTUGmu0SC55K5gw.woff2 reason=response.body: Response body is unavailable for redirect responses
2026-08-26T13:29:37.488Z resource:omit http://fonts.gstatic.com/s/opensans/v44/memvYaGs126MiZpBA-UvWbX2vVnXBbObj2OVTS-mu0SC55I.woff2 reason=response.body: Response body is unavailable for redirect responses
2026-08-26T13:29:37.488Z resource:omit http://fonts.gstatic.com/s/playfairdisplay/v40/nuFiD-vYSZviVYUb_rj3ij__anPXDTzYgEM86xQ.woff2 reason=response.body: Response body is unavailable for redirect responses
2026-08-26T13:29:37.668Z resource:omit http://fonts.gstatic.com/s/playfairdisplay/v40/nuFkD-vYSZviVYUb_rj3ij__anPXDTnogkk7yRZrPA.woff2 reason=response.body: Response body is unavailable for redirect responses
2026-08-26T13:29:38.014Z resource:omit http://www.google-analytics.com/ga.js reason=response.body: Response body is unavailable for redirect responses
2026-08-26T13:29:38.021Z resource:omit http://www.google-analytics.com/__utm.gif?utmwv=5.7.2&utms=4&utmn=1298253155&utmhn=edwards.yale.edu&utmcs=UTF-8&utmsr=1280x720&utmvp=1280x720&utmsc=24-bit&utmul=pl&utmje=0&utmfl=-&utmdt=Search%20WJE%20Online%20%7C%20The%20Jonathan%20Edwards%20Center%20at%20Yale%20University&utmhid=843820577&utmr=-&utmp=%2Farchive%3Fpath%3DaHR0cDovL2Vkd2FyZHMueWFsZS5lZHUvY2dpLWJpbi9uZXdwaGlsby9nZXRvYmplY3QucGw%25252FYy40MjozLndqZW8%25253D&utmht=1787750978019&utmac=UA-1489454-4&utmcc=__utma%3D258641246.1462867204.1787750929.1787750929.1787750929.1%3B%2B__utmz%3D258641246.1787750929.1.1.utmcsr%3D(direct)%7Cutmccn%3D(direct)%7Cutmcmd%3D(none)%3B&utmjid=&utmu=qAAAAAAAAAAAAAAAAAAAAAAE~ reason=response.body: Response body is unavailable for redirect responses
2026-08-26T13:29:42.704Z scroll:stable height=19456 samples=39
2026-08-26T13:29:43.760Z complete:003.html html=74382 assets=18
2026-08-26T13:29:46.262Z attempt:1/3 004.html
2026-08-26T13:29:46.263Z navigation:start http://edwards.yale.edu/archive?path=aHR0cDovL2Vkd2FyZHMueWFsZS5lZHUvY2dpLWJpbi9uZXdwaGlsby9nZXRvYmplY3QucGw%2FYy40Mjo0LndqZW8%3D
2026-08-26T13:29:46.938Z resource:omit http://fonts.gstatic.com/s/opensans/v44/memvYaGs126MiZpBA-UvWbX2vVnXBbObj2OVTS-mu0SC55I.woff2 reason=response.body: Response body is unavailable for redirect responses
2026-08-26T13:29:46.939Z resource:omit http://fonts.gstatic.com/s/opensans/v44/memvYaGs126MiZpBA-UvWbX2vVnXBbObj2OVTUGmu0SC55K5gw.woff2 reason=response.body: Response body is unavailable for redirect responses
2026-08-26T13:29:46.939Z resource:omit http://fonts.gstatic.com/s/playfairdisplay/v40/nuFiD-vYSZviVYUb_rj3ij__anPXDTzYgEM86xQ.woff2 reason=response.body: Response body is unavailable for redirect responses
2026-08-26T13:29:47.126Z resource:omit http://fonts.gstatic.com/s/playfairdisplay/v40/nuFkD-vYSZviVYUb_rj3ij__anPXDTnogkk7yRZrPA.woff2 reason=response.body: Response body is unavailable for redirect responses
2026-08-26T13:29:47.661Z resource:omit http://www.google-analytics.com/ga.js reason=response.body: Response body is unavailable for redirect responses
2026-08-26T13:29:47.668Z resource:omit http://www.google-analytics.com/__utm.gif?utmwv=5.7.2&utms=5&utmn=1093909353&utmhn=edwards.yale.edu&utmcs=UTF-8&utmsr=1280x720&utmvp=1280x720&utmsc=24-bit&utmul=pl&utmje=0&utmfl=-&utmdt=Search%20WJE%20Online%20%7C%20The%20Jonathan%20Edwards%20Center%20at%20Yale%20University&utmhid=2100509667&utmr=-&utmp=%2Farchive%3Fpath%3DaHR0cDovL2Vkd2FyZHMueWFsZS5lZHUvY2dpLWJpbi9uZXdwaGlsby9nZXRvYmplY3QucGw%25252FYy40Mjo0LndqZW8%25253D&utmht=1787750987666&utmac=UA-1489454-4&utmcc=__utma%3D258641246.1462867204.1787750929.1787750929.1787750929.1%3B%2B__utmz%3D258641246.1787750929.1.1.utmcsr%3D(direct)%7Cutmccn%3D(direct)%7Cutmcmd%3D(none)%3B&utmjid=&utmu=qAAAAAAAAAAAAAAAAAAAAAAE~ reason=response.body: Response body is unavailable for redirect responses
2026-08-26T13:29:52.334Z scroll:stable height=19404 samples=39
2026-08-26T13:29:53.386Z complete:004.html html=73456 assets=18
2026-08-26T13:29:55.887Z attempt:1/3 005.html
2026-08-26T13:29:55.888Z navigation:start http://edwards.yale.edu/archive?path=aHR0cDovL2Vkd2FyZHMueWFsZS5lZHUvY2dpLWJpbi9uZXdwaGlsby9nZXRvYmplY3QucGw%2FYy40Mjo1LndqZW8%3D
2026-08-26T13:29:56.576Z resource:omit http://fonts.gstatic.com/s/opensans/v44/memvYaGs126MiZpBA-UvWbX2vVnXBbObj2OVTS-mu0SC55I.woff2 reason=response.body: Response body is unavailable for redirect responses
2026-08-26T13:29:56.576Z resource:omit http://fonts.gstatic.com/s/playfairdisplay/v40/nuFiD-vYSZviVYUb_rj3ij__anPXDTzYgEM86xQ.woff2 reason=response.body: Response body is unavailable for redirect responses
2026-08-26T13:29:56.576Z resource:omit http://fonts.gstatic.com/s/opensans/v44/memvYaGs126MiZpBA-UvWbX2vVnXBbObj2OVTUGmu0SC55K5gw.woff2 reason=response.body: Response body is unavailable for redirect responses
2026-08-26T13:29:56.759Z resource:omit http://fonts.gstatic.com/s/playfairdisplay/v40/nuFkD-vYSZviVYUb_rj3ij__anPXDTnogkk7yRZrPA.woff2 reason=response.body: Response body is unavailable for redirect responses
2026-08-26T13:29:57.474Z resource:omit http://www.google-analytics.com/ga.js reason=response.body: Response body is unavailable for redirect responses
2026-08-26T13:29:57.479Z resource:omit http://www.google-analytics.com/__utm.gif?utmwv=5.7.2&utms=6&utmn=1421039509&utmhn=edwards.yale.edu&utmcs=UTF-8&utmsr=1280x720&utmvp=1280x720&utmsc=24-bit&utmul=pl&utmje=0&utmfl=-&utmdt=Search%20WJE%20Online%20%7C%20The%20Jonathan%20Edwards%20Center%20at%20Yale%20University&utmhid=1345023734&utmr=-&utmp=%2Farchive%3Fpath%3DaHR0cDovL2Vkd2FyZHMueWFsZS5lZHUvY2dpLWJpbi9uZXdwaGlsby9nZXRvYmplY3QucGw%25252FYy40Mjo1LndqZW8%25253D&utmht=1787750997477&utmac=UA-1489454-4&utmcc=__utma%3D258641246.1462867204.1787750929.1787750929.1787750929.1%3B%2B__utmz%3D258641246.1787750929.1.1.utmcsr%3D(direct)%7Cutmccn%3D(direct)%7Cutmcmd%3D(none)%3B&utmjid=&utmu=qAAAAAAAAAAAAAAAAAAAAAAE~ reason=response.body: Response body is unavailable for redirect responses
2026-08-26T13:30:06.413Z scroll:stable height=38030 samples=74
2026-08-26T13:30:07.472Z complete:005.html html=118992 assets=18
2026-08-26T13:30:09.974Z attempt:1/3 006.html
2026-08-26T13:30:09.975Z navigation:start http://edwards.yale.edu/archive?path=aHR0cDovL2Vkd2FyZHMueWFsZS5lZHUvY2dpLWJpbi9uZXdwaGlsby9nZXRvYmplY3QucGw%2FYy40Mjo2LndqZW8%3D
2026-08-26T13:30:10.659Z resource:omit http://fonts.gstatic.com/s/opensans/v44/memvYaGs126MiZpBA-UvWbX2vVnXBbObj2OVTS-mu0SC55I.woff2 reason=response.body: Response body is unavailable for redirect responses
2026-08-26T13:30:10.659Z resource:omit http://fonts.gstatic.com/s/playfairdisplay/v40/nuFiD-vYSZviVYUb_rj3ij__anPXDTzYgEM86xQ.woff2 reason=response.body: Response body is unavailable for redirect responses
2026-08-26T13:30:10.659Z resource:omit http://fonts.gstatic.com/s/opensans/v44/memvYaGs126MiZpBA-UvWbX2vVnXBbObj2OVTUGmu0SC55K5gw.woff2 reason=response.body: Response body is unavailable for redirect responses
2026-08-26T13:30:10.851Z resource:omit http://fonts.gstatic.com/s/playfairdisplay/v40/nuFkD-vYSZviVYUb_rj3ij__anPXDTnogkk7yRZrPA.woff2 reason=response.body: Response body is unavailable for redirect responses
2026-08-26T13:30:11.381Z resource:omit http://www.google-analytics.com/ga.js reason=response.body: Response body is unavailable for redirect responses
2026-08-26T13:30:11.387Z resource:omit http://www.google-analytics.com/__utm.gif?utmwv=5.7.2&utms=7&utmn=741403144&utmhn=edwards.yale.edu&utmcs=UTF-8&utmsr=1280x720&utmvp=1280x720&utmsc=24-bit&utmul=pl&utmje=0&utmfl=-&utmdt=Search%20WJE%20Online%20%7C%20The%20Jonathan%20Edwards%20Center%20at%20Yale%20University&utmhid=342258261&utmr=-&utmp=%2Farchive%3Fpath%3DaHR0cDovL2Vkd2FyZHMueWFsZS5lZHUvY2dpLWJpbi9uZXdwaGlsby9nZXRvYmplY3QucGw%25252FYy40Mjo2LndqZW8%25253D&utmht=1787751011385&utmac=UA-1489454-4&utmcc=__utma%3D258641246.1462867204.1787750929.1787750929.1787750929.1%3B%2B__utmz%3D258641246.1787750929.1.1.utmcsr%3D(direct)%7Cutmccn%3D(direct)%7Cutmcmd%3D(none)%3B&utmjid=&utmu=qAAAAAAAAAAAAAAAAAAAAAAE~ reason=response.body: Response body is unavailable for redirect responses
2026-08-26T13:30:17.031Z scroll:stable height=23424 samples=47
2026-08-26T13:30:18.110Z complete:006.html html=84160 assets=18
2026-08-26T13:30:20.612Z attempt:1/3 007.html
2026-08-26T13:30:20.612Z navigation:start http://edwards.yale.edu/archive?path=aHR0cDovL2Vkd2FyZHMueWFsZS5lZHUvY2dpLWJpbi9uZXdwaGlsby9nZXRvYmplY3QucGw%2FYy40Mjo3LndqZW8%3D
2026-08-26T13:30:21.337Z resource:omit http://fonts.gstatic.com/s/playfairdisplay/v40/nuFiD-vYSZviVYUb_rj3ij__anPXDTzYgEM86xQ.woff2 reason=response.body: Response body is unavailable for redirect responses
2026-08-26T13:30:21.337Z resource:omit http://fonts.gstatic.com/s/opensans/v44/memvYaGs126MiZpBA-UvWbX2vVnXBbObj2OVTS-mu0SC55I.woff2 reason=response.body: Response body is unavailable for redirect responses
2026-08-26T13:30:21.338Z resource:omit http://fonts.gstatic.com/s/opensans/v44/memvYaGs126MiZpBA-UvWbX2vVnXBbObj2OVTUGmu0SC55K5gw.woff2 reason=response.body: Response body is unavailable for redirect responses
2026-08-26T13:30:21.526Z resource:omit http://fonts.gstatic.com/s/playfairdisplay/v40/nuFkD-vYSZviVYUb_rj3ij__anPXDTnogkk7yRZrPA.woff2 reason=response.body: Response body is unavailable for redirect responses
2026-08-26T13:30:22.752Z resource:omit http://www.google-analytics.com/ga.js reason=response.body: Response body is unavailable for redirect responses
2026-08-26T13:30:22.756Z resource:omit http://www.google-analytics.com/__utm.gif?utmwv=5.7.2&utms=8&utmn=222960382&utmhn=edwards.yale.edu&utmcs=UTF-8&utmsr=1280x720&utmvp=1280x720&utmsc=24-bit&utmul=pl&utmje=0&utmfl=-&utmdt=Search%20WJE%20Online%20%7C%20The%20Jonathan%20Edwards%20Center%20at%20Yale%20University&utmhid=103546596&utmr=-&utmp=%2Farchive%3Fpath%3DaHR0cDovL2Vkd2FyZHMueWFsZS5lZHUvY2dpLWJpbi9uZXdwaGlsby9nZXRvYmplY3QucGw%25252FYy40Mjo3LndqZW8%25253D&utmht=1787751022752&utmac=UA-1489454-4&utmcc=__utma%3D258641246.1462867204.1787750929.1787750929.1787750929.1%3B%2B__utmz%3D258641246.1787750929.1.1.utmcsr%3D(direct)%7Cutmccn%3D(direct)%7Cutmcmd%3D(none)%3B&utmjid=&utmu=qAAAAAAAAAAAAAAAAAAAAAAE~ reason=response.body: Response body is unavailable for redirect responses
2026-08-26T13:30:27.292Z scroll:stable height=18899 samples=38
2026-08-26T13:30:28.352Z complete:007.html html=73051 assets=18
2026-08-26T13:30:30.854Z attempt:1/3 008.html
2026-08-26T13:30:30.854Z navigation:start http://edwards.yale.edu/archive?path=aHR0cDovL2Vkd2FyZHMueWFsZS5lZHUvY2dpLWJpbi9uZXdwaGlsby9nZXRvYmplY3QucGw%2FYy40Mjo4LndqZW8%3D
2026-08-26T13:30:31.604Z resource:omit http://fonts.gstatic.com/s/opensans/v44/memvYaGs126MiZpBA-UvWbX2vVnXBbObj2OVTS-mu0SC55I.woff2 reason=response.body: Response body is unavailable for redirect responses
2026-08-26T13:30:31.605Z resource:omit http://fonts.gstatic.com/s/playfairdisplay/v40/nuFiD-vYSZviVYUb_rj3ij__anPXDTzYgEM86xQ.woff2 reason=response.body: Response body is unavailable for redirect responses
2026-08-26T13:30:31.605Z resource:omit http://fonts.gstatic.com/s/opensans/v44/memvYaGs126MiZpBA-UvWbX2vVnXBbObj2OVTUGmu0SC55K5gw.woff2 reason=response.body: Response body is unavailable for redirect responses
2026-08-26T13:30:31.792Z resource:omit http://fonts.gstatic.com/s/playfairdisplay/v40/nuFkD-vYSZviVYUb_rj3ij__anPXDTnogkk7yRZrPA.woff2 reason=response.body: Response body is unavailable for redirect responses
2026-08-26T13:30:32.172Z resource:omit http://www.google-analytics.com/ga.js reason=response.body: Response body is unavailable for redirect responses
2026-08-26T13:30:32.177Z resource:omit http://www.google-analytics.com/__utm.gif?utmwv=5.7.2&utms=9&utmn=2079369838&utmhn=edwards.yale.edu&utmcs=UTF-8&utmsr=1280x720&utmvp=1280x720&utmsc=24-bit&utmul=pl&utmje=0&utmfl=-&utmdt=Search%20WJE%20Online%20%7C%20The%20Jonathan%20Edwards%20Center%20at%20Yale%20University&utmhid=1953854774&utmr=-&utmp=%2Farchive%3Fpath%3DaHR0cDovL2Vkd2FyZHMueWFsZS5lZHUvY2dpLWJpbi9uZXdwaGlsby9nZXRvYmplY3QucGw%25252FYy40Mjo4LndqZW8%25253D&utmht=1787751032175&utmac=UA-1489454-4&utmcc=__utma%3D258641246.1462867204.1787750929.1787750929.1787750929.1%3B%2B__utmz%3D258641246.1787750929.1.1.utmcsr%3D(direct)%7Cutmccn%3D(direct)%7Cutmcmd%3D(none)%3B&utmjid=&utmu=qAAAAAAAAAAAAAAAAAAAAAAE~ reason=response.body: Response body is unavailable for redirect responses
2026-08-26T13:30:36.377Z scroll:stable height=17262 samples=35
2026-08-26T13:30:37.428Z complete:008.html html=69069 assets=18
2026-08-26T13:30:39.930Z attempt:1/3 009.html
2026-08-26T13:30:39.931Z navigation:start http://edwards.yale.edu/archive?path=aHR0cDovL2Vkd2FyZHMueWFsZS5lZHUvY2dpLWJpbi9uZXdwaGlsby9nZXRvYmplY3QucGw%2FYy40Mjo5LndqZW8%3D
2026-08-26T13:30:40.594Z resource:omit http://fonts.gstatic.com/s/opensans/v44/memvYaGs126MiZpBA-UvWbX2vVnXBbObj2OVTS-mu0SC55I.woff2 reason=response.body: Response body is unavailable for redirect responses
2026-08-26T13:30:40.594Z resource:omit http://fonts.gstatic.com/s/playfairdisplay/v40/nuFiD-vYSZviVYUb_rj3ij__anPXDTzYgEM86xQ.woff2 reason=response.body: Response body is unavailable for redirect responses
2026-08-26T13:30:40.595Z resource:omit http://fonts.gstatic.com/s/opensans/v44/memvYaGs126MiZpBA-UvWbX2vVnXBbObj2OVTUGmu0SC55K5gw.woff2 reason=response.body: Response body is unavailable for redirect responses
2026-08-26T13:30:40.924Z resource:omit http://fonts.gstatic.com/s/playfairdisplay/v40/nuFkD-vYSZviVYUb_rj3ij__anPXDTnogkk7yRZrPA.woff2 reason=response.body: Response body is unavailable for redirect responses
2026-08-26T13:30:41.277Z resource:omit http://www.google-analytics.com/ga.js reason=response.body: Response body is unavailable for redirect responses
2026-08-26T13:30:41.282Z resource:omit http://www.google-analytics.com/__utm.gif?utmwv=5.7.2&utms=10&utmn=11674893&utmhn=edwards.yale.edu&utmcs=UTF-8&utmsr=1280x720&utmvp=1280x720&utmsc=24-bit&utmul=pl&utmje=0&utmfl=-&utmdt=Search%20WJE%20Online%20%7C%20The%20Jonathan%20Edwards%20Center%20at%20Yale%20University&utmhid=17545875&utmr=-&utmp=%2Farchive%3Fpath%3DaHR0cDovL2Vkd2FyZHMueWFsZS5lZHUvY2dpLWJpbi9uZXdwaGlsby9nZXRvYmplY3QucGw%25252FYy40Mjo5LndqZW8%25253D&utmht=1787751041279&utmac=UA-1489454-4&utmcc=__utma%3D258641246.1462867204.1787750929.1787750929.1787750929.1%3B%2B__utmz%3D258641246.1787750929.1.1.utmcsr%3D(direct)%7Cutmccn%3D(direct)%7Cutmcmd%3D(none)%3B&utmjid=&utmu=qAAAAAAAAAAAAAAAAAAAAAAE~ reason=response.body: Response body is unavailable for redirect responses
2026-08-26T13:30:47.786Z scroll:stable height=27687 samples=54
2026-08-26T13:30:48.836Z complete:009.html html=91685 assets=18
2026-08-26T13:30:51.337Z attempt:1/3 010.html
2026-08-26T13:30:51.338Z navigation:start http://edwards.yale.edu/archive?path=aHR0cDovL2Vkd2FyZHMueWFsZS5lZHUvY2dpLWJpbi9uZXdwaGlsby9nZXRvYmplY3QucGw%2FYy40MjoxMC53amVv
2026-08-26T13:30:52.119Z resource:omit http://fonts.gstatic.com/s/opensans/v44/memvYaGs126MiZpBA-UvWbX2vVnXBbObj2OVTS-mu0SC55I.woff2 reason=response.body: Response body is unavailable for redirect responses
2026-08-26T13:30:52.119Z resource:omit http://fonts.gstatic.com/s/playfairdisplay/v40/nuFiD-vYSZviVYUb_rj3ij__anPXDTzYgEM86xQ.woff2 reason=response.body: Response body is unavailable for redirect responses
2026-08-26T13:30:52.119Z resource:omit http://fonts.gstatic.com/s/opensans/v44/memvYaGs126MiZpBA-UvWbX2vVnXBbObj2OVTUGmu0SC55K5gw.woff2 reason=response.body: Response body is unavailable for redirect responses
2026-08-26T13:30:52.466Z resource:omit http://fonts.gstatic.com/s/playfairdisplay/v40/nuFkD-vYSZviVYUb_rj3ij__anPXDTnogkk7yRZrPA.woff2 reason=response.body: Response body is unavailable for redirect responses
2026-08-26T13:30:53.018Z resource:omit http://www.google-analytics.com/ga.js reason=response.body: Response body is unavailable for redirect responses
2026-08-26T13:30:53.023Z resource:omit http://www.google-analytics.com/__utm.gif?utmwv=5.7.2&utms=11&utmn=103437407&utmhn=edwards.yale.edu&utmcs=UTF-8&utmsr=1280x720&utmvp=1280x720&utmsc=24-bit&utmul=pl&utmje=0&utmfl=-&utmdt=Search%20WJE%20Online%20%7C%20The%20Jonathan%20Edwards%20Center%20at%20Yale%20University&utmhid=1952614218&utmr=-&utmp=%2Farchive%3Fpath%3DaHR0cDovL2Vkd2FyZHMueWFsZS5lZHUvY2dpLWJpbi9uZXdwaGlsby9nZXRvYmplY3QucGw%25252FYy40MjoxMC53amVv&utmht=1787751053020&utmac=UA-1489454-4&utmcc=__utma%3D258641246.1462867204.1787750929.1787750929.1787750929.1%3B%2B__utmz%3D258641246.1787750929.1.1.utmcsr%3D(direct)%7Cutmccn%3D(direct)%7Cutmcmd%3D(none)%3B&utmjid=&utmu=qAAAAAAAAAAAAAAAAAAAAAAE~ reason=response.body: Response body is unavailable for redirect responses
2026-08-26T13:31:01.477Z scroll:stable height=35949 samples=70
2026-08-26T13:31:02.529Z complete:010.html html=114199 assets=18
2026-08-26T13:31:05.031Z attempt:1/3 011.html
2026-08-26T13:31:05.031Z navigation:start http://edwards.yale.edu/archive?path=aHR0cDovL2Vkd2FyZHMueWFsZS5lZHUvY2dpLWJpbi9uZXdwaGlsby9nZXRvYmplY3QucGw%2FYy40MjoxMS53amVv
2026-08-26T13:31:05.744Z resource:omit http://fonts.gstatic.com/s/opensans/v44/memvYaGs126MiZpBA-UvWbX2vVnXBbObj2OVTS-mu0SC55I.woff2 reason=response.body: Response body is unavailable for redirect responses
2026-08-26T13:31:05.744Z resource:omit http://fonts.gstatic.com/s/opensans/v44/memvYaGs126MiZpBA-UvWbX2vVnXBbObj2OVTUGmu0SC55K5gw.woff2 reason=response.body: Response body is unavailable for redirect responses
2026-08-26T13:31:05.744Z resource:omit http://fonts.gstatic.com/s/playfairdisplay/v40/nuFiD-vYSZviVYUb_rj3ij__anPXDTzYgEM86xQ.woff2 reason=response.body: Response body is unavailable for redirect responses
2026-08-26T13:31:05.916Z resource:omit http://fonts.gstatic.com/s/playfairdisplay/v40/nuFkD-vYSZviVYUb_rj3ij__anPXDTnogkk7yRZrPA.woff2 reason=response.body: Response body is unavailable for redirect responses
2026-08-26T13:31:06.262Z resource:omit http://www.google-analytics.com/ga.js reason=response.body: Response body is unavailable for redirect responses
2026-08-26T13:31:06.267Z resource:omit http://www.google-analytics.com/__utm.gif?utmwv=5.7.2&utms=12&utmn=1636100951&utmhn=edwards.yale.edu&utmcs=UTF-8&utmsr=1280x720&utmvp=1280x720&utmsc=24-bit&utmul=pl&utmje=0&utmfl=-&utmdt=Search%20WJE%20Online%20%7C%20The%20Jonathan%20Edwards%20Center%20at%20Yale%20University&utmhid=1302384642&utmr=-&utmp=%2Farchive%3Fpath%3DaHR0cDovL2Vkd2FyZHMueWFsZS5lZHUvY2dpLWJpbi9uZXdwaGlsby9nZXRvYmplY3QucGw%25252FYy40MjoxMS53amVv&utmht=1787751066265&utmac=UA-1489454-4&utmcc=__utma%3D258641246.1462867204.1787750929.1787750929.1787750929.1%3B%2B__utmz%3D258641246.1787750929.1.1.utmcsr%3D(direct)%7Cutmccn%3D(direct)%7Cutmcmd%3D(none)%3B&utmjid=&utmu=qAAAAAAAAAAAAAAAAAAAAAAE~ reason=response.body: Response body is unavailable for redirect responses
2026-08-26T13:31:10.706Z scroll:stable height=18014 samples=37
2026-08-26T13:31:11.760Z complete:011.html html=71351 assets=18
2026-08-26T13:31:14.262Z attempt:1/3 012.html
2026-08-26T13:31:14.263Z navigation:start http://edwards.yale.edu/archive?path=aHR0cDovL2Vkd2FyZHMueWFsZS5lZHUvY2dpLWJpbi9uZXdwaGlsby9nZXRvYmplY3QucGw%2FYy40MjoxMi53amVv
2026-08-26T13:31:14.900Z resource:omit http://fonts.gstatic.com/s/opensans/v44/memvYaGs126MiZpBA-UvWbX2vVnXBbObj2OVTS-mu0SC55I.woff2 reason=response.body: Response body is unavailable for redirect responses
2026-08-26T13:31:14.900Z resource:omit http://fonts.gstatic.com/s/playfairdisplay/v40/nuFiD-vYSZviVYUb_rj3ij__anPXDTzYgEM86xQ.woff2 reason=response.body: Response body is unavailable for redirect responses
2026-08-26T13:31:14.900Z resource:omit http://fonts.gstatic.com/s/opensans/v44/memvYaGs126MiZpBA-UvWbX2vVnXBbObj2OVTUGmu0SC55K5gw.woff2 reason=response.body: Response body is unavailable for redirect responses
2026-08-26T13:31:15.085Z resource:omit http://fonts.gstatic.com/s/playfairdisplay/v40/nuFkD-vYSZviVYUb_rj3ij__anPXDTnogkk7yRZrPA.woff2 reason=response.body: Response body is unavailable for redirect responses
2026-08-26T13:31:15.418Z resource:omit http://www.google-analytics.com/ga.js reason=response.body: Response body is unavailable for redirect responses
2026-08-26T13:31:15.426Z resource:omit http://www.google-analytics.com/__utm.gif?utmwv=5.7.2&utms=13&utmn=962934980&utmhn=edwards.yale.edu&utmcs=UTF-8&utmsr=1280x720&utmvp=1280x720&utmsc=24-bit&utmul=pl&utmje=0&utmfl=-&utmdt=Search%20WJE%20Online%20%7C%20The%20Jonathan%20Edwards%20Center%20at%20Yale%20University&utmhid=787657479&utmr=-&utmp=%2Farchive%3Fpath%3DaHR0cDovL2Vkd2FyZHMueWFsZS5lZHUvY2dpLWJpbi9uZXdwaGlsby9nZXRvYmplY3QucGw%25252FYy40MjoxMi53amVv&utmht=1787751075423&utmac=UA-1489454-4&utmcc=__utma%3D258641246.1462867204.1787750929.1787750929.1787750929.1%3B%2B__utmz%3D258641246.1787750929.1.1.utmcsr%3D(direct)%7Cutmccn%3D(direct)%7Cutmcmd%3D(none)%3B&utmjid=&utmu=qAAAAAAAAAAAAAAAAAAAAAAE~ reason=response.body: Response body is unavailable for redirect responses
2026-08-26T13:31:19.789Z scroll:stable height=18009 samples=36
2026-08-26T13:31:20.845Z complete:012.html html=71022 assets=18
2026-08-26T13:31:23.346Z attempt:1/3 013.html
2026-08-26T13:31:23.346Z navigation:start http://edwards.yale.edu/archive?path=aHR0cDovL2Vkd2FyZHMueWFsZS5lZHUvY2dpLWJpbi9uZXdwaGlsby9nZXRvYmplY3QucGw%2FYy40MjoxMy53amVv
2026-08-26T13:31:24.024Z resource:omit http://fonts.gstatic.com/s/opensans/v44/memvYaGs126MiZpBA-UvWbX2vVnXBbObj2OVTS-mu0SC55I.woff2 reason=response.body: Response body is unavailable for redirect responses
2026-08-26T13:31:24.024Z resource:omit http://fonts.gstatic.com/s/playfairdisplay/v40/nuFiD-vYSZviVYUb_rj3ij__anPXDTzYgEM86xQ.woff2 reason=response.body: Response body is unavailable for redirect responses
2026-08-26T13:31:24.024Z resource:omit http://fonts.gstatic.com/s/opensans/v44/memvYaGs126MiZpBA-UvWbX2vVnXBbObj2OVTUGmu0SC55K5gw.woff2 reason=response.body: Response body is unavailable for redirect responses
2026-08-26T13:31:24.217Z resource:omit http://fonts.gstatic.com/s/playfairdisplay/v40/nuFkD-vYSZviVYUb_rj3ij__anPXDTnogkk7yRZrPA.woff2 reason=response.body: Response body is unavailable for redirect responses
2026-08-26T13:31:24.976Z resource:omit http://www.google-analytics.com/ga.js reason=response.body: Response body is unavailable for redirect responses
2026-08-26T13:31:24.977Z resource:omit http://www.google-analytics.com/__utm.gif?utmwv=5.7.2&utms=14&utmn=1702489690&utmhn=edwards.yale.edu&utmcs=UTF-8&utmsr=1280x720&utmvp=1280x720&utmsc=24-bit&utmul=pl&utmje=0&utmfl=-&utmdt=Search%20WJE%20Online%20%7C%20The%20Jonathan%20Edwards%20Center%20at%20Yale%20University&utmhid=1616220023&utmr=-&utmp=%2Farchive%3Fpath%3DaHR0cDovL2Vkd2FyZHMueWFsZS5lZHUvY2dpLWJpbi9uZXdwaGlsby9nZXRvYmplY3QucGw%25252FYy40MjoxMy53amVv&utmht=1787751084975&utmac=UA-1489454-4&utmcc=__utma%3D258641246.1462867204.1787750929.1787750929.1787750929.1%3B%2B__utmz%3D258641246.1787750929.1.1.utmcsr%3D(direct)%7Cutmccn%3D(direct)%7Cutmcmd%3D(none)%3B&utmjid=&utmu=qAAAAAAAAAAAAAAAAAAAAAAE~ reason=response.body: Response body is unavailable for redirect responses
2026-08-26T13:31:32.812Z scroll:stable height=33189 samples=65
2026-08-26T13:31:33.870Z complete:013.html html=107427 assets=18
2026-08-26T13:31:36.371Z attempt:1/3 014.html
2026-08-26T13:31:36.371Z navigation:start http://edwards.yale.edu/archive?path=aHR0cDovL2Vkd2FyZHMueWFsZS5lZHUvY2dpLWJpbi9uZXdwaGlsby9nZXRvYmplY3QucGw%2FYy40MjoxNC53amVv
2026-08-26T13:31:37.028Z resource:omit http://fonts.gstatic.com/s/opensans/v44/memvYaGs126MiZpBA-UvWbX2vVnXBbObj2OVTS-mu0SC55I.woff2 reason=response.body: Response body is unavailable for redirect responses
2026-08-26T13:31:37.028Z resource:omit http://fonts.gstatic.com/s/playfairdisplay/v40/nuFiD-vYSZviVYUb_rj3ij__anPXDTzYgEM86xQ.woff2 reason=response.body: Response body is unavailable for redirect responses
2026-08-26T13:31:37.028Z resource:omit http://fonts.gstatic.com/s/opensans/v44/memvYaGs126MiZpBA-UvWbX2vVnXBbObj2OVTUGmu0SC55K5gw.woff2 reason=response.body: Response body is unavailable for redirect responses
2026-08-26T13:31:37.367Z resource:omit http://fonts.gstatic.com/s/playfairdisplay/v40/nuFkD-vYSZviVYUb_rj3ij__anPXDTnogkk7yRZrPA.woff2 reason=response.body: Response body is unavailable for redirect responses
2026-08-26T13:31:37.886Z resource:omit http://www.google-analytics.com/ga.js reason=response.body: Response body is unavailable for redirect responses
2026-08-26T13:31:37.894Z resource:omit http://www.google-analytics.com/__utm.gif?utmwv=5.7.2&utms=15&utmn=911809856&utmhn=edwards.yale.edu&utmcs=UTF-8&utmsr=1280x720&utmvp=1280x720&utmsc=24-bit&utmul=pl&utmje=0&utmfl=-&utmdt=Search%20WJE%20Online%20%7C%20The%20Jonathan%20Edwards%20Center%20at%20Yale%20University&utmhid=1710351399&utmr=-&utmp=%2Farchive%3Fpath%3DaHR0cDovL2Vkd2FyZHMueWFsZS5lZHUvY2dpLWJpbi9uZXdwaGlsby9nZXRvYmplY3QucGw%25252FYy40MjoxNC53amVv&utmht=1787751097892&utmac=UA-1489454-4&utmcc=__utma%3D258641246.1462867204.1787750929.1787750929.1787750929.1%3B%2B__utmz%3D258641246.1787750929.1.1.utmcsr%3D(direct)%7Cutmccn%3D(direct)%7Cutmcmd%3D(none)%3B&utmjid=&utmu=qAAAAAAAAAAAAAAAAAAAAAAE~ reason=response.body: Response body is unavailable for redirect responses
2026-08-26T13:31:42.546Z scroll:stable height=19372 samples=39
2026-08-26T13:31:43.602Z complete:014.html html=76441 assets=18
2026-08-26T13:31:46.104Z attempt:1/3 015.html
2026-08-26T13:31:46.105Z navigation:start http://edwards.yale.edu/archive?path=aHR0cDovL2Vkd2FyZHMueWFsZS5lZHUvY2dpLWJpbi9uZXdwaGlsby9nZXRvYmplY3QucGw%2FYy40MjoxNS53amVv
2026-08-26T13:31:46.976Z resource:omit http://fonts.gstatic.com/s/opensans/v44/memvYaGs126MiZpBA-UvWbX2vVnXBbObj2OVTS-mu0SC55I.woff2 reason=response.body: Response body is unavailable for redirect responses
2026-08-26T13:31:46.976Z resource:omit http://fonts.gstatic.com/s/playfairdisplay/v40/nuFiD-vYSZviVYUb_rj3ij__anPXDTzYgEM86xQ.woff2 reason=response.body: Response body is unavailable for redirect responses
2026-08-26T13:31:46.977Z resource:omit http://fonts.gstatic.com/s/opensans/v44/memvYaGs126MiZpBA-UvWbX2vVnXBbObj2OVTUGmu0SC55K5gw.woff2 reason=response.body: Response body is unavailable for redirect responses
2026-08-26T13:31:47.167Z resource:omit http://fonts.gstatic.com/s/playfairdisplay/v40/nuFkD-vYSZviVYUb_rj3ij__anPXDTnogkk7yRZrPA.woff2 reason=response.body: Response body is unavailable for redirect responses
2026-08-26T13:31:47.978Z resource:omit http://www.google-analytics.com/ga.js reason=response.body: Response body is unavailable for redirect responses
2026-08-26T13:31:47.984Z resource:omit http://www.google-analytics.com/__utm.gif?utmwv=5.7.2&utms=16&utmn=2144149636&utmhn=edwards.yale.edu&utmcs=UTF-8&utmsr=1280x720&utmvp=1280x720&utmsc=24-bit&utmul=pl&utmje=0&utmfl=-&utmdt=Search%20WJE%20Online%20%7C%20The%20Jonathan%20Edwards%20Center%20at%20Yale%20University&utmhid=1954936375&utmr=-&utmp=%2Farchive%3Fpath%3DaHR0cDovL2Vkd2FyZHMueWFsZS5lZHUvY2dpLWJpbi9uZXdwaGlsby9nZXRvYmplY3QucGw%25252FYy40MjoxNS53amVv&utmht=1787751107981&utmac=UA-1489454-4&utmcc=__utma%3D258641246.1462867204.1787750929.1787750929.1787750929.1%3B%2B__utmz%3D258641246.1787750929.1.1.utmcsr%3D(direct)%7Cutmccn%3D(direct)%7Cutmcmd%3D(none)%3B&utmjid=&utmu=qAAAAAAAAAAAAAAAAAAAAAAE~ reason=response.body: Response body is unavailable for redirect responses
2026-08-26T13:31:57.533Z scroll:stable height=41156 samples=79
2026-08-26T13:31:58.595Z complete:015.html html=120602 assets=18
2026-08-26T13:32:01.096Z attempt:1/3 016.html
2026-08-26T13:32:01.096Z navigation:start http://edwards.yale.edu/archive?path=aHR0cDovL2Vkd2FyZHMueWFsZS5lZHUvY2dpLWJpbi9uZXdwaGlsby9nZXRvYmplY3QucGw%2FYy40MjoxNi53amVv
2026-08-26T13:32:01.833Z resource:omit http://fonts.gstatic.com/s/opensans/v44/memvYaGs126MiZpBA-UvWbX2vVnXBbObj2OVTS-mu0SC55I.woff2 reason=response.body: Response body is unavailable for redirect responses
2026-08-26T13:32:01.833Z resource:omit http://fonts.gstatic.com/s/opensans/v44/memvYaGs126MiZpBA-UvWbX2vVnXBbObj2OVTUGmu0SC55K5gw.woff2 reason=response.body: Response body is unavailable for redirect responses
2026-08-26T13:32:01.833Z resource:omit http://fonts.gstatic.com/s/playfairdisplay/v40/nuFiD-vYSZviVYUb_rj3ij__anPXDTzYgEM86xQ.woff2 reason=response.body: Response body is unavailable for redirect responses
2026-08-26T13:32:02.066Z resource:omit http://fonts.gstatic.com/s/playfairdisplay/v40/nuFkD-vYSZviVYUb_rj3ij__anPXDTnogkk7yRZrPA.woff2 reason=response.body: Response body is unavailable for redirect responses
2026-08-26T13:32:02.405Z resource:omit http://www.google-analytics.com/ga.js reason=response.body: Response body is unavailable for redirect responses
2026-08-26T13:32:02.412Z resource:omit http://www.google-analytics.com/__utm.gif?utmwv=5.7.2&utms=17&utmn=2132546120&utmhn=edwards.yale.edu&utmcs=UTF-8&utmsr=1280x720&utmvp=1280x720&utmsc=24-bit&utmul=pl&utmje=0&utmfl=-&utmdt=Search%20WJE%20Online%20%7C%20The%20Jonathan%20Edwards%20Center%20at%20Yale%20University&utmhid=1172462046&utmr=-&utmp=%2Farchive%3Fpath%3DaHR0cDovL2Vkd2FyZHMueWFsZS5lZHUvY2dpLWJpbi9uZXdwaGlsby9nZXRvYmplY3QucGw%25252FYy40MjoxNi53amVv&utmht=1787751122410&utmac=UA-1489454-4&utmcc=__utma%3D258641246.1462867204.1787750929.1787750929.1787750929.1%3B%2B__utmz%3D258641246.1787750929.1.1.utmcsr%3D(direct)%7Cutmccn%3D(direct)%7Cutmcmd%3D(none)%3B&utmjid=&utmu=qAAAAAAAAAAAAAAAAAAAAAAE~ reason=response.body: Response body is unavailable for redirect responses
2026-08-26T13:32:06.833Z scroll:stable height=18330 samples=37
2026-08-26T13:32:07.894Z complete:016.html html=72130 assets=18
2026-08-26T13:32:10.395Z attempt:1/3 017.html
2026-08-26T13:32:10.396Z navigation:start http://edwards.yale.edu/archive?path=aHR0cDovL2Vkd2FyZHMueWFsZS5lZHUvY2dpLWJpbi9uZXdwaGlsby9nZXRvYmplY3QucGw%2FYy40MjoxNy53amVv
2026-08-26T13:32:11.234Z resource:omit http://fonts.gstatic.com/s/opensans/v44/memvYaGs126MiZpBA-UvWbX2vVnXBbObj2OVTS-mu0SC55I.woff2 reason=response.body: Response body is unavailable for redirect responses
2026-08-26T13:32:11.235Z resource:omit http://fonts.gstatic.com/s/playfairdisplay/v40/nuFiD-vYSZviVYUb_rj3ij__anPXDTzYgEM86xQ.woff2 reason=response.body: Response body is unavailable for redirect responses
2026-08-26T13:32:11.235Z resource:omit http://fonts.gstatic.com/s/opensans/v44/memvYaGs126MiZpBA-UvWbX2vVnXBbObj2OVTUGmu0SC55K5gw.woff2 reason=response.body: Response body is unavailable for redirect responses
2026-08-26T13:32:11.500Z resource:omit http://fonts.gstatic.com/s/playfairdisplay/v40/nuFkD-vYSZviVYUb_rj3ij__anPXDTnogkk7yRZrPA.woff2 reason=response.body: Response body is unavailable for redirect responses
2026-08-26T13:32:12.021Z resource:omit http://www.google-analytics.com/ga.js reason=response.body: Response body is unavailable for redirect responses
2026-08-26T13:32:12.029Z resource:omit http://www.google-analytics.com/__utm.gif?utmwv=5.7.2&utms=18&utmn=227144579&utmhn=edwards.yale.edu&utmcs=UTF-8&utmsr=1280x720&utmvp=1280x720&utmsc=24-bit&utmul=pl&utmje=0&utmfl=-&utmdt=Search%20WJE%20Online%20%7C%20The%20Jonathan%20Edwards%20Center%20at%20Yale%20University&utmhid=1479999316&utmr=-&utmp=%2Farchive%3Fpath%3DaHR0cDovL2Vkd2FyZHMueWFsZS5lZHUvY2dpLWJpbi9uZXdwaGlsby9nZXRvYmplY3QucGw%25252FYy40MjoxNy53amVv&utmht=1787751132025&utmac=UA-1489454-4&utmcc=__utma%3D258641246.1462867204.1787750929.1787750929.1787750929.1%3B%2B__utmz%3D258641246.1787750929.1.1.utmcsr%3D(direct)%7Cutmccn%3D(direct)%7Cutmcmd%3D(none)%3B&utmjid=&utmu=qAAAAAAAAAAAAAAAAAAAAAAE~ reason=response.body: Response body is unavailable for redirect responses
2026-08-26T13:32:17.081Z scroll:stable height=20897 samples=42
2026-08-26T13:32:18.165Z complete:017.html html=79159 assets=18
2026-08-26T13:32:20.667Z attempt:1/3 018.html
2026-08-26T13:32:20.678Z navigation:start http://edwards.yale.edu/archive?path=aHR0cDovL2Vkd2FyZHMueWFsZS5lZHUvY2dpLWJpbi9uZXdwaGlsby9nZXRvYmplY3QucGw%2FYy40MjoxOC53amVv
2026-08-26T13:32:21.447Z resource:omit http://fonts.gstatic.com/s/opensans/v44/memvYaGs126MiZpBA-UvWbX2vVnXBbObj2OVTS-mu0SC55I.woff2 reason=response.body: Response body is unavailable for redirect responses
2026-08-26T13:32:21.447Z resource:omit http://fonts.gstatic.com/s/playfairdisplay/v40/nuFiD-vYSZviVYUb_rj3ij__anPXDTzYgEM86xQ.woff2 reason=response.body: Response body is unavailable for redirect responses
2026-08-26T13:32:21.448Z resource:omit http://fonts.gstatic.com/s/opensans/v44/memvYaGs126MiZpBA-UvWbX2vVnXBbObj2OVTUGmu0SC55K5gw.woff2 reason=response.body: Response body is unavailable for redirect responses
2026-08-26T13:32:21.641Z resource:omit http://fonts.gstatic.com/s/playfairdisplay/v40/nuFkD-vYSZviVYUb_rj3ij__anPXDTnogkk7yRZrPA.woff2 reason=response.body: Response body is unavailable for redirect responses
2026-08-26T13:32:22.174Z resource:omit http://www.google-analytics.com/ga.js reason=response.body: Response body is unavailable for redirect responses
2026-08-26T13:32:22.176Z resource:omit http://www.google-analytics.com/__utm.gif?utmwv=5.7.2&utms=19&utmn=1830982280&utmhn=edwards.yale.edu&utmcs=UTF-8&utmsr=1280x720&utmvp=1280x720&utmsc=24-bit&utmul=pl&utmje=0&utmfl=-&utmdt=Search%20WJE%20Online%20%7C%20The%20Jonathan%20Edwards%20Center%20at%20Yale%20University&utmhid=204240018&utmr=-&utmp=%2Farchive%3Fpath%3DaHR0cDovL2Vkd2FyZHMueWFsZS5lZHUvY2dpLWJpbi9uZXdwaGlsby9nZXRvYmplY3QucGw%25252FYy40MjoxOC53amVv&utmht=1787751142164&utmac=UA-1489454-4&utmcc=__utma%3D258641246.1462867204.1787750929.1787750929.1787750929.1%3B%2B__utmz%3D258641246.1787750929.1.1.utmcsr%3D(direct)%7Cutmccn%3D(direct)%7Cutmcmd%3D(none)%3B&utmjid=&utmu=qAAAAAAAAAAAAAAAAAAAAAAE~ reason=response.body: Response body is unavailable for redirect responses
2026-08-26T13:32:27.456Z scroll:stable height=21964 samples=44
2026-08-26T13:32:28.519Z complete:018.html html=81504 assets=18
2026-08-26T13:32:31.021Z attempt:1/3 019.html
2026-08-26T13:32:31.022Z navigation:start http://edwards.yale.edu/archive?path=aHR0cDovL2Vkd2FyZHMueWFsZS5lZHUvY2dpLWJpbi9uZXdwaGlsby9nZXRvYmplY3QucGw%2FYy40MjoxOS53amVv
2026-08-26T13:32:31.684Z resource:omit http://fonts.gstatic.com/s/playfairdisplay/v40/nuFiD-vYSZviVYUb_rj3ij__anPXDTzYgEM86xQ.woff2 reason=response.body: Response body is unavailable for redirect responses
2026-08-26T13:32:31.684Z resource:omit http://fonts.gstatic.com/s/opensans/v44/memvYaGs126MiZpBA-UvWbX2vVnXBbObj2OVTS-mu0SC55I.woff2 reason=response.body: Response body is unavailable for redirect responses
2026-08-26T13:32:31.685Z resource:omit http://fonts.gstatic.com/s/opensans/v44/memvYaGs126MiZpBA-UvWbX2vVnXBbObj2OVTUGmu0SC55K5gw.woff2 reason=response.body: Response body is unavailable for redirect responses
2026-08-26T13:32:31.941Z resource:omit http://fonts.gstatic.com/s/playfairdisplay/v40/nuFkD-vYSZviVYUb_rj3ij__anPXDTnogkk7yRZrPA.woff2 reason=response.body: Response body is unavailable for redirect responses
2026-08-26T13:32:32.466Z resource:omit http://www.google-analytics.com/ga.js reason=response.body: Response body is unavailable for redirect responses
2026-08-26T13:32:32.471Z resource:omit http://www.google-analytics.com/__utm.gif?utmwv=5.7.2&utms=20&utmn=677248362&utmhn=edwards.yale.edu&utmcs=UTF-8&utmsr=1280x720&utmvp=1280x720&utmsc=24-bit&utmul=pl&utmje=0&utmfl=-&utmdt=Search%20WJE%20Online%20%7C%20The%20Jonathan%20Edwards%20Center%20at%20Yale%20University&utmhid=1802783176&utmr=-&utmp=%2Farchive%3Fpath%3DaHR0cDovL2Vkd2FyZHMueWFsZS5lZHUvY2dpLWJpbi9uZXdwaGlsby9nZXRvYmplY3QucGw%25252FYy40MjoxOS53amVv&utmht=1787751152468&utmac=UA-1489454-4&utmcc=__utma%3D258641246.1462867204.1787750929.1787750929.1787750929.1%3B%2B__utmz%3D258641246.1787750929.1.1.utmcsr%3D(direct)%7Cutmccn%3D(direct)%7Cutmcmd%3D(none)%3B&utmjid=&utmu=qAAAAAAAAAAAAAAAAAAAAAAE~ reason=response.body: Response body is unavailable for redirect responses
2026-08-26T13:32:37.008Z scroll:stable height=19006 samples=38
2026-08-26T13:32:38.107Z complete:019.html html=74992 assets=18
2026-08-26T13:32:40.608Z attempt:1/3 020.html
2026-08-26T13:32:40.609Z navigation:start http://edwards.yale.edu/archive?path=aHR0cDovL2Vkd2FyZHMueWFsZS5lZHUvY2dpLWJpbi9uZXdwaGlsby9nZXRvYmplY3QucGw%2FYy40MjoyMC53amVv
2026-08-26T13:32:41.369Z resource:omit http://fonts.gstatic.com/s/opensans/v44/memvYaGs126MiZpBA-UvWbX2vVnXBbObj2OVTS-mu0SC55I.woff2 reason=response.body: Response body is unavailable for redirect responses
2026-08-26T13:32:41.369Z resource:omit http://fonts.gstatic.com/s/playfairdisplay/v40/nuFiD-vYSZviVYUb_rj3ij__anPXDTzYgEM86xQ.woff2 reason=response.body: Response body is unavailable for redirect responses
2026-08-26T13:32:41.372Z resource:omit http://fonts.gstatic.com/s/opensans/v44/memvYaGs126MiZpBA-UvWbX2vVnXBbObj2OVTUGmu0SC55K5gw.woff2 reason=response.body: Response body is unavailable for redirect responses
2026-08-26T13:32:41.558Z resource:omit http://fonts.gstatic.com/s/playfairdisplay/v40/nuFkD-vYSZviVYUb_rj3ij__anPXDTnogkk7yRZrPA.woff2 reason=response.body: Response body is unavailable for redirect responses
2026-08-26T13:32:42.092Z resource:omit http://www.google-analytics.com/ga.js reason=response.body: Response body is unavailable for redirect responses
2026-08-26T13:32:42.098Z resource:omit http://www.google-analytics.com/__utm.gif?utmwv=5.7.2&utms=21&utmn=885023018&utmhn=edwards.yale.edu&utmcs=UTF-8&utmsr=1280x720&utmvp=1280x720&utmsc=24-bit&utmul=pl&utmje=0&utmfl=-&utmdt=Search%20WJE%20Online%20%7C%20The%20Jonathan%20Edwards%20Center%20at%20Yale%20University&utmhid=1440662948&utmr=-&utmp=%2Farchive%3Fpath%3DaHR0cDovL2Vkd2FyZHMueWFsZS5lZHUvY2dpLWJpbi9uZXdwaGlsby9nZXRvYmplY3QucGw%25252FYy40MjoyMC53amVv&utmht=1787751162093&utmac=UA-1489454-4&utmcc=__utma%3D258641246.1462867204.1787750929.1787750929.1787750929.1%3B%2B__utmz%3D258641246.1787750929.1.1.utmcsr%3D(direct)%7Cutmccn%3D(direct)%7Cutmcmd%3D(none)%3B&utmjid=&utmu=qAAAAAAAAAAAAAAAAAAAAAAE~ reason=response.body: Response body is unavailable for redirect responses
2026-08-26T13:32:46.636Z scroll:stable height=18891 samples=38
2026-08-26T13:32:47.695Z complete:020.html html=75937 assets=18
2026-08-26T13:32:50.196Z attempt:1/3 021.html
2026-08-26T13:32:50.197Z navigation:start http://edwards.yale.edu/archive?path=aHR0cDovL2Vkd2FyZHMueWFsZS5lZHUvY2dpLWJpbi9uZXdwaGlsby9nZXRvYmplY3QucGw%2FYy40MjoyMS53amVv
2026-08-26T13:32:50.930Z resource:omit http://fonts.gstatic.com/s/opensans/v44/memvYaGs126MiZpBA-UvWbX2vVnXBbObj2OVTS-mu0SC55I.woff2 reason=response.body: Response body is unavailable for redirect responses
2026-08-26T13:32:50.931Z resource:omit http://fonts.gstatic.com/s/playfairdisplay/v40/nuFiD-vYSZviVYUb_rj3ij__anPXDTzYgEM86xQ.woff2 reason=response.body: Response body is unavailable for redirect responses
2026-08-26T13:32:50.931Z resource:omit http://fonts.gstatic.com/s/opensans/v44/memvYaGs126MiZpBA-UvWbX2vVnXBbObj2OVTUGmu0SC55K5gw.woff2 reason=response.body: Response body is unavailable for redirect responses
2026-08-26T13:32:51.127Z resource:omit http://fonts.gstatic.com/s/playfairdisplay/v40/nuFkD-vYSZviVYUb_rj3ij__anPXDTnogkk7yRZrPA.woff2 reason=response.body: Response body is unavailable for redirect responses
2026-08-26T13:32:51.509Z resource:omit http://www.google-analytics.com/ga.js reason=response.body: Response body is unavailable for redirect responses
2026-08-26T13:32:51.514Z resource:omit http://www.google-analytics.com/__utm.gif?utmwv=5.7.2&utms=22&utmn=117809649&utmhn=edwards.yale.edu&utmcs=UTF-8&utmsr=1280x720&utmvp=1280x720&utmsc=24-bit&utmul=pl&utmje=0&utmfl=-&utmdt=Search%20WJE%20Online%20%7C%20The%20Jonathan%20Edwards%20Center%20at%20Yale%20University&utmhid=979406111&utmr=-&utmp=%2Farchive%3Fpath%3DaHR0cDovL2Vkd2FyZHMueWFsZS5lZHUvY2dpLWJpbi9uZXdwaGlsby9nZXRvYmplY3QucGw%25252FYy40MjoyMS53amVv&utmht=1787751171511&utmac=UA-1489454-4&utmcc=__utma%3D258641246.1462867204.1787750929.1787750929.1787750929.1%3B%2B__utmz%3D258641246.1787750929.1.1.utmcsr%3D(direct)%7Cutmccn%3D(direct)%7Cutmcmd%3D(none)%3B&utmjid=&utmu=qAAAAAAAAAAAAAAAAAAAAAAE~ reason=response.body: Response body is unavailable for redirect responses
2026-08-26T13:32:55.697Z scroll:stable height=17126 samples=35
2026-08-26T13:32:56.751Z complete:021.html html=69174 assets=18
2026-08-26T13:32:59.252Z attempt:1/3 022.html
2026-08-26T13:32:59.253Z navigation:start http://edwards.yale.edu/archive?path=aHR0cDovL2Vkd2FyZHMueWFsZS5lZHUvY2dpLWJpbi9uZXdwaGlsby9nZXRvYmplY3QucGw%2FYy40MjoyMi53amVv
2026-08-26T13:32:59.916Z resource:omit http://fonts.gstatic.com/s/opensans/v44/memvYaGs126MiZpBA-UvWbX2vVnXBbObj2OVTS-mu0SC55I.woff2 reason=response.body: Response body is unavailable for redirect responses
2026-08-26T13:32:59.916Z resource:omit http://fonts.gstatic.com/s/opensans/v44/memvYaGs126MiZpBA-UvWbX2vVnXBbObj2OVTUGmu0SC55K5gw.woff2 reason=response.body: Response body is unavailable for redirect responses
2026-08-26T13:32:59.917Z resource:omit http://fonts.gstatic.com/s/playfairdisplay/v40/nuFiD-vYSZviVYUb_rj3ij__anPXDTzYgEM86xQ.woff2 reason=response.body: Response body is unavailable for redirect responses
2026-08-26T13:33:00.100Z resource:omit http://fonts.gstatic.com/s/playfairdisplay/v40/nuFkD-vYSZviVYUb_rj3ij__anPXDTnogkk7yRZrPA.woff2 reason=response.body: Response body is unavailable for redirect responses
2026-08-26T13:33:00.436Z resource:omit http://www.google-analytics.com/ga.js reason=response.body: Response body is unavailable for redirect responses
2026-08-26T13:33:00.443Z resource:omit http://www.google-analytics.com/__utm.gif?utmwv=5.7.2&utms=23&utmn=1249973952&utmhn=edwards.yale.edu&utmcs=UTF-8&utmsr=1280x720&utmvp=1280x720&utmsc=24-bit&utmul=pl&utmje=0&utmfl=-&utmdt=Search%20WJE%20Online%20%7C%20The%20Jonathan%20Edwards%20Center%20at%20Yale%20University&utmhid=1655990150&utmr=-&utmp=%2Farchive%3Fpath%3DaHR0cDovL2Vkd2FyZHMueWFsZS5lZHUvY2dpLWJpbi9uZXdwaGlsby9nZXRvYmplY3QucGw%25252FYy40MjoyMi53amVv&utmht=1787751180439&utmac=UA-1489454-4&utmcc=__utma%3D258641246.1462867204.1787750929.1787750929.1787750929.1%3B%2B__utmz%3D258641246.1787750929.1.1.utmcsr%3D(direct)%7Cutmccn%3D(direct)%7Cutmcmd%3D(none)%3B&utmjid=&utmu=qAAAAAAAAAAAAAAAAAAAAAAE~ reason=response.body: Response body is unavailable for redirect responses
2026-08-26T13:33:04.732Z scroll:stable height=17576 samples=36
2026-08-26T13:33:05.794Z complete:022.html html=70950 assets=18
2026-08-26T13:33:08.295Z attempt:1/3 023.html
2026-08-26T13:33:08.296Z navigation:start http://edwards.yale.edu/archive?path=aHR0cDovL2Vkd2FyZHMueWFsZS5lZHUvY2dpLWJpbi9uZXdwaGlsby9nZXRvYmplY3QucGw%2FYy40MjoyMy53amVv
2026-08-26T13:33:09.010Z resource:omit http://fonts.gstatic.com/s/playfairdisplay/v40/nuFiD-vYSZviVYUb_rj3ij__anPXDTzYgEM86xQ.woff2 reason=response.body: Response body is unavailable for redirect responses
2026-08-26T13:33:09.010Z resource:omit http://fonts.gstatic.com/s/opensans/v44/memvYaGs126MiZpBA-UvWbX2vVnXBbObj2OVTUGmu0SC55K5gw.woff2 reason=response.body: Response body is unavailable for redirect responses
2026-08-26T13:33:09.009Z resource:omit http://fonts.gstatic.com/s/opensans/v44/memvYaGs126MiZpBA-UvWbX2vVnXBbObj2OVTS-mu0SC55I.woff2 reason=response.body: Response body is unavailable for redirect responses
2026-08-26T13:33:09.195Z resource:omit http://fonts.gstatic.com/s/playfairdisplay/v40/nuFkD-vYSZviVYUb_rj3ij__anPXDTnogkk7yRZrPA.woff2 reason=response.body: Response body is unavailable for redirect responses
2026-08-26T13:33:09.862Z resource:omit http://www.google-analytics.com/ga.js reason=response.body: Response body is unavailable for redirect responses
2026-08-26T13:33:09.868Z resource:omit http://www.google-analytics.com/__utm.gif?utmwv=5.7.2&utms=24&utmn=1446202950&utmhn=edwards.yale.edu&utmcs=UTF-8&utmsr=1280x720&utmvp=1280x720&utmsc=24-bit&utmul=pl&utmje=0&utmfl=-&utmdt=Search%20WJE%20Online%20%7C%20The%20Jonathan%20Edwards%20Center%20at%20Yale%20University&utmhid=868027020&utmr=-&utmp=%2Farchive%3Fpath%3DaHR0cDovL2Vkd2FyZHMueWFsZS5lZHUvY2dpLWJpbi9uZXdwaGlsby9nZXRvYmplY3QucGw%25252FYy40MjoyMy53amVv&utmht=1787751189865&utmac=UA-1489454-4&utmcc=__utma%3D258641246.1462867204.1787750929.1787750929.1787750929.1%3B%2B__utmz%3D258641246.1787750929.1.1.utmcsr%3D(direct)%7Cutmccn%3D(direct)%7Cutmcmd%3D(none)%3B&utmjid=&utmu=qAAAAAAAAAAAAAAAAAAAAAAE~ reason=response.body: Response body is unavailable for redirect responses
2026-08-26T13:33:17.602Z scroll:stable height=33059 samples=64
2026-08-26T13:33:18.652Z complete:023.html html=103887 assets=18
2026-08-26T13:33:21.155Z attempt:1/3 024.html
2026-08-26T13:33:21.157Z navigation:start http://edwards.yale.edu/archive?path=aHR0cDovL2Vkd2FyZHMueWFsZS5lZHUvY2dpLWJpbi9uZXdwaGlsby9nZXRvYmplY3QucGw%2FYy40MjoyNC53amVv
2026-08-26T13:33:21.826Z resource:omit http://fonts.gstatic.com/s/playfairdisplay/v40/nuFiD-vYSZviVYUb_rj3ij__anPXDTzYgEM86xQ.woff2 reason=response.body: Response body is unavailable for redirect responses
2026-08-26T13:33:21.826Z resource:omit http://fonts.gstatic.com/s/opensans/v44/memvYaGs126MiZpBA-UvWbX2vVnXBbObj2OVTUGmu0SC55K5gw.woff2 reason=response.body: Response body is unavailable for redirect responses
2026-08-26T13:33:21.826Z resource:omit http://fonts.gstatic.com/s/opensans/v44/memvYaGs126MiZpBA-UvWbX2vVnXBbObj2OVTS-mu0SC55I.woff2 reason=response.body: Response body is unavailable for redirect responses
2026-08-26T13:33:22.008Z resource:omit http://fonts.gstatic.com/s/playfairdisplay/v40/nuFkD-vYSZviVYUb_rj3ij__anPXDTnogkk7yRZrPA.woff2 reason=response.body: Response body is unavailable for redirect responses
2026-08-26T13:33:22.606Z resource:omit http://www.google-analytics.com/ga.js reason=response.body: Response body is unavailable for redirect responses
2026-08-26T13:33:22.611Z resource:omit http://www.google-analytics.com/__utm.gif?utmwv=5.7.2&utms=25&utmn=1018601059&utmhn=edwards.yale.edu&utmcs=UTF-8&utmsr=1280x720&utmvp=1280x720&utmsc=24-bit&utmul=pl&utmje=0&utmfl=-&utmdt=Search%20WJE%20Online%20%7C%20The%20Jonathan%20Edwards%20Center%20at%20Yale%20University&utmhid=1998605691&utmr=-&utmp=%2Farchive%3Fpath%3DaHR0cDovL2Vkd2FyZHMueWFsZS5lZHUvY2dpLWJpbi9uZXdwaGlsby9nZXRvYmplY3QucGw%25252FYy40MjoyNC53amVv&utmht=1787751202609&utmac=UA-1489454-4&utmcc=__utma%3D258641246.1462867204.1787750929.1787750929.1787750929.1%3B%2B__utmz%3D258641246.1787750929.1.1.utmcsr%3D(direct)%7Cutmccn%3D(direct)%7Cutmcmd%3D(none)%3B&utmjid=&utmu=qAAAAAAAAAAAAAAAAAAAAAAE~ reason=response.body: Response body is unavailable for redirect responses
2026-08-26T13:33:27.999Z scroll:stable height=22789 samples=45
2026-08-26T13:33:29.062Z complete:024.html html=82403 assets=18
2026-08-26T13:33:31.564Z attempt:1/3 025.html
2026-08-26T13:33:31.564Z navigation:start http://edwards.yale.edu/archive?path=aHR0cDovL2Vkd2FyZHMueWFsZS5lZHUvY2dpLWJpbi9uZXdwaGlsby9nZXRvYmplY3QucGw%2FYy40MjoyNS53amVv
2026-08-26T13:33:32.232Z resource:omit http://fonts.gstatic.com/s/opensans/v44/memvYaGs126MiZpBA-UvWbX2vVnXBbObj2OVTS-mu0SC55I.woff2 reason=response.body: Response body is unavailable for redirect responses
2026-08-26T13:33:32.232Z resource:omit http://fonts.gstatic.com/s/opensans/v44/memvYaGs126MiZpBA-UvWbX2vVnXBbObj2OVTUGmu0SC55K5gw.woff2 reason=response.body: Response body is unavailable for redirect responses
2026-08-26T13:33:32.232Z resource:omit http://fonts.gstatic.com/s/playfairdisplay/v40/nuFiD-vYSZviVYUb_rj3ij__anPXDTzYgEM86xQ.woff2 reason=response.body: Response body is unavailable for redirect responses
2026-08-26T13:33:32.416Z resource:omit http://fonts.gstatic.com/s/playfairdisplay/v40/nuFkD-vYSZviVYUb_rj3ij__anPXDTnogkk7yRZrPA.woff2 reason=response.body: Response body is unavailable for redirect responses
2026-08-26T13:33:32.924Z resource:omit http://www.google-analytics.com/ga.js reason=response.body: Response body is unavailable for redirect responses
2026-08-26T13:33:32.933Z resource:omit http://www.google-analytics.com/__utm.gif?utmwv=5.7.2&utms=26&utmn=426089821&utmhn=edwards.yale.edu&utmcs=UTF-8&utmsr=1280x720&utmvp=1280x720&utmsc=24-bit&utmul=pl&utmje=0&utmfl=-&utmdt=Search%20WJE%20Online%20%7C%20The%20Jonathan%20Edwards%20Center%20at%20Yale%20University&utmhid=1327660535&utmr=-&utmp=%2Farchive%3Fpath%3DaHR0cDovL2Vkd2FyZHMueWFsZS5lZHUvY2dpLWJpbi9uZXdwaGlsby9nZXRvYmplY3QucGw%25252FYy40MjoyNS53amVv&utmht=1787751212930&utmac=UA-1489454-4&utmcc=__utma%3D258641246.1462867204.1787750929.1787750929.1787750929.1%3B%2B__utmz%3D258641246.1787750929.1.1.utmcsr%3D(direct)%7Cutmccn%3D(direct)%7Cutmcmd%3D(none)%3B&utmjid=&utmu=qAAAAAAAAAAAAAAAAAAAAAAE~ reason=response.body: Response body is unavailable for redirect responses
2026-08-26T13:33:41.877Z scroll:stable height=38315 samples=74
2026-08-26T13:33:42.929Z complete:025.html html=113927 assets=18
2026-08-26T13:33:45.429Z attempt:1/3 026.html
2026-08-26T13:33:45.430Z navigation:start http://edwards.yale.edu/archive?path=aHR0cDovL2Vkd2FyZHMueWFsZS5lZHUvY2dpLWJpbi9uZXdwaGlsby9nZXRvYmplY3QucGw%2FYy40MjoyNi53amVv
2026-08-26T13:33:46.266Z resource:omit http://fonts.gstatic.com/s/opensans/v44/memvYaGs126MiZpBA-UvWbX2vVnXBbObj2OVTS-mu0SC55I.woff2 reason=response.body: Response body is unavailable for redirect responses
2026-08-26T13:33:46.266Z resource:omit http://fonts.gstatic.com/s/opensans/v44/memvYaGs126MiZpBA-UvWbX2vVnXBbObj2OVTUGmu0SC55K5gw.woff2 reason=response.body: Response body is unavailable for redirect responses
2026-08-26T13:33:46.266Z resource:omit http://fonts.gstatic.com/s/playfairdisplay/v40/nuFiD-vYSZviVYUb_rj3ij__anPXDTzYgEM86xQ.woff2 reason=response.body: Response body is unavailable for redirect responses
2026-08-26T13:33:46.449Z resource:omit http://fonts.gstatic.com/s/playfairdisplay/v40/nuFkD-vYSZviVYUb_rj3ij__anPXDTnogkk7yRZrPA.woff2 reason=response.body: Response body is unavailable for redirect responses
2026-08-26T13:33:46.782Z resource:omit http://www.google-analytics.com/ga.js reason=response.body: Response body is unavailable for redirect responses
2026-08-26T13:33:46.791Z resource:omit http://www.google-analytics.com/__utm.gif?utmwv=5.7.2&utms=27&utmn=1335205087&utmhn=edwards.yale.edu&utmcs=UTF-8&utmsr=1280x720&utmvp=1280x720&utmsc=24-bit&utmul=pl&utmje=0&utmfl=-&utmdt=Search%20WJE%20Online%20%7C%20The%20Jonathan%20Edwards%20Center%20at%20Yale%20University&utmhid=436186862&utmr=-&utmp=%2Farchive%3Fpath%3DaHR0cDovL2Vkd2FyZHMueWFsZS5lZHUvY2dpLWJpbi9uZXdwaGlsby9nZXRvYmplY3QucGw%25252FYy40MjoyNi53amVv&utmht=1787751226786&utmac=UA-1489454-4&utmcc=__utma%3D258641246.1462867204.1787750929.1787750929.1787750929.1%3B%2B__utmz%3D258641246.1787750929.1.1.utmcsr%3D(direct)%7Cutmccn%3D(direct)%7Cutmcmd%3D(none)%3B&utmjid=&utmu=qAAAAAAAAAAAAAAAAAAAAAAE~ reason=response.body: Response body is unavailable for redirect responses
2026-08-26T13:33:50.068Z scroll:stable height=12909 samples=27
2026-08-26T13:33:51.145Z complete:026.html html=58008 assets=18
2026-08-26T13:33:53.647Z attempt:1/3 027.html
2026-08-26T13:33:53.648Z navigation:start http://edwards.yale.edu/archive?path=aHR0cDovL2Vkd2FyZHMueWFsZS5lZHUvY2dpLWJpbi9uZXdwaGlsby9nZXRvYmplY3QucGw%2FYy40MjoyNy53amVv
2026-08-26T13:33:54.962Z resource:omit http://fonts.gstatic.com/s/playfairdisplay/v40/nuFiD-vYSZviVYUb_rj3ij__anPXDTzYgEM86xQ.woff2 reason=response.body: Response body is unavailable for redirect responses
2026-08-26T13:33:54.962Z resource:omit http://fonts.gstatic.com/s/opensans/v44/memvYaGs126MiZpBA-UvWbX2vVnXBbObj2OVTS-mu0SC55I.woff2 reason=response.body: Response body is unavailable for redirect responses
2026-08-26T13:33:54.962Z resource:omit http://fonts.gstatic.com/s/opensans/v44/memvYaGs126MiZpBA-UvWbX2vVnXBbObj2OVTUGmu0SC55K5gw.woff2 reason=response.body: Response body is unavailable for redirect responses
2026-08-26T13:33:55.159Z resource:omit http://fonts.gstatic.com/s/playfairdisplay/v40/nuFkD-vYSZviVYUb_rj3ij__anPXDTnogkk7yRZrPA.woff2 reason=response.body: Response body is unavailable for redirect responses
2026-08-26T13:33:55.666Z resource:omit http://www.google-analytics.com/ga.js reason=response.body: Response body is unavailable for redirect responses
2026-08-26T13:33:55.671Z resource:omit http://www.google-analytics.com/__utm.gif?utmwv=5.7.2&utms=28&utmn=1964791190&utmhn=edwards.yale.edu&utmcs=UTF-8&utmsr=1280x720&utmvp=1280x720&utmsc=24-bit&utmul=pl&utmje=0&utmfl=-&utmdt=Search%20WJE%20Online%20%7C%20The%20Jonathan%20Edwards%20Center%20at%20Yale%20University&utmhid=407181978&utmr=-&utmp=%2Farchive%3Fpath%3DaHR0cDovL2Vkd2FyZHMueWFsZS5lZHUvY2dpLWJpbi9uZXdwaGlsby9nZXRvYmplY3QucGw%25252FYy40MjoyNy53amVv&utmht=1787751235669&utmac=UA-1489454-4&utmcc=__utma%3D258641246.1462867204.1787750929.1787750929.1787750929.1%3B%2B__utmz%3D258641246.1787750929.1.1.utmcsr%3D(direct)%7Cutmccn%3D(direct)%7Cutmcmd%3D(none)%3B&utmjid=&utmu=qAAAAAAAAAAAAAAAAAAAAAAE~ reason=response.body: Response body is unavailable for redirect responses
2026-08-26T13:34:00.093Z scroll:stable height=18187 samples=37
2026-08-26T13:34:01.146Z complete:027.html html=71439 assets=18
2026-08-26T13:34:03.648Z attempt:1/3 028.html
2026-08-26T13:34:03.648Z navigation:start http://edwards.yale.edu/archive?path=aHR0cDovL2Vkd2FyZHMueWFsZS5lZHUvY2dpLWJpbi9uZXdwaGlsby9nZXRvYmplY3QucGw%2FYy40MjoyOC53amVv
2026-08-26T13:34:04.342Z resource:omit http://fonts.gstatic.com/s/opensans/v44/memvYaGs126MiZpBA-UvWbX2vVnXBbObj2OVTS-mu0SC55I.woff2 reason=response.body: Response body is unavailable for redirect responses
2026-08-26T13:34:04.343Z resource:omit http://fonts.gstatic.com/s/playfairdisplay/v40/nuFiD-vYSZviVYUb_rj3ij__anPXDTzYgEM86xQ.woff2 reason=response.body: Response body is unavailable for redirect responses
2026-08-26T13:34:04.343Z resource:omit http://fonts.gstatic.com/s/opensans/v44/memvYaGs126MiZpBA-UvWbX2vVnXBbObj2OVTUGmu0SC55K5gw.woff2 reason=response.body: Response body is unavailable for redirect responses
2026-08-26T13:34:04.532Z resource:omit http://fonts.gstatic.com/s/playfairdisplay/v40/nuFkD-vYSZviVYUb_rj3ij__anPXDTnogkk7yRZrPA.woff2 reason=response.body: Response body is unavailable for redirect responses
2026-08-26T13:34:05.076Z resource:omit http://www.google-analytics.com/ga.js reason=response.body: Response body is unavailable for redirect responses
2026-08-26T13:34:05.081Z resource:omit http://www.google-analytics.com/__utm.gif?utmwv=5.7.2&utms=29&utmn=1383072037&utmhn=edwards.yale.edu&utmcs=UTF-8&utmsr=1280x720&utmvp=1280x720&utmsc=24-bit&utmul=pl&utmje=0&utmfl=-&utmdt=Search%20WJE%20Online%20%7C%20The%20Jonathan%20Edwards%20Center%20at%20Yale%20University&utmhid=1419795628&utmr=-&utmp=%2Farchive%3Fpath%3DaHR0cDovL2Vkd2FyZHMueWFsZS5lZHUvY2dpLWJpbi9uZXdwaGlsby9nZXRvYmplY3QucGw%25252FYy40MjoyOC53amVv&utmht=1787751245079&utmac=UA-1489454-4&utmcc=__utma%3D258641246.1462867204.1787750929.1787750929.1787750929.1%3B%2B__utmz%3D258641246.1787750929.1.1.utmcsr%3D(direct)%7Cutmccn%3D(direct)%7Cutmcmd%3D(none)%3B&utmjid=&utmu=qAAAAAAAAAAAAAAAAAAAAAAE~ reason=response.body: Response body is unavailable for redirect responses
2026-08-26T13:34:09.613Z scroll:stable height=18679 samples=38
2026-08-26T13:34:10.668Z complete:028.html html=73524 assets=18
2026-08-26T13:34:13.169Z attempt:1/3 029.html
2026-08-26T13:34:13.169Z navigation:start http://edwards.yale.edu/archive?path=aHR0cDovL2Vkd2FyZHMueWFsZS5lZHUvY2dpLWJpbi9uZXdwaGlsby9nZXRvYmplY3QucGw%2FYy40MjoyOS53amVv
2026-08-26T13:34:13.845Z resource:omit http://fonts.gstatic.com/s/opensans/v44/memvYaGs126MiZpBA-UvWbX2vVnXBbObj2OVTS-mu0SC55I.woff2 reason=response.body: Response body is unavailable for redirect responses
2026-08-26T13:34:13.846Z resource:omit http://fonts.gstatic.com/s/playfairdisplay/v40/nuFiD-vYSZviVYUb_rj3ij__anPXDTzYgEM86xQ.woff2 reason=response.body: Response body is unavailable for redirect responses
2026-08-26T13:34:13.846Z resource:omit http://fonts.gstatic.com/s/opensans/v44/memvYaGs126MiZpBA-UvWbX2vVnXBbObj2OVTUGmu0SC55K5gw.woff2 reason=response.body: Response body is unavailable for redirect responses
2026-08-26T13:34:14.032Z resource:omit http://fonts.gstatic.com/s/playfairdisplay/v40/nuFkD-vYSZviVYUb_rj3ij__anPXDTnogkk7yRZrPA.woff2 reason=response.body: Response body is unavailable for redirect responses
2026-08-26T13:34:14.365Z resource:omit http://www.google-analytics.com/ga.js reason=response.body: Response body is unavailable for redirect responses
2026-08-26T13:34:14.371Z resource:omit http://www.google-analytics.com/__utm.gif?utmwv=5.7.2&utms=30&utmn=745481727&utmhn=edwards.yale.edu&utmcs=UTF-8&utmsr=1280x720&utmvp=1280x720&utmsc=24-bit&utmul=pl&utmje=0&utmfl=-&utmdt=Search%20WJE%20Online%20%7C%20The%20Jonathan%20Edwards%20Center%20at%20Yale%20University&utmhid=596277170&utmr=-&utmp=%2Farchive%3Fpath%3DaHR0cDovL2Vkd2FyZHMueWFsZS5lZHUvY2dpLWJpbi9uZXdwaGlsby9nZXRvYmplY3QucGw%25252FYy40MjoyOS53amVv&utmht=1787751254369&utmac=UA-1489454-4&utmcc=__utma%3D258641246.1462867204.1787750929.1787750929.1787750929.1%3B%2B__utmz%3D258641246.1787750929.1.1.utmcsr%3D(direct)%7Cutmccn%3D(direct)%7Cutmcmd%3D(none)%3B&utmjid=&utmu=qAAAAAAAAAAAAAAAAAAAAAAE~ reason=response.body: Response body is unavailable for redirect responses
2026-08-26T13:34:18.669Z scroll:stable height=17689 samples=36
2026-08-26T13:34:19.718Z complete:029.html html=69233 assets=18
2026-08-26T13:34:22.219Z attempt:1/3 030.html
2026-08-26T13:34:22.219Z navigation:start http://edwards.yale.edu/archive?path=aHR0cDovL2Vkd2FyZHMueWFsZS5lZHUvY2dpLWJpbi9uZXdwaGlsby9nZXRvYmplY3QucGw%2FYy40MjozMC53amVv
2026-08-26T13:34:22.883Z resource:omit http://fonts.gstatic.com/s/playfairdisplay/v40/nuFiD-vYSZviVYUb_rj3ij__anPXDTzYgEM86xQ.woff2 reason=response.body: Response body is unavailable for redirect responses
2026-08-26T13:34:22.883Z resource:omit http://fonts.gstatic.com/s/opensans/v44/memvYaGs126MiZpBA-UvWbX2vVnXBbObj2OVTS-mu0SC55I.woff2 reason=response.body: Response body is unavailable for redirect responses
2026-08-26T13:34:22.883Z resource:omit http://fonts.gstatic.com/s/opensans/v44/memvYaGs126MiZpBA-UvWbX2vVnXBbObj2OVTUGmu0SC55K5gw.woff2 reason=response.body: Response body is unavailable for redirect responses
2026-08-26T13:34:23.082Z resource:omit http://fonts.gstatic.com/s/playfairdisplay/v40/nuFkD-vYSZviVYUb_rj3ij__anPXDTnogkk7yRZrPA.woff2 reason=response.body: Response body is unavailable for redirect responses
2026-08-26T13:34:23.594Z resource:omit http://www.google-analytics.com/ga.js reason=response.body: Response body is unavailable for redirect responses
2026-08-26T13:34:23.600Z resource:omit http://www.google-analytics.com/__utm.gif?utmwv=5.7.2&utms=31&utmn=288513574&utmhn=edwards.yale.edu&utmcs=UTF-8&utmsr=1280x720&utmvp=1280x720&utmsc=24-bit&utmul=pl&utmje=0&utmfl=-&utmdt=Search%20WJE%20Online%20%7C%20The%20Jonathan%20Edwards%20Center%20at%20Yale%20University&utmhid=1604279895&utmr=-&utmp=%2Farchive%3Fpath%3DaHR0cDovL2Vkd2FyZHMueWFsZS5lZHUvY2dpLWJpbi9uZXdwaGlsby9nZXRvYmplY3QucGw%25252FYy40MjozMC53amVv&utmht=1787751263598&utmac=UA-1489454-4&utmcc=__utma%3D258641246.1462867204.1787750929.1787750929.1787750929.1%3B%2B__utmz%3D258641246.1787750929.1.1.utmcsr%3D(direct)%7Cutmccn%3D(direct)%7Cutmcmd%3D(none)%3B&utmjid=&utmu=qAAAAAAAAAAAAAAAAAAAAAAE~ reason=response.body: Response body is unavailable for redirect responses
2026-08-26T13:34:28.752Z scroll:stable height=21579 samples=43
2026-08-26T13:34:29.810Z complete:030.html html=78326 assets=18
2026-08-26T13:34:32.312Z attempt:1/3 031.html
2026-08-26T13:34:32.312Z navigation:start http://edwards.yale.edu/archive?path=aHR0cDovL2Vkd2FyZHMueWFsZS5lZHUvY2dpLWJpbi9uZXdwaGlsby9nZXRvYmplY3QucGw%2FYy40MjozMS53amVv
2026-08-26T13:34:33.042Z resource:omit http://fonts.gstatic.com/s/opensans/v44/memvYaGs126MiZpBA-UvWbX2vVnXBbObj2OVTS-mu0SC55I.woff2 reason=response.body: Response body is unavailable for redirect responses
2026-08-26T13:34:33.043Z resource:omit http://fonts.gstatic.com/s/opensans/v44/memvYaGs126MiZpBA-UvWbX2vVnXBbObj2OVTUGmu0SC55K5gw.woff2 reason=response.body: Response body is unavailable for redirect responses
2026-08-26T13:34:33.043Z resource:omit http://fonts.gstatic.com/s/playfairdisplay/v40/nuFiD-vYSZviVYUb_rj3ij__anPXDTzYgEM86xQ.woff2 reason=response.body: Response body is unavailable for redirect responses
2026-08-26T13:34:33.236Z resource:omit http://fonts.gstatic.com/s/playfairdisplay/v40/nuFkD-vYSZviVYUb_rj3ij__anPXDTnogkk7yRZrPA.woff2 reason=response.body: Response body is unavailable for redirect responses
2026-08-26T13:34:33.931Z resource:omit http://www.google-analytics.com/ga.js reason=response.body: Response body is unavailable for redirect responses
2026-08-26T13:34:33.939Z resource:omit http://www.google-analytics.com/__utm.gif?utmwv=5.7.2&utms=32&utmn=1175400571&utmhn=edwards.yale.edu&utmcs=UTF-8&utmsr=1280x720&utmvp=1280x720&utmsc=24-bit&utmul=pl&utmje=0&utmfl=-&utmdt=Search%20WJE%20Online%20%7C%20The%20Jonathan%20Edwards%20Center%20at%20Yale%20University&utmhid=2067916237&utmr=-&utmp=%2Farchive%3Fpath%3DaHR0cDovL2Vkd2FyZHMueWFsZS5lZHUvY2dpLWJpbi9uZXdwaGlsby9nZXRvYmplY3QucGw%25252FYy40MjozMS53amVv&utmht=1787751273936&utmac=UA-1489454-4&utmcc=__utma%3D258641246.1462867204.1787750929.1787750929.1787750929.1%3B%2B__utmz%3D258641246.1787750929.1.1.utmcsr%3D(direct)%7Cutmccn%3D(direct)%7Cutmcmd%3D(none)%3B&utmjid=&utmu=qAAAAAAAAAAAAAAAAAAAAAAE~ reason=response.body: Response body is unavailable for redirect responses
2026-08-26T13:34:42.386Z scroll:stable height=36227 samples=70
2026-08-26T13:34:43.449Z complete:031.html html=115603 assets=18
2026-08-26T13:34:45.951Z attempt:1/3 032.html
2026-08-26T13:34:45.951Z navigation:start http://edwards.yale.edu/archive?path=aHR0cDovL2Vkd2FyZHMueWFsZS5lZHUvY2dpLWJpbi9uZXdwaGlsby9nZXRvYmplY3QucGw%2FYy40MjozMi53amVv
2026-08-26T13:34:46.675Z resource:omit http://fonts.gstatic.com/s/opensans/v44/memvYaGs126MiZpBA-UvWbX2vVnXBbObj2OVTUGmu0SC55K5gw.woff2 reason=response.body: Response body is unavailable for redirect responses
2026-08-26T13:34:46.675Z resource:omit http://fonts.gstatic.com/s/playfairdisplay/v40/nuFiD-vYSZviVYUb_rj3ij__anPXDTzYgEM86xQ.woff2 reason=response.body: Response body is unavailable for redirect responses
2026-08-26T13:34:46.675Z resource:omit http://fonts.gstatic.com/s/opensans/v44/memvYaGs126MiZpBA-UvWbX2vVnXBbObj2OVTS-mu0SC55I.woff2 reason=response.body: Response body is unavailable for redirect responses
2026-08-26T13:34:46.857Z resource:omit http://fonts.gstatic.com/s/playfairdisplay/v40/nuFkD-vYSZviVYUb_rj3ij__anPXDTnogkk7yRZrPA.woff2 reason=response.body: Response body is unavailable for redirect responses
2026-08-26T13:34:47.574Z resource:omit http://www.google-analytics.com/ga.js reason=response.body: Response body is unavailable for redirect responses
2026-08-26T13:34:47.580Z resource:omit http://www.google-analytics.com/__utm.gif?utmwv=5.7.2&utms=33&utmn=1485514581&utmhn=edwards.yale.edu&utmcs=UTF-8&utmsr=1280x720&utmvp=1280x720&utmsc=24-bit&utmul=pl&utmje=0&utmfl=-&utmdt=Search%20WJE%20Online%20%7C%20The%20Jonathan%20Edwards%20Center%20at%20Yale%20University&utmhid=1430201782&utmr=-&utmp=%2Farchive%3Fpath%3DaHR0cDovL2Vkd2FyZHMueWFsZS5lZHUvY2dpLWJpbi9uZXdwaGlsby9nZXRvYmplY3QucGw%25252FYy40MjozMi53amVv&utmht=1787751287577&utmac=UA-1489454-4&utmcc=__utma%3D258641246.1462867204.1787750929.1787750929.1787750929.1%3B%2B__utmz%3D258641246.1787750929.1.1.utmcsr%3D(direct)%7Cutmccn%3D(direct)%7Cutmcmd%3D(none)%3B&utmjid=&utmu=qAAAAAAAAAAAAAAAAAAAAAAE~ reason=response.body: Response body is unavailable for redirect responses
2026-08-26T13:34:54.938Z scroll:stable height=31382 samples=61
2026-08-26T13:34:55.994Z complete:032.html html=100501 assets=18
2026-08-26T13:34:58.495Z attempt:1/3 033.html
2026-08-26T13:34:58.495Z navigation:start http://edwards.yale.edu/archive?path=aHR0cDovL2Vkd2FyZHMueWFsZS5lZHUvY2dpLWJpbi9uZXdwaGlsby9nZXRvYmplY3QucGw%2FYy40MjozMy53amVv
2026-08-26T13:34:59.258Z resource:omit http://fonts.gstatic.com/s/opensans/v44/memvYaGs126MiZpBA-UvWbX2vVnXBbObj2OVTS-mu0SC55I.woff2 reason=response.body: Response body is unavailable for redirect responses
2026-08-26T13:34:59.258Z resource:omit http://fonts.gstatic.com/s/playfairdisplay/v40/nuFiD-vYSZviVYUb_rj3ij__anPXDTzYgEM86xQ.woff2 reason=response.body: Response body is unavailable for redirect responses
2026-08-26T13:34:59.258Z resource:omit http://fonts.gstatic.com/s/opensans/v44/memvYaGs126MiZpBA-UvWbX2vVnXBbObj2OVTUGmu0SC55K5gw.woff2 reason=response.body: Response body is unavailable for redirect responses
2026-08-26T13:34:59.440Z resource:omit http://fonts.gstatic.com/s/playfairdisplay/v40/nuFkD-vYSZviVYUb_rj3ij__anPXDTnogkk7yRZrPA.woff2 reason=response.body: Response body is unavailable for redirect responses
2026-08-26T13:34:59.782Z resource:omit http://www.google-analytics.com/ga.js reason=response.body: Response body is unavailable for redirect responses
2026-08-26T13:34:59.786Z resource:omit http://www.google-analytics.com/__utm.gif?utmwv=5.7.2&utms=34&utmn=52113294&utmhn=edwards.yale.edu&utmcs=UTF-8&utmsr=1280x720&utmvp=1280x720&utmsc=24-bit&utmul=pl&utmje=0&utmfl=-&utmdt=Search%20WJE%20Online%20%7C%20The%20Jonathan%20Edwards%20Center%20at%20Yale%20University&utmhid=62683312&utmr=-&utmp=%2Farchive%3Fpath%3DaHR0cDovL2Vkd2FyZHMueWFsZS5lZHUvY2dpLWJpbi9uZXdwaGlsby9nZXRvYmplY3QucGw%25252FYy40MjozMy53amVv&utmht=1787751299784&utmac=UA-1489454-4&utmcc=__utma%3D258641246.1462867204.1787750929.1787750929.1787750929.1%3B%2B__utmz%3D258641246.1787750929.1.1.utmcsr%3D(direct)%7Cutmccn%3D(direct)%7Cutmcmd%3D(none)%3B&utmjid=&utmu=qAAAAAAAAAAAAAAAAAAAAAAE~ reason=response.body: Response body is unavailable for redirect responses
2026-08-26T13:35:03.835Z scroll:stable height=16686 samples=34
2026-08-26T13:35:04.883Z complete:033.html html=70467 assets=18
2026-08-26T13:35:07.386Z attempt:1/3 034.html
2026-08-26T13:35:07.386Z navigation:start http://edwards.yale.edu/archive?path=aHR0cDovL2Vkd2FyZHMueWFsZS5lZHUvY2dpLWJpbi9uZXdwaGlsby9nZXRvYmplY3QucGw%2FYy40MjozNC53amVv
2026-08-26T13:35:08.170Z resource:omit http://fonts.gstatic.com/s/opensans/v44/memvYaGs126MiZpBA-UvWbX2vVnXBbObj2OVTS-mu0SC55I.woff2 reason=response.body: Response body is unavailable for redirect responses
2026-08-26T13:35:08.170Z resource:omit http://fonts.gstatic.com/s/playfairdisplay/v40/nuFiD-vYSZviVYUb_rj3ij__anPXDTzYgEM86xQ.woff2 reason=response.body: Response body is unavailable for redirect responses
2026-08-26T13:35:08.170Z resource:omit http://fonts.gstatic.com/s/opensans/v44/memvYaGs126MiZpBA-UvWbX2vVnXBbObj2OVTUGmu0SC55K5gw.woff2 reason=response.body: Response body is unavailable for redirect responses
2026-08-26T13:35:08.348Z resource:omit http://fonts.gstatic.com/s/playfairdisplay/v40/nuFkD-vYSZviVYUb_rj3ij__anPXDTnogkk7yRZrPA.woff2 reason=response.body: Response body is unavailable for redirect responses
2026-08-26T13:35:09.034Z resource:omit http://www.google-analytics.com/ga.js reason=response.body: Response body is unavailable for redirect responses
2026-08-26T13:35:09.042Z resource:omit http://www.google-analytics.com/__utm.gif?utmwv=5.7.2&utms=35&utmn=402711120&utmhn=edwards.yale.edu&utmcs=UTF-8&utmsr=1280x720&utmvp=1280x720&utmsc=24-bit&utmul=pl&utmje=0&utmfl=-&utmdt=Search%20WJE%20Online%20%7C%20The%20Jonathan%20Edwards%20Center%20at%20Yale%20University&utmhid=598809513&utmr=-&utmp=%2Farchive%3Fpath%3DaHR0cDovL2Vkd2FyZHMueWFsZS5lZHUvY2dpLWJpbi9uZXdwaGlsby9nZXRvYmplY3QucGw%25252FYy40MjozNC53amVv&utmht=1787751309038&utmac=UA-1489454-4&utmcc=__utma%3D258641246.1462867204.1787750929.1787750929.1787750929.1%3B%2B__utmz%3D258641246.1787750929.1.1.utmcsr%3D(direct)%7Cutmccn%3D(direct)%7Cutmcmd%3D(none)%3B&utmjid=&utmu=qAAAAAAAAAAAAAAAAAAAAAAE~ reason=response.body: Response body is unavailable for redirect responses
2026-08-26T13:35:17.365Z scroll:stable height=35302 samples=69
2026-08-26T13:35:18.426Z complete:034.html html=110063 assets=18
2026-08-26T13:35:20.928Z attempt:1/3 035.html
2026-08-26T13:35:20.929Z navigation:start http://edwards.yale.edu/archive?path=aHR0cDovL2Vkd2FyZHMueWFsZS5lZHUvY2dpLWJpbi9uZXdwaGlsby9nZXRvYmplY3QucGw%2FYy40MjozNS53amVv
2026-08-26T13:35:21.602Z resource:omit http://fonts.gstatic.com/s/playfairdisplay/v40/nuFiD-vYSZviVYUb_rj3ij__anPXDTzYgEM86xQ.woff2 reason=response.body: Response body is unavailable for redirect responses
2026-08-26T13:35:21.602Z resource:omit http://fonts.gstatic.com/s/opensans/v44/memvYaGs126MiZpBA-UvWbX2vVnXBbObj2OVTS-mu0SC55I.woff2 reason=response.body: Response body is unavailable for redirect responses
2026-08-26T13:35:21.602Z resource:omit http://fonts.gstatic.com/s/opensans/v44/memvYaGs126MiZpBA-UvWbX2vVnXBbObj2OVTUGmu0SC55K5gw.woff2 reason=response.body: Response body is unavailable for redirect responses
2026-08-26T13:35:21.807Z resource:omit http://fonts.gstatic.com/s/playfairdisplay/v40/nuFkD-vYSZviVYUb_rj3ij__anPXDTnogkk7yRZrPA.woff2 reason=response.body: Response body is unavailable for redirect responses
2026-08-26T13:35:22.336Z resource:omit http://www.google-analytics.com/ga.js reason=response.body: Response body is unavailable for redirect responses
2026-08-26T13:35:22.342Z resource:omit http://www.google-analytics.com/__utm.gif?utmwv=5.7.2&utms=36&utmn=62117049&utmhn=edwards.yale.edu&utmcs=UTF-8&utmsr=1280x720&utmvp=1280x720&utmsc=24-bit&utmul=pl&utmje=0&utmfl=-&utmdt=Search%20WJE%20Online%20%7C%20The%20Jonathan%20Edwards%20Center%20at%20Yale%20University&utmhid=454908321&utmr=-&utmp=%2Farchive%3Fpath%3DaHR0cDovL2Vkd2FyZHMueWFsZS5lZHUvY2dpLWJpbi9uZXdwaGlsby9nZXRvYmplY3QucGw%25252FYy40MjozNS53amVv&utmht=1787751322340&utmac=UA-1489454-4&utmcc=__utma%3D258641246.1462867204.1787750929.1787750929.1787750929.1%3B%2B__utmz%3D258641246.1787750929.1.1.utmcsr%3D(direct)%7Cutmccn%3D(direct)%7Cutmcmd%3D(none)%3B&utmjid=&utmu=qAAAAAAAAAAAAAAAAAAAAAAE~ reason=response.body: Response body is unavailable for redirect responses
2026-08-26T13:35:27.496Z scroll:stable height=21537 samples=43
2026-08-26T13:35:28.551Z complete:035.html html=80522 assets=18
2026-08-26T13:35:31.053Z attempt:1/3 036.html
2026-08-26T13:35:31.053Z navigation:start http://edwards.yale.edu/archive?path=aHR0cDovL2Vkd2FyZHMueWFsZS5lZHUvY2dpLWJpbi9uZXdwaGlsby9nZXRvYmplY3QucGw%2FYy40MjozNi53amVv
2026-08-26T13:35:31.762Z resource:omit http://fonts.gstatic.com/s/opensans/v44/memvYaGs126MiZpBA-UvWbX2vVnXBbObj2OVTS-mu0SC55I.woff2 reason=response.body: Response body is unavailable for redirect responses
2026-08-26T13:35:31.762Z resource:omit http://fonts.gstatic.com/s/opensans/v44/memvYaGs126MiZpBA-UvWbX2vVnXBbObj2OVTUGmu0SC55K5gw.woff2 reason=response.body: Response body is unavailable for redirect responses
2026-08-26T13:35:31.762Z resource:omit http://fonts.gstatic.com/s/playfairdisplay/v40/nuFiD-vYSZviVYUb_rj3ij__anPXDTzYgEM86xQ.woff2 reason=response.body: Response body is unavailable for redirect responses
2026-08-26T13:35:31.949Z resource:omit http://fonts.gstatic.com/s/playfairdisplay/v40/nuFkD-vYSZviVYUb_rj3ij__anPXDTnogkk7yRZrPA.woff2 reason=response.body: Response body is unavailable for redirect responses
2026-08-26T13:35:32.798Z resource:omit http://www.google-analytics.com/ga.js reason=response.body: Response body is unavailable for redirect responses
2026-08-26T13:35:32.803Z resource:omit http://www.google-analytics.com/__utm.gif?utmwv=5.7.2&utms=37&utmn=1411827959&utmhn=edwards.yale.edu&utmcs=UTF-8&utmsr=1280x720&utmvp=1280x720&utmsc=24-bit&utmul=pl&utmje=0&utmfl=-&utmdt=Search%20WJE%20Online%20%7C%20The%20Jonathan%20Edwards%20Center%20at%20Yale%20University&utmhid=321497450&utmr=-&utmp=%2Farchive%3Fpath%3DaHR0cDovL2Vkd2FyZHMueWFsZS5lZHUvY2dpLWJpbi9uZXdwaGlsby9nZXRvYmplY3QucGw%25252FYy40MjozNi53amVv&utmht=1787751332801&utmac=UA-1489454-4&utmcc=__utma%3D258641246.1462867204.1787750929.1787750929.1787750929.1%3B%2B__utmz%3D258641246.1787750929.1.1.utmcsr%3D(direct)%7Cutmccn%3D(direct)%7Cutmcmd%3D(none)%3B&utmjid=&utmu=qAAAAAAAAAAAAAAAAAAAAAAE~ reason=response.body: Response body is unavailable for redirect responses
2026-08-26T13:35:40.289Z scroll:stable height=31820 samples=62
2026-08-26T13:35:41.353Z complete:036.html html=106070 assets=18
2026-08-26T13:35:43.855Z attempt:1/3 037.html
2026-08-26T13:35:43.855Z navigation:start http://edwards.yale.edu/archive?path=aHR0cDovL2Vkd2FyZHMueWFsZS5lZHUvY2dpLWJpbi9uZXdwaGlsby9nZXRvYmplY3QucGw%2FYy40MjozNy53amVv
2026-08-26T13:35:44.510Z resource:omit http://fonts.gstatic.com/s/opensans/v44/memvYaGs126MiZpBA-UvWbX2vVnXBbObj2OVTS-mu0SC55I.woff2 reason=response.body: Response body is unavailable for redirect responses
2026-08-26T13:35:44.510Z resource:omit http://fonts.gstatic.com/s/playfairdisplay/v40/nuFiD-vYSZviVYUb_rj3ij__anPXDTzYgEM86xQ.woff2 reason=response.body: Response body is unavailable for redirect responses
2026-08-26T13:35:44.510Z resource:omit http://fonts.gstatic.com/s/opensans/v44/memvYaGs126MiZpBA-UvWbX2vVnXBbObj2OVTUGmu0SC55K5gw.woff2 reason=response.body: Response body is unavailable for redirect responses
2026-08-26T13:35:44.698Z resource:omit http://fonts.gstatic.com/s/playfairdisplay/v40/nuFkD-vYSZviVYUb_rj3ij__anPXDTnogkk7yRZrPA.woff2 reason=response.body: Response body is unavailable for redirect responses
2026-08-26T13:35:45.217Z resource:omit http://www.google-analytics.com/ga.js reason=response.body: Response body is unavailable for redirect responses
2026-08-26T13:35:45.222Z resource:omit http://www.google-analytics.com/__utm.gif?utmwv=5.7.2&utms=38&utmn=414672669&utmhn=edwards.yale.edu&utmcs=UTF-8&utmsr=1280x720&utmvp=1280x720&utmsc=24-bit&utmul=pl&utmje=0&utmfl=-&utmdt=Search%20WJE%20Online%20%7C%20The%20Jonathan%20Edwards%20Center%20at%20Yale%20University&utmhid=744414235&utmr=-&utmp=%2Farchive%3Fpath%3DaHR0cDovL2Vkd2FyZHMueWFsZS5lZHUvY2dpLWJpbi9uZXdwaGlsby9nZXRvYmplY3QucGw%25252FYy40MjozNy53amVv&utmht=1787751345218&utmac=UA-1489454-4&utmcc=__utma%3D258641246.1462867204.1787750929.1787750929.1787750929.1%3B%2B__utmz%3D258641246.1787750929.1.1.utmcsr%3D(direct)%7Cutmccn%3D(direct)%7Cutmcmd%3D(none)%3B&utmjid=&utmu=qAAAAAAAAAAAAAAAAAAAAAAE~ reason=response.body: Response body is unavailable for redirect responses
2026-08-26T13:35:49.402Z scroll:stable height=17055 samples=35
2026-08-26T13:35:50.460Z complete:037.html html=70713 assets=18
2026-08-26T13:35:52.962Z attempt:1/3 038.html
2026-08-26T13:35:52.962Z navigation:start http://edwards.yale.edu/archive?path=aHR0cDovL2Vkd2FyZHMueWFsZS5lZHUvY2dpLWJpbi9uZXdwaGlsby9nZXRvYmplY3QucGw%2FYy40MjozOC53amVv
2026-08-26T13:35:53.791Z resource:omit http://fonts.gstatic.com/s/playfairdisplay/v40/nuFiD-vYSZviVYUb_rj3ij__anPXDTzYgEM86xQ.woff2 reason=response.body: Response body is unavailable for redirect responses
2026-08-26T13:35:53.791Z resource:omit http://fonts.gstatic.com/s/opensans/v44/memvYaGs126MiZpBA-UvWbX2vVnXBbObj2OVTS-mu0SC55I.woff2 reason=response.body: Response body is unavailable for redirect responses
2026-08-26T13:35:53.791Z resource:omit http://fonts.gstatic.com/s/opensans/v44/memvYaGs126MiZpBA-UvWbX2vVnXBbObj2OVTUGmu0SC55K5gw.woff2 reason=response.body: Response body is unavailable for redirect responses
2026-08-26T13:35:53.973Z resource:omit http://fonts.gstatic.com/s/playfairdisplay/v40/nuFkD-vYSZviVYUb_rj3ij__anPXDTnogkk7yRZrPA.woff2 reason=response.body: Response body is unavailable for redirect responses
2026-08-26T13:35:55.000Z resource:omit http://www.google-analytics.com/ga.js reason=response.body: Response body is unavailable for redirect responses
2026-08-26T13:35:55.009Z resource:omit http://www.google-analytics.com/__utm.gif?utmwv=5.7.2&utms=39&utmn=1616381119&utmhn=edwards.yale.edu&utmcs=UTF-8&utmsr=1280x720&utmvp=1280x720&utmsc=24-bit&utmul=pl&utmje=0&utmfl=-&utmdt=Search%20WJE%20Online%20%7C%20The%20Jonathan%20Edwards%20Center%20at%20Yale%20University&utmhid=383460256&utmr=-&utmp=%2Farchive%3Fpath%3DaHR0cDovL2Vkd2FyZHMueWFsZS5lZHUvY2dpLWJpbi9uZXdwaGlsby9nZXRvYmplY3QucGw%25252FYy40MjozOC53amVv&utmht=1787751355007&utmac=UA-1489454-4&utmcc=__utma%3D258641246.1462867204.1787750929.1787750929.1787750929.1%3B%2B__utmz%3D258641246.1787750929.1.1.utmcsr%3D(direct)%7Cutmccn%3D(direct)%7Cutmcmd%3D(none)%3B&utmjid=&utmu=qAAAAAAAAAAAAAAAAAAAAAAE~ reason=response.body: Response body is unavailable for redirect responses
2026-08-26T13:36:10.072Z scroll:stable height=65440 samples=124
2026-08-26T13:36:11.131Z complete:038.html html=173364 assets=18
2026-08-26T13:36:13.633Z attempt:1/3 039.html
2026-08-26T13:36:13.633Z navigation:start http://edwards.yale.edu/archive?path=aHR0cDovL2Vkd2FyZHMueWFsZS5lZHUvY2dpLWJpbi9uZXdwaGlsby9nZXRvYmplY3QucGw%2FYy40MjozOS53amVv
2026-08-26T13:36:14.372Z resource:omit http://fonts.gstatic.com/s/opensans/v44/memvYaGs126MiZpBA-UvWbX2vVnXBbObj2OVTS-mu0SC55I.woff2 reason=response.body: Response body is unavailable for redirect responses
2026-08-26T13:36:14.372Z resource:omit http://fonts.gstatic.com/s/opensans/v44/memvYaGs126MiZpBA-UvWbX2vVnXBbObj2OVTUGmu0SC55K5gw.woff2 reason=response.body: Response body is unavailable for redirect responses
2026-08-26T13:36:14.372Z resource:omit http://fonts.gstatic.com/s/playfairdisplay/v40/nuFiD-vYSZviVYUb_rj3ij__anPXDTzYgEM86xQ.woff2 reason=response.body: Response body is unavailable for redirect responses
2026-08-26T13:36:14.556Z resource:omit http://fonts.gstatic.com/s/playfairdisplay/v40/nuFkD-vYSZviVYUb_rj3ij__anPXDTnogkk7yRZrPA.woff2 reason=response.body: Response body is unavailable for redirect responses
2026-08-26T13:36:15.095Z resource:omit http://www.google-analytics.com/ga.js reason=response.body: Response body is unavailable for redirect responses
2026-08-26T13:36:15.101Z resource:omit http://www.google-analytics.com/__utm.gif?utmwv=5.7.2&utms=40&utmn=1314939515&utmhn=edwards.yale.edu&utmcs=UTF-8&utmsr=1280x720&utmvp=1280x720&utmsc=24-bit&utmul=pl&utmje=0&utmfl=-&utmdt=Search%20WJE%20Online%20%7C%20The%20Jonathan%20Edwards%20Center%20at%20Yale%20University&utmhid=1746081668&utmr=-&utmp=%2Farchive%3Fpath%3DaHR0cDovL2Vkd2FyZHMueWFsZS5lZHUvY2dpLWJpbi9uZXdwaGlsby9nZXRvYmplY3QucGw%25252FYy40MjozOS53amVv&utmht=1787751375096&utmac=UA-1489454-4&utmcc=__utma%3D258641246.1462867204.1787750929.1787750929.1787750929.1%3B%2B__utmz%3D258641246.1787750929.1.1.utmcsr%3D(direct)%7Cutmccn%3D(direct)%7Cutmcmd%3D(none)%3B&utmjid=&utmu=qAAAAAAAAAAAAAAAAAAAAAAE~ reason=response.body: Response body is unavailable for redirect responses
2026-08-26T13:36:20.368Z scroll:stable height=22149 samples=44
2026-08-26T13:36:21.417Z complete:039.html html=82331 assets=18
2026-08-26T13:36:23.919Z attempt:1/3 040.html
2026-08-26T13:36:23.919Z navigation:start http://edwards.yale.edu/archive?path=aHR0cDovL2Vkd2FyZHMueWFsZS5lZHUvY2dpLWJpbi9uZXdwaGlsby9nZXRvYmplY3QucGw%2FYy40Mjo0MC53amVv
2026-08-26T13:36:24.708Z resource:omit http://fonts.gstatic.com/s/playfairdisplay/v40/nuFiD-vYSZviVYUb_rj3ij__anPXDTzYgEM86xQ.woff2 reason=response.body: Response body is unavailable for redirect responses
2026-08-26T13:36:24.708Z resource:omit http://fonts.gstatic.com/s/opensans/v44/memvYaGs126MiZpBA-UvWbX2vVnXBbObj2OVTS-mu0SC55I.woff2 reason=response.body: Response body is unavailable for redirect responses
2026-08-26T13:36:24.709Z resource:omit http://fonts.gstatic.com/s/opensans/v44/memvYaGs126MiZpBA-UvWbX2vVnXBbObj2OVTUGmu0SC55K5gw.woff2 reason=response.body: Response body is unavailable for redirect responses
2026-08-26T13:36:24.889Z resource:omit http://fonts.gstatic.com/s/playfairdisplay/v40/nuFkD-vYSZviVYUb_rj3ij__anPXDTnogkk7yRZrPA.woff2 reason=response.body: Response body is unavailable for redirect responses
2026-08-26T13:36:25.415Z resource:omit http://www.google-analytics.com/ga.js reason=response.body: Response body is unavailable for redirect responses
2026-08-26T13:36:25.421Z resource:omit http://www.google-analytics.com/__utm.gif?utmwv=5.7.2&utms=41&utmn=2022257060&utmhn=edwards.yale.edu&utmcs=UTF-8&utmsr=1280x720&utmvp=1280x720&utmsc=24-bit&utmul=pl&utmje=0&utmfl=-&utmdt=Search%20WJE%20Online%20%7C%20The%20Jonathan%20Edwards%20Center%20at%20Yale%20University&utmhid=984229110&utmr=-&utmp=%2Farchive%3Fpath%3DaHR0cDovL2Vkd2FyZHMueWFsZS5lZHUvY2dpLWJpbi9uZXdwaGlsby9nZXRvYmplY3QucGw%25252FYy40Mjo0MC53amVv&utmht=1787751385418&utmac=UA-1489454-4&utmcc=__utma%3D258641246.1462867204.1787750929.1787750929.1787750929.1%3B%2B__utmz%3D258641246.1787750929.1.1.utmcsr%3D(direct)%7Cutmccn%3D(direct)%7Cutmcmd%3D(none)%3B&utmjid=&utmu=qAAAAAAAAAAAAAAAAAAAAAAE~ reason=response.body: Response body is unavailable for redirect responses
2026-08-26T13:36:29.831Z scroll:stable height=18110 samples=37
2026-08-26T13:36:30.893Z complete:040.html html=74560 assets=18
2026-08-26T13:36:33.394Z attempt:1/3 041.html
2026-08-26T13:36:33.395Z navigation:start http://edwards.yale.edu/archive?path=aHR0cDovL2Vkd2FyZHMueWFsZS5lZHUvY2dpLWJpbi9uZXdwaGlsby9nZXRvYmplY3QucGw%2FYy40Mjo0MS53amVv
2026-08-26T13:36:34.146Z resource:omit http://fonts.gstatic.com/s/opensans/v44/memvYaGs126MiZpBA-UvWbX2vVnXBbObj2OVTS-mu0SC55I.woff2 reason=response.body: Response body is unavailable for redirect responses
2026-08-26T13:36:34.146Z resource:omit http://fonts.gstatic.com/s/opensans/v44/memvYaGs126MiZpBA-UvWbX2vVnXBbObj2OVTUGmu0SC55K5gw.woff2 reason=response.body: Response body is unavailable for redirect responses
2026-08-26T13:36:34.146Z resource:omit http://fonts.gstatic.com/s/playfairdisplay/v40/nuFiD-vYSZviVYUb_rj3ij__anPXDTzYgEM86xQ.woff2 reason=response.body: Response body is unavailable for redirect responses
2026-08-26T13:36:34.340Z resource:omit http://fonts.gstatic.com/s/playfairdisplay/v40/nuFkD-vYSZviVYUb_rj3ij__anPXDTnogkk7yRZrPA.woff2 reason=response.body: Response body is unavailable for redirect responses
2026-08-26T13:36:35.041Z resource:omit http://www.google-analytics.com/ga.js reason=response.body: Response body is unavailable for redirect responses
2026-08-26T13:36:35.046Z resource:omit http://www.google-analytics.com/__utm.gif?utmwv=5.7.2&utms=42&utmn=362544024&utmhn=edwards.yale.edu&utmcs=UTF-8&utmsr=1280x720&utmvp=1280x720&utmsc=24-bit&utmul=pl&utmje=0&utmfl=-&utmdt=Search%20WJE%20Online%20%7C%20The%20Jonathan%20Edwards%20Center%20at%20Yale%20University&utmhid=960134574&utmr=-&utmp=%2Farchive%3Fpath%3DaHR0cDovL2Vkd2FyZHMueWFsZS5lZHUvY2dpLWJpbi9uZXdwaGlsby9nZXRvYmplY3QucGw%25252FYy40Mjo0MS53amVv&utmht=1787751395044&utmac=UA-1489454-4&utmcc=__utma%3D258641246.1462867204.1787750929.1787750929.1787750929.1%3B%2B__utmz%3D258641246.1787750929.1.1.utmcsr%3D(direct)%7Cutmccn%3D(direct)%7Cutmcmd%3D(none)%3B&utmjid=&utmu=qAAAAAAAAAAAAAAAAAAAAAAE~ reason=response.body: Response body is unavailable for redirect responses
2026-08-26T13:36:43.021Z scroll:stable height=33949 samples=66
2026-08-26T13:36:44.078Z complete:041.html html=108603 assets=18
2026-08-26T13:36:46.581Z attempt:1/3 042.html
2026-08-26T13:36:46.581Z navigation:start http://edwards.yale.edu/archive?path=aHR0cDovL2Vkd2FyZHMueWFsZS5lZHUvY2dpLWJpbi9uZXdwaGlsby9nZXRvYmplY3QucGw%2FYy40Mjo0Mi53amVv
2026-08-26T13:36:47.258Z resource:omit http://fonts.gstatic.com/s/opensans/v44/memvYaGs126MiZpBA-UvWbX2vVnXBbObj2OVTS-mu0SC55I.woff2 reason=response.body: Response body is unavailable for redirect responses
2026-08-26T13:36:47.258Z resource:omit http://fonts.gstatic.com/s/opensans/v44/memvYaGs126MiZpBA-UvWbX2vVnXBbObj2OVTUGmu0SC55K5gw.woff2 reason=response.body: Response body is unavailable for redirect responses
2026-08-26T13:36:47.258Z resource:omit http://fonts.gstatic.com/s/playfairdisplay/v40/nuFiD-vYSZviVYUb_rj3ij__anPXDTzYgEM86xQ.woff2 reason=response.body: Response body is unavailable for redirect responses
2026-08-26T13:36:47.440Z resource:omit http://fonts.gstatic.com/s/playfairdisplay/v40/nuFkD-vYSZviVYUb_rj3ij__anPXDTnogkk7yRZrPA.woff2 reason=response.body: Response body is unavailable for redirect responses
2026-08-26T13:36:47.787Z resource:omit http://www.google-analytics.com/ga.js reason=response.body: Response body is unavailable for redirect responses
2026-08-26T13:36:47.792Z resource:omit http://www.google-analytics.com/__utm.gif?utmwv=5.7.2&utms=43&utmn=599308325&utmhn=edwards.yale.edu&utmcs=UTF-8&utmsr=1280x720&utmvp=1280x720&utmsc=24-bit&utmul=pl&utmje=0&utmfl=-&utmdt=Search%20WJE%20Online%20%7C%20The%20Jonathan%20Edwards%20Center%20at%20Yale%20University&utmhid=1173747193&utmr=-&utmp=%2Farchive%3Fpath%3DaHR0cDovL2Vkd2FyZHMueWFsZS5lZHUvY2dpLWJpbi9uZXdwaGlsby9nZXRvYmplY3QucGw%25252FYy40Mjo0Mi53amVv&utmht=1787751407790&utmac=UA-1489454-4&utmcc=__utma%3D258641246.1462867204.1787750929.1787750929.1787750929.1%3B%2B__utmz%3D258641246.1787750929.1.1.utmcsr%3D(direct)%7Cutmccn%3D(direct)%7Cutmcmd%3D(none)%3B&utmjid=&utmu=qAAAAAAAAAAAAAAAAAAAAAAE~ reason=response.body: Response body is unavailable for redirect responses
2026-08-26T13:36:51.496Z scroll:stable height=15091 samples=31
2026-08-26T13:36:52.550Z complete:042.html html=66888 assets=18
2026-08-26T13:36:55.052Z attempt:1/3 043.html
2026-08-26T13:36:55.053Z navigation:start http://edwards.yale.edu/archive?path=aHR0cDovL2Vkd2FyZHMueWFsZS5lZHUvY2dpLWJpbi9uZXdwaGlsby9nZXRvYmplY3QucGw%2FYy40Mjo0My53amVv
2026-08-26T13:36:55.740Z resource:omit http://fonts.gstatic.com/s/opensans/v44/memvYaGs126MiZpBA-UvWbX2vVnXBbObj2OVTS-mu0SC55I.woff2 reason=response.body: Response body is unavailable for redirect responses
2026-08-26T13:36:55.740Z resource:omit http://fonts.gstatic.com/s/opensans/v44/memvYaGs126MiZpBA-UvWbX2vVnXBbObj2OVTUGmu0SC55K5gw.woff2 reason=response.body: Response body is unavailable for redirect responses
2026-08-26T13:36:55.740Z resource:omit http://fonts.gstatic.com/s/playfairdisplay/v40/nuFiD-vYSZviVYUb_rj3ij__anPXDTzYgEM86xQ.woff2 reason=response.body: Response body is unavailable for redirect responses
2026-08-26T13:36:55.923Z resource:omit http://fonts.gstatic.com/s/playfairdisplay/v40/nuFkD-vYSZviVYUb_rj3ij__anPXDTnogkk7yRZrPA.woff2 reason=response.body: Response body is unavailable for redirect responses
2026-08-26T13:36:56.337Z resource:omit http://www.google-analytics.com/ga.js reason=response.body: Response body is unavailable for redirect responses
2026-08-26T13:36:56.342Z resource:omit http://www.google-analytics.com/__utm.gif?utmwv=5.7.2&utms=44&utmn=1320163399&utmhn=edwards.yale.edu&utmcs=UTF-8&utmsr=1280x720&utmvp=1280x720&utmsc=24-bit&utmul=pl&utmje=0&utmfl=-&utmdt=Search%20WJE%20Online%20%7C%20The%20Jonathan%20Edwards%20Center%20at%20Yale%20University&utmhid=986325226&utmr=-&utmp=%2Farchive%3Fpath%3DaHR0cDovL2Vkd2FyZHMueWFsZS5lZHUvY2dpLWJpbi9uZXdwaGlsby9nZXRvYmplY3QucGw%25252FYy40Mjo0My53amVv&utmht=1787751416340&utmac=UA-1489454-4&utmcc=__utma%3D258641246.1462867204.1787750929.1787750929.1787750929.1%3B%2B__utmz%3D258641246.1787750929.1.1.utmcsr%3D(direct)%7Cutmccn%3D(direct)%7Cutmcmd%3D(none)%3B&utmjid=&utmu=qAAAAAAAAAAAAAAAAAAAAAAE~ reason=response.body: Response body is unavailable for redirect responses
2026-08-26T13:37:00.911Z scroll:stable height=17155 samples=35
2026-08-26T13:37:01.967Z complete:043.html html=69021 assets=18
2026-08-26T13:37:04.469Z attempt:1/3 044.html
2026-08-26T13:37:04.470Z navigation:start http://edwards.yale.edu/archive?path=aHR0cDovL2Vkd2FyZHMueWFsZS5lZHUvY2dpLWJpbi9uZXdwaGlsby9nZXRvYmplY3QucGw%2FYy40Mjo0NC53amVv
2026-08-26T13:37:05.167Z resource:omit http://fonts.gstatic.com/s/opensans/v44/memvYaGs126MiZpBA-UvWbX2vVnXBbObj2OVTS-mu0SC55I.woff2 reason=response.body: Response body is unavailable for redirect responses
2026-08-26T13:37:05.168Z resource:omit http://fonts.gstatic.com/s/playfairdisplay/v40/nuFiD-vYSZviVYUb_rj3ij__anPXDTzYgEM86xQ.woff2 reason=response.body: Response body is unavailable for redirect responses
2026-08-26T13:37:05.168Z resource:omit http://fonts.gstatic.com/s/opensans/v44/memvYaGs126MiZpBA-UvWbX2vVnXBbObj2OVTUGmu0SC55K5gw.woff2 reason=response.body: Response body is unavailable for redirect responses
2026-08-26T13:37:05.356Z resource:omit http://fonts.gstatic.com/s/playfairdisplay/v40/nuFkD-vYSZviVYUb_rj3ij__anPXDTnogkk7yRZrPA.woff2 reason=response.body: Response body is unavailable for redirect responses
2026-08-26T13:37:05.769Z resource:omit http://www.google-analytics.com/ga.js reason=response.body: Response body is unavailable for redirect responses
2026-08-26T13:37:05.776Z resource:omit http://www.google-analytics.com/__utm.gif?utmwv=5.7.2&utms=45&utmn=1809106083&utmhn=edwards.yale.edu&utmcs=UTF-8&utmsr=1280x720&utmvp=1280x720&utmsc=24-bit&utmul=pl&utmje=0&utmfl=-&utmdt=Search%20WJE%20Online%20%7C%20The%20Jonathan%20Edwards%20Center%20at%20Yale%20University&utmhid=2047616511&utmr=-&utmp=%2Farchive%3Fpath%3DaHR0cDovL2Vkd2FyZHMueWFsZS5lZHUvY2dpLWJpbi9uZXdwaGlsby9nZXRvYmplY3QucGw%25252FYy40Mjo0NC53amVv&utmht=1787751425774&utmac=UA-1489454-4&utmcc=__utma%3D258641246.1462867204.1787750929.1787750929.1787750929.1%3B%2B__utmz%3D258641246.1787750929.1.1.utmcsr%3D(direct)%7Cutmccn%3D(direct)%7Cutmcmd%3D(none)%3B&utmjid=&utmu=qAAAAAAAAAAAAAAAAAAAAAAE~ reason=response.body: Response body is unavailable for redirect responses
2026-08-26T13:37:10.065Z scroll:stable height=17683 samples=36
2026-08-26T13:37:11.119Z complete:044.html html=72250 assets=18
2026-08-26T13:37:13.620Z attempt:1/3 045.html
2026-08-26T13:37:13.620Z navigation:start http://edwards.yale.edu/archive?path=aHR0cDovL2Vkd2FyZHMueWFsZS5lZHUvY2dpLWJpbi9uZXdwaGlsby9nZXRvYmplY3QucGw%2FYy40Mjo0NS53amVv
2026-08-26T13:37:14.298Z resource:omit http://fonts.gstatic.com/s/opensans/v44/memvYaGs126MiZpBA-UvWbX2vVnXBbObj2OVTS-mu0SC55I.woff2 reason=response.body: Response body is unavailable for redirect responses
2026-08-26T13:37:14.298Z resource:omit http://fonts.gstatic.com/s/playfairdisplay/v40/nuFiD-vYSZviVYUb_rj3ij__anPXDTzYgEM86xQ.woff2 reason=response.body: Response body is unavailable for redirect responses
2026-08-26T13:37:14.298Z resource:omit http://fonts.gstatic.com/s/opensans/v44/memvYaGs126MiZpBA-UvWbX2vVnXBbObj2OVTUGmu0SC55K5gw.woff2 reason=response.body: Response body is unavailable for redirect responses
2026-08-26T13:37:14.525Z resource:omit http://fonts.gstatic.com/s/playfairdisplay/v40/nuFkD-vYSZviVYUb_rj3ij__anPXDTnogkk7yRZrPA.woff2 reason=response.body: Response body is unavailable for redirect responses
2026-08-26T13:37:15.026Z resource:omit http://www.google-analytics.com/ga.js reason=response.body: Response body is unavailable for redirect responses
2026-08-26T13:37:15.033Z resource:omit http://www.google-analytics.com/__utm.gif?utmwv=5.7.2&utms=46&utmn=1349729133&utmhn=edwards.yale.edu&utmcs=UTF-8&utmsr=1280x720&utmvp=1280x720&utmsc=24-bit&utmul=pl&utmje=0&utmfl=-&utmdt=Search%20WJE%20Online%20%7C%20The%20Jonathan%20Edwards%20Center%20at%20Yale%20University&utmhid=376087942&utmr=-&utmp=%2Farchive%3Fpath%3DaHR0cDovL2Vkd2FyZHMueWFsZS5lZHUvY2dpLWJpbi9uZXdwaGlsby9nZXRvYmplY3QucGw%25252FYy40Mjo0NS53amVv&utmht=1787751435031&utmac=UA-1489454-4&utmcc=__utma%3D258641246.1462867204.1787750929.1787750929.1787750929.1%3B%2B__utmz%3D258641246.1787750929.1.1.utmcsr%3D(direct)%7Cutmccn%3D(direct)%7Cutmcmd%3D(none)%3B&utmjid=&utmu=qAAAAAAAAAAAAAAAAAAAAAAE~ reason=response.body: Response body is unavailable for redirect responses
2026-08-26T13:37:19.566Z scroll:stable height=19016 samples=38
2026-08-26T13:37:20.622Z complete:045.html html=75368 assets=18
2026-08-26T13:37:23.123Z attempt:1/3 046.html
2026-08-26T13:37:23.123Z navigation:start http://edwards.yale.edu/archive?path=aHR0cDovL2Vkd2FyZHMueWFsZS5lZHUvY2dpLWJpbi9uZXdwaGlsby9nZXRvYmplY3QucGw%2FYy40Mjo0Ni53amVv
2026-08-26T13:37:23.796Z resource:omit http://fonts.gstatic.com/s/playfairdisplay/v40/nuFiD-vYSZviVYUb_rj3ij__anPXDTzYgEM86xQ.woff2 reason=response.body: Response body is unavailable for redirect responses
2026-08-26T13:37:23.796Z resource:omit http://fonts.gstatic.com/s/opensans/v44/memvYaGs126MiZpBA-UvWbX2vVnXBbObj2OVTS-mu0SC55I.woff2 reason=response.body: Response body is unavailable for redirect responses
2026-08-26T13:37:23.796Z resource:omit http://fonts.gstatic.com/s/opensans/v44/memvYaGs126MiZpBA-UvWbX2vVnXBbObj2OVTUGmu0SC55K5gw.woff2 reason=response.body: Response body is unavailable for redirect responses
2026-08-26T13:37:23.981Z resource:omit http://fonts.gstatic.com/s/playfairdisplay/v40/nuFkD-vYSZviVYUb_rj3ij__anPXDTnogkk7yRZrPA.woff2 reason=response.body: Response body is unavailable for redirect responses
2026-08-26T13:37:24.491Z resource:omit http://www.google-analytics.com/ga.js reason=response.body: Response body is unavailable for redirect responses
2026-08-26T13:37:24.496Z resource:omit http://www.google-analytics.com/__utm.gif?utmwv=5.7.2&utms=47&utmn=1379109083&utmhn=edwards.yale.edu&utmcs=UTF-8&utmsr=1280x720&utmvp=1280x720&utmsc=24-bit&utmul=pl&utmje=0&utmfl=-&utmdt=Search%20WJE%20Online%20%7C%20The%20Jonathan%20Edwards%20Center%20at%20Yale%20University&utmhid=1557689498&utmr=-&utmp=%2Farchive%3Fpath%3DaHR0cDovL2Vkd2FyZHMueWFsZS5lZHUvY2dpLWJpbi9uZXdwaGlsby9nZXRvYmplY3QucGw%25252FYy40Mjo0Ni53amVv&utmht=1787751444494&utmac=UA-1489454-4&utmcc=__utma%3D258641246.1462867204.1787750929.1787750929.1787750929.1%3B%2B__utmz%3D258641246.1787750929.1.1.utmcsr%3D(direct)%7Cutmccn%3D(direct)%7Cutmcmd%3D(none)%3B&utmjid=&utmu=qAAAAAAAAAAAAAAAAAAAAAAE~ reason=response.body: Response body is unavailable for redirect responses
2026-08-26T13:37:30.751Z scroll:stable height=26518 samples=52
2026-08-26T13:37:31.811Z complete:046.html html=93641 assets=18
2026-08-26T13:37:34.312Z attempt:1/3 047.html
2026-08-26T13:37:34.313Z navigation:start http://edwards.yale.edu/archive?path=aHR0cDovL2Vkd2FyZHMueWFsZS5lZHUvY2dpLWJpbi9uZXdwaGlsby9nZXRvYmplY3QucGw%2FYy40Mjo0Ny53amVv
2026-08-26T13:37:34.957Z resource:omit http://fonts.gstatic.com/s/playfairdisplay/v40/nuFiD-vYSZviVYUb_rj3ij__anPXDTzYgEM86xQ.woff2 reason=response.body: Response body is unavailable for redirect responses
2026-08-26T13:37:34.956Z resource:omit http://fonts.gstatic.com/s/opensans/v44/memvYaGs126MiZpBA-UvWbX2vVnXBbObj2OVTS-mu0SC55I.woff2 reason=response.body: Response body is unavailable for redirect responses
2026-08-26T13:37:34.957Z resource:omit http://fonts.gstatic.com/s/opensans/v44/memvYaGs126MiZpBA-UvWbX2vVnXBbObj2OVTUGmu0SC55K5gw.woff2 reason=response.body: Response body is unavailable for redirect responses
2026-08-26T13:37:35.139Z resource:omit http://fonts.gstatic.com/s/playfairdisplay/v40/nuFkD-vYSZviVYUb_rj3ij__anPXDTnogkk7yRZrPA.woff2 reason=response.body: Response body is unavailable for redirect responses
2026-08-26T13:37:35.646Z resource:omit http://www.google-analytics.com/ga.js reason=response.body: Response body is unavailable for redirect responses
2026-08-26T13:37:35.651Z resource:omit http://www.google-analytics.com/__utm.gif?utmwv=5.7.2&utms=48&utmn=1791725173&utmhn=edwards.yale.edu&utmcs=UTF-8&utmsr=1280x720&utmvp=1280x720&utmsc=24-bit&utmul=pl&utmje=0&utmfl=-&utmdt=Search%20WJE%20Online%20%7C%20The%20Jonathan%20Edwards%20Center%20at%20Yale%20University&utmhid=1810948244&utmr=-&utmp=%2Farchive%3Fpath%3DaHR0cDovL2Vkd2FyZHMueWFsZS5lZHUvY2dpLWJpbi9uZXdwaGlsby9nZXRvYmplY3QucGw%25252FYy40Mjo0Ny53amVv&utmht=1787751455649&utmac=UA-1489454-4&utmcc=__utma%3D258641246.1462867204.1787750929.1787750929.1787750929.1%3B%2B__utmz%3D258641246.1787750929.1.1.utmcsr%3D(direct)%7Cutmccn%3D(direct)%7Cutmcmd%3D(none)%3B&utmjid=&utmu=qAAAAAAAAAAAAAAAAAAAAAAE~ reason=response.body: Response body is unavailable for redirect responses
2026-08-26T13:37:43.484Z scroll:stable height=33334 samples=65
2026-08-26T13:37:44.544Z complete:047.html html=95981 assets=18
2026-08-26T13:37:47.046Z attempt:1/3 048.html
2026-08-26T13:37:47.046Z navigation:start http://edwards.yale.edu/archive?path=aHR0cDovL2Vkd2FyZHMueWFsZS5lZHUvY2dpLWJpbi9uZXdwaGlsby9nZXRvYmplY3QucGw%2FYy40Mjo0OC53amVv
2026-08-26T13:37:47.697Z resource:omit http://fonts.gstatic.com/s/opensans/v44/memvYaGs126MiZpBA-UvWbX2vVnXBbObj2OVTS-mu0SC55I.woff2 reason=response.body: Response body is unavailable for redirect responses
2026-08-26T13:37:47.698Z resource:omit http://fonts.gstatic.com/s/playfairdisplay/v40/nuFiD-vYSZviVYUb_rj3ij__anPXDTzYgEM86xQ.woff2 reason=response.body: Response body is unavailable for redirect responses
2026-08-26T13:37:47.698Z resource:omit http://fonts.gstatic.com/s/opensans/v44/memvYaGs126MiZpBA-UvWbX2vVnXBbObj2OVTUGmu0SC55K5gw.woff2 reason=response.body: Response body is unavailable for redirect responses
2026-08-26T13:37:47.889Z resource:omit http://fonts.gstatic.com/s/playfairdisplay/v40/nuFkD-vYSZviVYUb_rj3ij__anPXDTnogkk7yRZrPA.woff2 reason=response.body: Response body is unavailable for redirect responses
2026-08-26T13:37:48.239Z resource:omit http://www.google-analytics.com/ga.js reason=response.body: Response body is unavailable for redirect responses
2026-08-26T13:37:48.243Z resource:omit http://www.google-analytics.com/__utm.gif?utmwv=5.7.2&utms=49&utmn=882196999&utmhn=edwards.yale.edu&utmcs=UTF-8&utmsr=1280x720&utmvp=1280x720&utmsc=24-bit&utmul=pl&utmje=0&utmfl=-&utmdt=Search%20WJE%20Online%20%7C%20The%20Jonathan%20Edwards%20Center%20at%20Yale%20University&utmhid=1835081554&utmr=-&utmp=%2Farchive%3Fpath%3DaHR0cDovL2Vkd2FyZHMueWFsZS5lZHUvY2dpLWJpbi9uZXdwaGlsby9nZXRvYmplY3QucGw%25252FYy40Mjo0OC53amVv&utmht=1787751468241&utmac=UA-1489454-4&utmcc=__utma%3D258641246.1462867204.1787750929.1787750929.1787750929.1%3B%2B__utmz%3D258641246.1787750929.1.1.utmcsr%3D(direct)%7Cutmccn%3D(direct)%7Cutmcmd%3D(none)%3B&utmjid=&utmu=qAAAAAAAAAAAAAAAAAAAAAAE~ reason=response.body: Response body is unavailable for redirect responses
2026-08-26T13:37:52.045Z scroll:stable height=15417 samples=32
2026-08-26T13:37:53.109Z complete:048.html html=63732 assets=18
2026-08-26T13:37:55.610Z attempt:1/3 049.html
2026-08-26T13:37:55.611Z navigation:start http://edwards.yale.edu/archive?path=aHR0cDovL2Vkd2FyZHMueWFsZS5lZHUvY2dpLWJpbi9uZXdwaGlsby9nZXRvYmplY3QucGw%2FYy40Mjo0OS53amVv
2026-08-26T13:37:56.362Z resource:omit http://fonts.gstatic.com/s/opensans/v44/memvYaGs126MiZpBA-UvWbX2vVnXBbObj2OVTS-mu0SC55I.woff2 reason=response.body: Response body is unavailable for redirect responses
2026-08-26T13:37:56.362Z resource:omit http://fonts.gstatic.com/s/opensans/v44/memvYaGs126MiZpBA-UvWbX2vVnXBbObj2OVTUGmu0SC55K5gw.woff2 reason=response.body: Response body is unavailable for redirect responses
2026-08-26T13:37:56.362Z resource:omit http://fonts.gstatic.com/s/playfairdisplay/v40/nuFiD-vYSZviVYUb_rj3ij__anPXDTzYgEM86xQ.woff2 reason=response.body: Response body is unavailable for redirect responses
2026-08-26T13:37:56.539Z resource:omit http://fonts.gstatic.com/s/playfairdisplay/v40/nuFkD-vYSZviVYUb_rj3ij__anPXDTnogkk7yRZrPA.woff2 reason=response.body: Response body is unavailable for redirect responses
2026-08-26T13:37:57.053Z resource:omit http://www.google-analytics.com/ga.js reason=response.body: Response body is unavailable for redirect responses
2026-08-26T13:37:57.055Z resource:omit http://www.google-analytics.com/__utm.gif?utmwv=5.7.2&utms=50&utmn=305265630&utmhn=edwards.yale.edu&utmcs=UTF-8&utmsr=1280x720&utmvp=1280x720&utmsc=24-bit&utmul=pl&utmje=0&utmfl=-&utmdt=Search%20WJE%20Online%20%7C%20The%20Jonathan%20Edwards%20Center%20at%20Yale%20University&utmhid=1301937351&utmr=-&utmp=%2Farchive%3Fpath%3DaHR0cDovL2Vkd2FyZHMueWFsZS5lZHUvY2dpLWJpbi9uZXdwaGlsby9nZXRvYmplY3QucGw%25252FYy40Mjo0OS53amVv&utmht=1787751477052&utmac=UA-1489454-4&utmcc=__utma%3D258641246.1462867204.1787750929.1787750929.1787750929.1%3B%2B__utmz%3D258641246.1787750929.1.1.utmcsr%3D(direct)%7Cutmccn%3D(direct)%7Cutmcmd%3D(none)%3B&utmjid=&utmu=qAAAAAAAAAAAAAAAAAAAAAAE~ reason=response.body: Response body is unavailable for redirect responses
2026-08-26T13:38:01.714Z scroll:stable height=19598 samples=39
2026-08-26T13:38:02.767Z complete:049.html html=75883 assets=18
2026-08-26T13:38:05.270Z attempt:1/3 050.html
2026-08-26T13:38:05.270Z navigation:start http://edwards.yale.edu/archive?path=aHR0cDovL2Vkd2FyZHMueWFsZS5lZHUvY2dpLWJpbi9uZXdwaGlsby9nZXRvYmplY3QucGw%2FYy40Mjo1MC53amVv
2026-08-26T13:38:05.988Z resource:omit http://fonts.gstatic.com/s/opensans/v44/memvYaGs126MiZpBA-UvWbX2vVnXBbObj2OVTS-mu0SC55I.woff2 reason=response.body: Response body is unavailable for redirect responses
2026-08-26T13:38:05.988Z resource:omit http://fonts.gstatic.com/s/playfairdisplay/v40/nuFiD-vYSZviVYUb_rj3ij__anPXDTzYgEM86xQ.woff2 reason=response.body: Response body is unavailable for redirect responses
2026-08-26T13:38:05.988Z resource:omit http://fonts.gstatic.com/s/opensans/v44/memvYaGs126MiZpBA-UvWbX2vVnXBbObj2OVTUGmu0SC55K5gw.woff2 reason=response.body: Response body is unavailable for redirect responses
2026-08-26T13:38:06.176Z resource:omit http://fonts.gstatic.com/s/playfairdisplay/v40/nuFkD-vYSZviVYUb_rj3ij__anPXDTnogkk7yRZrPA.woff2 reason=response.body: Response body is unavailable for redirect responses
2026-08-26T13:38:06.581Z resource:omit http://www.google-analytics.com/ga.js reason=response.body: Response body is unavailable for redirect responses
2026-08-26T13:38:06.588Z resource:omit http://www.google-analytics.com/__utm.gif?utmwv=5.7.2&utms=51&utmn=1870531482&utmhn=edwards.yale.edu&utmcs=UTF-8&utmsr=1280x720&utmvp=1280x720&utmsc=24-bit&utmul=pl&utmje=0&utmfl=-&utmdt=Search%20WJE%20Online%20%7C%20The%20Jonathan%20Edwards%20Center%20at%20Yale%20University&utmhid=120656515&utmr=-&utmp=%2Farchive%3Fpath%3DaHR0cDovL2Vkd2FyZHMueWFsZS5lZHUvY2dpLWJpbi9uZXdwaGlsby9nZXRvYmplY3QucGw%25252FYy40Mjo1MC53amVv&utmht=1787751486585&utmac=UA-1489454-4&utmcc=__utma%3D258641246.1462867204.1787750929.1787750929.1787750929.1%3B%2B__utmz%3D258641246.1787750929.1.1.utmcsr%3D(direct)%7Cutmccn%3D(direct)%7Cutmcmd%3D(none)%3B&utmjid=&utmu=qAAAAAAAAAAAAAAAAAAAAAAE~ reason=response.body: Response body is unavailable for redirect responses
2026-08-26T13:38:11.242Z scroll:stable height=19598 samples=39
2026-08-26T13:38:12.299Z complete:050.html html=74668 assets=18
2026-08-26T13:38:14.801Z attempt:1/3 051.html
2026-08-26T13:38:14.802Z navigation:start http://edwards.yale.edu/archive?path=aHR0cDovL2Vkd2FyZHMueWFsZS5lZHUvY2dpLWJpbi9uZXdwaGlsby9nZXRvYmplY3QucGw%2FYy40Mjo1MS53amVv
2026-08-26T13:38:15.532Z resource:omit http://fonts.gstatic.com/s/playfairdisplay/v40/nuFiD-vYSZviVYUb_rj3ij__anPXDTzYgEM86xQ.woff2 reason=response.body: Response body is unavailable for redirect responses
2026-08-26T13:38:15.532Z resource:omit http://fonts.gstatic.com/s/opensans/v44/memvYaGs126MiZpBA-UvWbX2vVnXBbObj2OVTS-mu0SC55I.woff2 reason=response.body: Response body is unavailable for redirect responses
2026-08-26T13:38:15.533Z resource:omit http://fonts.gstatic.com/s/opensans/v44/memvYaGs126MiZpBA-UvWbX2vVnXBbObj2OVTUGmu0SC55K5gw.woff2 reason=response.body: Response body is unavailable for redirect responses
2026-08-26T13:38:15.714Z resource:omit http://fonts.gstatic.com/s/playfairdisplay/v40/nuFkD-vYSZviVYUb_rj3ij__anPXDTnogkk7yRZrPA.woff2 reason=response.body: Response body is unavailable for redirect responses
2026-08-26T13:38:16.387Z resource:omit http://www.google-analytics.com/ga.js reason=response.body: Response body is unavailable for redirect responses
2026-08-26T13:38:16.392Z resource:omit http://www.google-analytics.com/__utm.gif?utmwv=5.7.2&utms=52&utmn=346479069&utmhn=edwards.yale.edu&utmcs=UTF-8&utmsr=1280x720&utmvp=1280x720&utmsc=24-bit&utmul=pl&utmje=0&utmfl=-&utmdt=Search%20WJE%20Online%20%7C%20The%20Jonathan%20Edwards%20Center%20at%20Yale%20University&utmhid=711831113&utmr=-&utmp=%2Farchive%3Fpath%3DaHR0cDovL2Vkd2FyZHMueWFsZS5lZHUvY2dpLWJpbi9uZXdwaGlsby9nZXRvYmplY3QucGw%25252FYy40Mjo1MS53amVv&utmht=1787751496390&utmac=UA-1489454-4&utmcc=__utma%3D258641246.1462867204.1787750929.1787750929.1787750929.1%3B%2B__utmz%3D258641246.1787750929.1.1.utmcsr%3D(direct)%7Cutmccn%3D(direct)%7Cutmcmd%3D(none)%3B&utmjid=&utmu=qAAAAAAAAAAAAAAAAAAAAAAE~ reason=response.body: Response body is unavailable for redirect responses
2026-08-26T13:38:25.589Z scroll:stable height=39117 samples=76
2026-08-26T13:38:26.644Z complete:051.html html=116073 assets=18
2026-08-26T13:38:29.146Z attempt:1/3 052.html
2026-08-26T13:38:29.146Z navigation:start http://edwards.yale.edu/archive?path=aHR0cDovL2Vkd2FyZHMueWFsZS5lZHUvY2dpLWJpbi9uZXdwaGlsby9nZXRvYmplY3QucGw%2FYy40Mjo1Mi53amVv
2026-08-26T13:38:29.809Z resource:omit http://fonts.gstatic.com/s/opensans/v44/memvYaGs126MiZpBA-UvWbX2vVnXBbObj2OVTS-mu0SC55I.woff2 reason=response.body: Response body is unavailable for redirect responses
2026-08-26T13:38:29.809Z resource:omit http://fonts.gstatic.com/s/opensans/v44/memvYaGs126MiZpBA-UvWbX2vVnXBbObj2OVTUGmu0SC55K5gw.woff2 reason=response.body: Response body is unavailable for redirect responses
2026-08-26T13:38:29.809Z resource:omit http://fonts.gstatic.com/s/playfairdisplay/v40/nuFiD-vYSZviVYUb_rj3ij__anPXDTzYgEM86xQ.woff2 reason=response.body: Response body is unavailable for redirect responses
2026-08-26T13:38:30.014Z resource:omit http://fonts.gstatic.com/s/playfairdisplay/v40/nuFkD-vYSZviVYUb_rj3ij__anPXDTnogkk7yRZrPA.woff2 reason=response.body: Response body is unavailable for redirect responses
2026-08-26T13:38:30.358Z resource:omit http://www.google-analytics.com/ga.js reason=response.body: Response body is unavailable for redirect responses
2026-08-26T13:38:30.365Z resource:omit http://www.google-analytics.com/__utm.gif?utmwv=5.7.2&utms=53&utmn=701459651&utmhn=edwards.yale.edu&utmcs=UTF-8&utmsr=1280x720&utmvp=1280x720&utmsc=24-bit&utmul=pl&utmje=0&utmfl=-&utmdt=Search%20WJE%20Online%20%7C%20The%20Jonathan%20Edwards%20Center%20at%20Yale%20University&utmhid=1445020412&utmr=-&utmp=%2Farchive%3Fpath%3DaHR0cDovL2Vkd2FyZHMueWFsZS5lZHUvY2dpLWJpbi9uZXdwaGlsby9nZXRvYmplY3QucGw%25252FYy40Mjo1Mi53amVv&utmht=1787751510363&utmac=UA-1489454-4&utmcc=__utma%3D258641246.1462867204.1787750929.1787750929.1787750929.1%3B%2B__utmz%3D258641246.1787750929.1.1.utmcsr%3D(direct)%7Cutmccn%3D(direct)%7Cutmcmd%3D(none)%3B&utmjid=&utmu=qAAAAAAAAAAAAAAAAAAAAAAE~ reason=response.body: Response body is unavailable for redirect responses
2026-08-26T13:38:35.025Z scroll:stable height=19330 samples=39
2026-08-26T13:38:36.104Z complete:052.html html=72121 assets=18
2026-08-26T13:38:36.105Z archive:complete
