2026-08-26T04:53:24.632Z archive:start volume=VOLUME19 source=http://edwards.yale.edu/archive?path=aHR0cDovL2Vkd2FyZHMueWFsZS5lZHUvY2dpLWJpbi9uZXdwaGlsby9zZWxlY3QucGw/d2plby4xOA==
2026-08-26T04:53:24.633Z attempt:1/3 000.html
2026-08-26T04:53:24.634Z navigation:start http://edwards.yale.edu/archive?path=aHR0cDovL2Vkd2FyZHMueWFsZS5lZHUvY2dpLWJpbi9uZXdwaGlsby9zZWxlY3QucGw/d2plby4xOA==
2026-08-26T04:53:27.005Z resource:omit http://www.google-analytics.com/ga.js reason=response.body: Response body is unavailable for redirect responses
2026-08-26T04:53:27.295Z resource:omit http://www.google-analytics.com/r/__utm.gif?utmwv=5.7.2&utms=1&utmn=1308497862&utmhn=edwards.yale.edu&utmcs=UTF-8&utmsr=1280x720&utmvp=1280x720&utmsc=24-bit&utmul=pl&utmje=0&utmfl=-&utmdt=Search%20WJE%20Online%20%7C%20The%20Jonathan%20Edwards%20Center%20at%20Yale%20University&utmhid=1649387084&utmr=-&utmp=%2Farchive%3Fpath%3DaHR0cDovL2Vkd2FyZHMueWFsZS5lZHUvY2dpLWJpbi9uZXdwaGlsby9zZWxlY3QucGw%2Fd2plby4xOA%3D%3D&utmht=1787720007292&utmac=UA-1489454-4&utmcc=__utma%3D258641246.1846410565.1787720007.1787720007.1787720007.1%3B%2B__utmz%3D258641246.1787720007.1.1.utmcsr%3D(direct)%7Cutmccn%3D(direct)%7Cutmcmd%3D(none)%3B&utmjid=114779256&utmredir=1&utmu=qAAAAAAAAAAAAAAAAAAAAAAE~ reason=response.body: Response body is unavailable for redirect responses
2026-08-26T04:53:28.750Z scroll:stable height=4849 samples=12
2026-08-26T04:53:29.805Z complete:000.html html=69539 assets=18
2026-08-26T04:53:29.808Z discovery:sections 36
2026-08-26T04:53:32.310Z attempt:1/3 001.html
2026-08-26T04:53:32.310Z navigation:start http://edwards.yale.edu/archive?path=aHR0cDovL2Vkd2FyZHMueWFsZS5lZHUvY2dpLWJpbi9uZXdwaGlsby9nZXRvYmplY3QucGw%2FYy4xODoxLndqZW8%3D
2026-08-26T04:53:32.795Z resource:omit http://fonts.gstatic.com/s/playfairdisplay/v40/nuFkD-vYSZviVYUb_rj3ij__anPXDTnogkk7yRZrPA.woff2 reason=response.body: Protocol error (Network.getResponseBody): No data found for resource with given identifier
Response body is not available for a response that was navigated away from. Read response.body() before triggering any navigation.
2026-08-26T04:53:32.795Z resource:omit http://fonts.gstatic.com/s/opensans/v44/memvYaGs126MiZpBA-UvWbX2vVnXBbObj2OVTUGmu0SC55K5gw.woff2 reason=response.body: Protocol error (Network.getResponseBody): No data found for resource with given identifier
Response body is not available for a response that was navigated away from. Read response.body() before triggering any navigation.
2026-08-26T04:53:32.795Z resource:omit http://fonts.gstatic.com/s/opensans/v44/memvYaGs126MiZpBA-UvWbX2vVnXBbObj2OVTS-mu0SC55I.woff2 reason=response.body: Protocol error (Network.getResponseBody): No data found for resource with given identifier
Response body is not available for a response that was navigated away from. Read response.body() before triggering any navigation.
2026-08-26T04:53:32.795Z resource:omit http://fonts.gstatic.com/s/playfairdisplay/v40/nuFiD-vYSZviVYUb_rj3ij__anPXDTzYgEM86xQ.woff2 reason=response.body: Protocol error (Network.getResponseBody): No data found for resource with given identifier
Response body is not available for a response that was navigated away from. Read response.body() before triggering any navigation.
2026-08-26T04:53:33.293Z resource:omit http://www.google-analytics.com/ga.js reason=response.body: Response body is unavailable for redirect responses
2026-08-26T04:53:33.298Z resource:omit http://www.google-analytics.com/__utm.gif?utmwv=5.7.2&utms=2&utmn=1349504499&utmhn=edwards.yale.edu&utmcs=UTF-8&utmsr=1280x720&utmvp=1280x720&utmsc=24-bit&utmul=pl&utmje=0&utmfl=-&utmdt=Search%20WJE%20Online%20%7C%20The%20Jonathan%20Edwards%20Center%20at%20Yale%20University&utmhid=81426247&utmr=-&utmp=%2Farchive%3Fpath%3DaHR0cDovL2Vkd2FyZHMueWFsZS5lZHUvY2dpLWJpbi9uZXdwaGlsby9nZXRvYmplY3QucGw%25252FYy4xODoxLndqZW8%25253D&utmht=1787720013295&utmac=UA-1489454-4&utmcc=__utma%3D258641246.1846410565.1787720007.1787720007.1787720007.1%3B%2B__utmz%3D258641246.1787720007.1.1.utmcsr%3D(direct)%7Cutmccn%3D(direct)%7Cutmcmd%3D(none)%3B&utmjid=&utmu=qAAAAAAAAAAAAAAAAAAAAAAE~ reason=response.body: Response body is unavailable for redirect responses
2026-08-26T04:53:33.867Z scroll:stable height=1108 samples=5
2026-08-26T04:53:35.238Z complete:001.html html=34478 assets=14
2026-08-26T04:53:37.739Z attempt:1/3 002.html
2026-08-26T04:53:37.740Z navigation:start http://edwards.yale.edu/archive?path=aHR0cDovL2Vkd2FyZHMueWFsZS5lZHUvY2dpLWJpbi9uZXdwaGlsby9nZXRvYmplY3QucGw%2FYy4xODoyLndqZW8%3D
2026-08-26T04:53:38.250Z resource:omit http://fonts.gstatic.com/s/playfairdisplay/v40/nuFkD-vYSZviVYUb_rj3ij__anPXDTnogkk7yRZrPA.woff2 reason=response.body: Protocol error (Network.getResponseBody): No data found for resource with given identifier
Response body is not available for a response that was navigated away from. Read response.body() before triggering any navigation.
2026-08-26T04:53:38.250Z resource:omit http://fonts.gstatic.com/s/opensans/v44/memvYaGs126MiZpBA-UvWbX2vVnXBbObj2OVTUGmu0SC55K5gw.woff2 reason=response.body: Protocol error (Network.getResponseBody): No data found for resource with given identifier
Response body is not available for a response that was navigated away from. Read response.body() before triggering any navigation.
2026-08-26T04:53:38.250Z resource:omit http://fonts.gstatic.com/s/playfairdisplay/v40/nuFiD-vYSZviVYUb_rj3ij__anPXDTzYgEM86xQ.woff2 reason=response.body: Protocol error (Network.getResponseBody): No data found for resource with given identifier
Response body is not available for a response that was navigated away from. Read response.body() before triggering any navigation.
2026-08-26T04:53:38.250Z resource:omit http://fonts.gstatic.com/s/opensans/v44/memvYaGs126MiZpBA-UvWbX2vVnXBbObj2OVTS-mu0SC55I.woff2 reason=response.body: Protocol error (Network.getResponseBody): No data found for resource with given identifier
Response body is not available for a response that was navigated away from. Read response.body() before triggering any navigation.
2026-08-26T04:53:39.985Z resource:omit http://www.google-analytics.com/ga.js reason=response.body: Response body is unavailable for redirect responses
2026-08-26T04:53:39.993Z resource:omit http://www.google-analytics.com/__utm.gif?utmwv=5.7.2&utms=3&utmn=1505929518&utmhn=edwards.yale.edu&utmcs=UTF-8&utmsr=1280x720&utmvp=1280x720&utmsc=24-bit&utmul=pl&utmje=0&utmfl=-&utmdt=Search%20WJE%20Online%20%7C%20The%20Jonathan%20Edwards%20Center%20at%20Yale%20University&utmhid=512770510&utmr=-&utmp=%2Farchive%3Fpath%3DaHR0cDovL2Vkd2FyZHMueWFsZS5lZHUvY2dpLWJpbi9uZXdwaGlsby9nZXRvYmplY3QucGw%25252FYy4xODoyLndqZW8%25253D&utmht=1787720019989&utmac=UA-1489454-4&utmcc=__utma%3D258641246.1846410565.1787720007.1787720007.1787720007.1%3B%2B__utmz%3D258641246.1787720007.1.1.utmcsr%3D(direct)%7Cutmccn%3D(direct)%7Cutmcmd%3D(none)%3B&utmjid=&utmu=qAAAAAAAAAAAAAAAAAAAAAAE~ reason=response.body: Response body is unavailable for redirect responses
2026-08-26T04:53:45.438Z scroll:stable height=21535 samples=43
2026-08-26T04:53:46.507Z complete:002.html html=182455 assets=14
2026-08-26T04:53:49.009Z attempt:1/3 003.html
2026-08-26T04:53:49.009Z navigation:start http://edwards.yale.edu/archive?path=aHR0cDovL2Vkd2FyZHMueWFsZS5lZHUvY2dpLWJpbi9uZXdwaGlsby9nZXRvYmplY3QucGw%2FYy4xODozLndqZW8%3D
2026-08-26T04:53:49.676Z resource:omit http://fonts.gstatic.com/s/playfairdisplay/v40/nuFiD-vYSZviVYUb_rj3ij__anPXDTzYgEM86xQ.woff2 reason=response.body: Protocol error (Network.getResponseBody): No data found for resource with given identifier
Response body is not available for a response that was navigated away from. Read response.body() before triggering any navigation.
2026-08-26T04:53:49.676Z resource:omit http://fonts.gstatic.com/s/opensans/v44/memvYaGs126MiZpBA-UvWbX2vVnXBbObj2OVTS-mu0SC55I.woff2 reason=response.body: Protocol error (Network.getResponseBody): No data found for resource with given identifier
Response body is not available for a response that was navigated away from. Read response.body() before triggering any navigation.
2026-08-26T04:53:49.676Z resource:omit http://fonts.gstatic.com/s/opensans/v44/memvYaGs126MiZpBA-UvWbX2vVnXBbObj2OVTUGmu0SC55K5gw.woff2 reason=response.body: Protocol error (Network.getResponseBody): No data found for resource with given identifier
Response body is not available for a response that was navigated away from. Read response.body() before triggering any navigation.
2026-08-26T04:53:49.676Z resource:omit http://fonts.gstatic.com/s/playfairdisplay/v40/nuFkD-vYSZviVYUb_rj3ij__anPXDTnogkk7yRZrPA.woff2 reason=response.body: Protocol error (Network.getResponseBody): No data found for resource with given identifier
Response body is not available for a response that was navigated away from. Read response.body() before triggering any navigation.
2026-08-26T04:53:50.805Z resource:omit http://www.google-analytics.com/ga.js reason=response.body: Response body is unavailable for redirect responses
2026-08-26T04:53:50.809Z resource:omit http://www.google-analytics.com/__utm.gif?utmwv=5.7.2&utms=4&utmn=1416597733&utmhn=edwards.yale.edu&utmcs=UTF-8&utmsr=1280x720&utmvp=1280x720&utmsc=24-bit&utmul=pl&utmje=0&utmfl=-&utmdt=Search%20WJE%20Online%20%7C%20The%20Jonathan%20Edwards%20Center%20at%20Yale%20University&utmhid=1660019149&utmr=-&utmp=%2Farchive%3Fpath%3DaHR0cDovL2Vkd2FyZHMueWFsZS5lZHUvY2dpLWJpbi9uZXdwaGlsby9nZXRvYmplY3QucGw%25252FYy4xODozLndqZW8%25253D&utmht=1787720030806&utmac=UA-1489454-4&utmcc=__utma%3D258641246.1846410565.1787720007.1787720007.1787720007.1%3B%2B__utmz%3D258641246.1787720007.1.1.utmcsr%3D(direct)%7Cutmccn%3D(direct)%7Cutmcmd%3D(none)%3B&utmjid=&utmu=qAAAAAAAAAAAAAAAAAAAAAAE~ reason=response.body: Response body is unavailable for redirect responses
2026-08-26T04:53:53.951Z scroll:stable height=12077 samples=26
2026-08-26T04:53:55.012Z complete:003.html html=98406 assets=14
2026-08-26T04:53:57.514Z attempt:1/3 004.html
2026-08-26T04:53:57.514Z navigation:start http://edwards.yale.edu/archive?path=aHR0cDovL2Vkd2FyZHMueWFsZS5lZHUvY2dpLWJpbi9uZXdwaGlsby9nZXRvYmplY3QucGw%2FYy4xODo0LndqZW8%3D
2026-08-26T04:53:58.173Z resource:omit http://fonts.gstatic.com/s/playfairdisplay/v40/nuFiD-vYSZviVYUb_rj3ij__anPXDTzYgEM86xQ.woff2 reason=response.body: Protocol error (Network.getResponseBody): No data found for resource with given identifier
Response body is not available for a response that was navigated away from. Read response.body() before triggering any navigation.
2026-08-26T04:53:58.173Z resource:omit http://fonts.gstatic.com/s/opensans/v44/memvYaGs126MiZpBA-UvWbX2vVnXBbObj2OVTUGmu0SC55K5gw.woff2 reason=response.body: Protocol error (Network.getResponseBody): No data found for resource with given identifier
Response body is not available for a response that was navigated away from. Read response.body() before triggering any navigation.
2026-08-26T04:53:58.173Z resource:omit http://fonts.gstatic.com/s/opensans/v44/memvYaGs126MiZpBA-UvWbX2vVnXBbObj2OVTS-mu0SC55I.woff2 reason=response.body: Protocol error (Network.getResponseBody): No data found for resource with given identifier
Response body is not available for a response that was navigated away from. Read response.body() before triggering any navigation.
2026-08-26T04:53:58.172Z resource:omit http://fonts.gstatic.com/s/playfairdisplay/v40/nuFkD-vYSZviVYUb_rj3ij__anPXDTnogkk7yRZrPA.woff2 reason=response.body: Protocol error (Network.getResponseBody): No data found for resource with given identifier
Response body is not available for a response that was navigated away from. Read response.body() before triggering any navigation.
2026-08-26T04:53:59.208Z resource:omit http://www.google-analytics.com/ga.js reason=response.body: Response body is unavailable for redirect responses
2026-08-26T04:53:59.214Z resource:omit http://www.google-analytics.com/__utm.gif?utmwv=5.7.2&utms=5&utmn=2056466818&utmhn=edwards.yale.edu&utmcs=UTF-8&utmsr=1280x720&utmvp=1280x720&utmsc=24-bit&utmul=pl&utmje=0&utmfl=-&utmdt=Search%20WJE%20Online%20%7C%20The%20Jonathan%20Edwards%20Center%20at%20Yale%20University&utmhid=845134493&utmr=-&utmp=%2Farchive%3Fpath%3DaHR0cDovL2Vkd2FyZHMueWFsZS5lZHUvY2dpLWJpbi9uZXdwaGlsby9nZXRvYmplY3QucGw%25252FYy4xODo0LndqZW8%25253D&utmht=1787720039211&utmac=UA-1489454-4&utmcc=__utma%3D258641246.1846410565.1787720007.1787720007.1787720007.1%3B%2B__utmz%3D258641246.1787720007.1.1.utmcsr%3D(direct)%7Cutmccn%3D(direct)%7Cutmcmd%3D(none)%3B&utmjid=&utmu=qAAAAAAAAAAAAAAAAAAAAAAE~ reason=response.body: Response body is unavailable for redirect responses
2026-08-26T04:54:02.003Z scroll:stable height=10951 samples=23
2026-08-26T04:54:03.092Z complete:004.html html=92027 assets=14
2026-08-26T04:54:05.593Z attempt:1/3 005.html
2026-08-26T04:54:05.593Z navigation:start http://edwards.yale.edu/archive?path=aHR0cDovL2Vkd2FyZHMueWFsZS5lZHUvY2dpLWJpbi9uZXdwaGlsby9nZXRvYmplY3QucGw%2FYy4xODo1LndqZW8%3D
2026-08-26T04:54:06.315Z resource:omit http://fonts.gstatic.com/s/playfairdisplay/v40/nuFiD-vYSZviVYUb_rj3ij__anPXDTzYgEM86xQ.woff2 reason=response.body: Protocol error (Network.getResponseBody): No data found for resource with given identifier
Response body is not available for a response that was navigated away from. Read response.body() before triggering any navigation.
2026-08-26T04:54:06.315Z resource:omit http://fonts.gstatic.com/s/playfairdisplay/v40/nuFkD-vYSZviVYUb_rj3ij__anPXDTnogkk7yRZrPA.woff2 reason=response.body: Protocol error (Network.getResponseBody): No data found for resource with given identifier
Response body is not available for a response that was navigated away from. Read response.body() before triggering any navigation.
2026-08-26T04:54:06.316Z resource:omit http://fonts.gstatic.com/s/opensans/v44/memvYaGs126MiZpBA-UvWbX2vVnXBbObj2OVTUGmu0SC55K5gw.woff2 reason=response.body: Protocol error (Network.getResponseBody): No data found for resource with given identifier
Response body is not available for a response that was navigated away from. Read response.body() before triggering any navigation.
2026-08-26T04:54:06.316Z resource:omit http://fonts.gstatic.com/s/opensans/v44/memvYaGs126MiZpBA-UvWbX2vVnXBbObj2OVTS-mu0SC55I.woff2 reason=response.body: Protocol error (Network.getResponseBody): No data found for resource with given identifier
Response body is not available for a response that was navigated away from. Read response.body() before triggering any navigation.
2026-08-26T04:54:07.035Z resource:omit http://www.google-analytics.com/ga.js reason=response.body: Response body is unavailable for redirect responses
2026-08-26T04:54:07.039Z resource:omit http://www.google-analytics.com/__utm.gif?utmwv=5.7.2&utms=6&utmn=447112218&utmhn=edwards.yale.edu&utmcs=UTF-8&utmsr=1280x720&utmvp=1280x720&utmsc=24-bit&utmul=pl&utmje=0&utmfl=-&utmdt=Search%20WJE%20Online%20%7C%20The%20Jonathan%20Edwards%20Center%20at%20Yale%20University&utmhid=746064719&utmr=-&utmp=%2Farchive%3Fpath%3DaHR0cDovL2Vkd2FyZHMueWFsZS5lZHUvY2dpLWJpbi9uZXdwaGlsby9nZXRvYmplY3QucGw%25252FYy4xODo1LndqZW8%25253D&utmht=1787720047037&utmac=UA-1489454-4&utmcc=__utma%3D258641246.1846410565.1787720007.1787720007.1787720007.1%3B%2B__utmz%3D258641246.1787720007.1.1.utmcsr%3D(direct)%7Cutmccn%3D(direct)%7Cutmcmd%3D(none)%3B&utmjid=&utmu=qAAAAAAAAAAAAAAAAAAAAAAE~ reason=response.body: Response body is unavailable for redirect responses
2026-08-26T04:54:09.471Z scroll:stable height=7831 samples=18
2026-08-26T04:54:10.516Z complete:005.html html=72800 assets=14
2026-08-26T04:54:13.017Z attempt:1/3 006.html
2026-08-26T04:54:13.018Z navigation:start http://edwards.yale.edu/archive?path=aHR0cDovL2Vkd2FyZHMueWFsZS5lZHUvY2dpLWJpbi9uZXdwaGlsby9nZXRvYmplY3QucGw%2FYy4xODo2LndqZW8%3D
2026-08-26T04:54:13.708Z resource:omit http://fonts.gstatic.com/s/playfairdisplay/v40/nuFkD-vYSZviVYUb_rj3ij__anPXDTnogkk7yRZrPA.woff2 reason=response.body: Protocol error (Network.getResponseBody): No data found for resource with given identifier
Response body is not available for a response that was navigated away from. Read response.body() before triggering any navigation.
2026-08-26T04:54:13.709Z resource:omit http://fonts.gstatic.com/s/playfairdisplay/v40/nuFiD-vYSZviVYUb_rj3ij__anPXDTzYgEM86xQ.woff2 reason=response.body: Protocol error (Network.getResponseBody): No data found for resource with given identifier
Response body is not available for a response that was navigated away from. Read response.body() before triggering any navigation.
2026-08-26T04:54:13.709Z resource:omit http://fonts.gstatic.com/s/opensans/v44/memvYaGs126MiZpBA-UvWbX2vVnXBbObj2OVTS-mu0SC55I.woff2 reason=response.body: Protocol error (Network.getResponseBody): No data found for resource with given identifier
Response body is not available for a response that was navigated away from. Read response.body() before triggering any navigation.
2026-08-26T04:54:13.709Z resource:omit http://fonts.gstatic.com/s/opensans/v44/memvYaGs126MiZpBA-UvWbX2vVnXBbObj2OVTUGmu0SC55K5gw.woff2 reason=response.body: Protocol error (Network.getResponseBody): No data found for resource with given identifier
Response body is not available for a response that was navigated away from. Read response.body() before triggering any navigation.
2026-08-26T04:54:14.685Z resource:omit http://www.google-analytics.com/ga.js reason=response.body: Response body is unavailable for redirect responses
2026-08-26T04:54:14.689Z resource:omit http://www.google-analytics.com/__utm.gif?utmwv=5.7.2&utms=7&utmn=684607826&utmhn=edwards.yale.edu&utmcs=UTF-8&utmsr=1280x720&utmvp=1280x720&utmsc=24-bit&utmul=pl&utmje=0&utmfl=-&utmdt=Search%20WJE%20Online%20%7C%20The%20Jonathan%20Edwards%20Center%20at%20Yale%20University&utmhid=899965668&utmr=-&utmp=%2Farchive%3Fpath%3DaHR0cDovL2Vkd2FyZHMueWFsZS5lZHUvY2dpLWJpbi9uZXdwaGlsby9nZXRvYmplY3QucGw%25252FYy4xODo2LndqZW8%25253D&utmht=1787720054686&utmac=UA-1489454-4&utmcc=__utma%3D258641246.1846410565.1787720007.1787720007.1787720007.1%3B%2B__utmz%3D258641246.1787720007.1.1.utmcsr%3D(direct)%7Cutmccn%3D(direct)%7Cutmcmd%3D(none)%3B&utmjid=&utmu=qAAAAAAAAAAAAAAAAAAAAAAE~ reason=response.body: Response body is unavailable for redirect responses
2026-08-26T04:54:16.976Z scroll:stable height=8676 samples=19
2026-08-26T04:54:18.031Z complete:006.html html=79160 assets=14
2026-08-26T04:54:20.532Z attempt:1/3 007.html
2026-08-26T04:54:20.533Z navigation:start http://edwards.yale.edu/archive?path=aHR0cDovL2Vkd2FyZHMueWFsZS5lZHUvY2dpLWJpbi9uZXdwaGlsby9nZXRvYmplY3QucGw%2FYy4xODo3LndqZW8%3D
2026-08-26T04:54:21.157Z resource:omit http://fonts.gstatic.com/s/playfairdisplay/v40/nuFkD-vYSZviVYUb_rj3ij__anPXDTnogkk7yRZrPA.woff2 reason=response.body: Protocol error (Network.getResponseBody): No data found for resource with given identifier
Response body is not available for a response that was navigated away from. Read response.body() before triggering any navigation.
2026-08-26T04:54:21.157Z resource:omit http://fonts.gstatic.com/s/playfairdisplay/v40/nuFiD-vYSZviVYUb_rj3ij__anPXDTzYgEM86xQ.woff2 reason=response.body: Protocol error (Network.getResponseBody): No data found for resource with given identifier
Response body is not available for a response that was navigated away from. Read response.body() before triggering any navigation.
2026-08-26T04:54:21.157Z resource:omit http://fonts.gstatic.com/s/opensans/v44/memvYaGs126MiZpBA-UvWbX2vVnXBbObj2OVTUGmu0SC55K5gw.woff2 reason=response.body: Protocol error (Network.getResponseBody): No data found for resource with given identifier
Response body is not available for a response that was navigated away from. Read response.body() before triggering any navigation.
2026-08-26T04:54:21.157Z resource:omit http://fonts.gstatic.com/s/opensans/v44/memvYaGs126MiZpBA-UvWbX2vVnXBbObj2OVTS-mu0SC55I.woff2 reason=response.body: Protocol error (Network.getResponseBody): No data found for resource with given identifier
Response body is not available for a response that was navigated away from. Read response.body() before triggering any navigation.
2026-08-26T04:54:21.823Z resource:omit http://www.google-analytics.com/ga.js reason=response.body: Response body is unavailable for redirect responses
2026-08-26T04:54:21.827Z resource:omit http://www.google-analytics.com/__utm.gif?utmwv=5.7.2&utms=8&utmn=202648135&utmhn=edwards.yale.edu&utmcs=UTF-8&utmsr=1280x720&utmvp=1280x720&utmsc=24-bit&utmul=pl&utmje=0&utmfl=-&utmdt=Search%20WJE%20Online%20%7C%20The%20Jonathan%20Edwards%20Center%20at%20Yale%20University&utmhid=1304557839&utmr=-&utmp=%2Farchive%3Fpath%3DaHR0cDovL2Vkd2FyZHMueWFsZS5lZHUvY2dpLWJpbi9uZXdwaGlsby9nZXRvYmplY3QucGw%25252FYy4xODo3LndqZW8%25253D&utmht=1787720061825&utmac=UA-1489454-4&utmcc=__utma%3D258641246.1846410565.1787720007.1787720007.1787720007.1%3B%2B__utmz%3D258641246.1787720007.1.1.utmcsr%3D(direct)%7Cutmccn%3D(direct)%7Cutmcmd%3D(none)%3B&utmjid=&utmu=qAAAAAAAAAAAAAAAAAAAAAAE~ reason=response.body: Response body is unavailable for redirect responses
2026-08-26T04:54:24.001Z scroll:stable height=8191 samples=18
2026-08-26T04:54:25.053Z complete:007.html html=76079 assets=14
2026-08-26T04:54:27.555Z attempt:1/3 008.html
2026-08-26T04:54:27.555Z navigation:start http://edwards.yale.edu/archive?path=aHR0cDovL2Vkd2FyZHMueWFsZS5lZHUvY2dpLWJpbi9uZXdwaGlsby9nZXRvYmplY3QucGw%2FYy4xODo4LndqZW8%3D
2026-08-26T04:54:28.329Z resource:omit http://fonts.gstatic.com/s/playfairdisplay/v40/nuFiD-vYSZviVYUb_rj3ij__anPXDTzYgEM86xQ.woff2 reason=response.body: Protocol error (Network.getResponseBody): No data found for resource with given identifier
Response body is not available for a response that was navigated away from. Read response.body() before triggering any navigation.
2026-08-26T04:54:28.329Z resource:omit http://fonts.gstatic.com/s/playfairdisplay/v40/nuFkD-vYSZviVYUb_rj3ij__anPXDTnogkk7yRZrPA.woff2 reason=response.body: Protocol error (Network.getResponseBody): No data found for resource with given identifier
Response body is not available for a response that was navigated away from. Read response.body() before triggering any navigation.
2026-08-26T04:54:28.329Z resource:omit http://fonts.gstatic.com/s/opensans/v44/memvYaGs126MiZpBA-UvWbX2vVnXBbObj2OVTUGmu0SC55K5gw.woff2 reason=response.body: Protocol error (Network.getResponseBody): No data found for resource with given identifier
Response body is not available for a response that was navigated away from. Read response.body() before triggering any navigation.
2026-08-26T04:54:28.329Z resource:omit http://fonts.gstatic.com/s/opensans/v44/memvYaGs126MiZpBA-UvWbX2vVnXBbObj2OVTS-mu0SC55I.woff2 reason=response.body: Protocol error (Network.getResponseBody): No data found for resource with given identifier
Response body is not available for a response that was navigated away from. Read response.body() before triggering any navigation.
2026-08-26T04:54:29.490Z resource:omit http://www.google-analytics.com/ga.js reason=response.body: Response body is unavailable for redirect responses
2026-08-26T04:54:29.497Z resource:omit http://www.google-analytics.com/__utm.gif?utmwv=5.7.2&utms=9&utmn=8891757&utmhn=edwards.yale.edu&utmcs=UTF-8&utmsr=1280x720&utmvp=1280x720&utmsc=24-bit&utmul=pl&utmje=0&utmfl=-&utmdt=Search%20WJE%20Online%20%7C%20The%20Jonathan%20Edwards%20Center%20at%20Yale%20University&utmhid=916044202&utmr=-&utmp=%2Farchive%3Fpath%3DaHR0cDovL2Vkd2FyZHMueWFsZS5lZHUvY2dpLWJpbi9uZXdwaGlsby9nZXRvYmplY3QucGw%25252FYy4xODo4LndqZW8%25253D&utmht=1787720069494&utmac=UA-1489454-4&utmcc=__utma%3D258641246.1846410565.1787720007.1787720007.1787720007.1%3B%2B__utmz%3D258641246.1787720007.1.1.utmcsr%3D(direct)%7Cutmccn%3D(direct)%7Cutmcmd%3D(none)%3B&utmjid=&utmu=qAAAAAAAAAAAAAAAAAAAAAAE~ reason=response.body: Response body is unavailable for redirect responses
2026-08-26T04:54:32.779Z scroll:stable height=12738 samples=27
2026-08-26T04:54:33.838Z complete:008.html html=101477 assets=14
2026-08-26T04:54:36.340Z attempt:1/3 009.html
2026-08-26T04:54:36.340Z navigation:start http://edwards.yale.edu/archive?path=aHR0cDovL2Vkd2FyZHMueWFsZS5lZHUvY2dpLWJpbi9uZXdwaGlsby9nZXRvYmplY3QucGw%2FYy4xODo5LndqZW8%3D
2026-08-26T04:54:37.132Z resource:omit http://fonts.gstatic.com/s/playfairdisplay/v40/nuFkD-vYSZviVYUb_rj3ij__anPXDTnogkk7yRZrPA.woff2 reason=response.body: Protocol error (Network.getResponseBody): No data found for resource with given identifier
Response body is not available for a response that was navigated away from. Read response.body() before triggering any navigation.
2026-08-26T04:54:37.132Z resource:omit http://fonts.gstatic.com/s/playfairdisplay/v40/nuFiD-vYSZviVYUb_rj3ij__anPXDTzYgEM86xQ.woff2 reason=response.body: Protocol error (Network.getResponseBody): No data found for resource with given identifier
Response body is not available for a response that was navigated away from. Read response.body() before triggering any navigation.
2026-08-26T04:54:37.133Z resource:omit http://fonts.gstatic.com/s/opensans/v44/memvYaGs126MiZpBA-UvWbX2vVnXBbObj2OVTUGmu0SC55K5gw.woff2 reason=response.body: Protocol error (Network.getResponseBody): No data found for resource with given identifier
Response body is not available for a response that was navigated away from. Read response.body() before triggering any navigation.
2026-08-26T04:54:37.133Z resource:omit http://fonts.gstatic.com/s/opensans/v44/memvYaGs126MiZpBA-UvWbX2vVnXBbObj2OVTS-mu0SC55I.woff2 reason=response.body: Protocol error (Network.getResponseBody): No data found for resource with given identifier
Response body is not available for a response that was navigated away from. Read response.body() before triggering any navigation.
2026-08-26T04:54:39.855Z resource:omit http://www.google-analytics.com/ga.js reason=response.body: Response body is unavailable for redirect responses
2026-08-26T04:54:39.859Z resource:omit http://www.google-analytics.com/__utm.gif?utmwv=5.7.2&utms=10&utmn=142002446&utmhn=edwards.yale.edu&utmcs=UTF-8&utmsr=1280x720&utmvp=1280x720&utmsc=24-bit&utmul=pl&utmje=0&utmfl=-&utmdt=Search%20WJE%20Online%20%7C%20The%20Jonathan%20Edwards%20Center%20at%20Yale%20University&utmhid=1894491205&utmr=-&utmp=%2Farchive%3Fpath%3DaHR0cDovL2Vkd2FyZHMueWFsZS5lZHUvY2dpLWJpbi9uZXdwaGlsby9nZXRvYmplY3QucGw%25252FYy4xODo5LndqZW8%25253D&utmht=1787720079857&utmac=UA-1489454-4&utmcc=__utma%3D258641246.1846410565.1787720007.1787720007.1787720007.1%3B%2B__utmz%3D258641246.1787720007.1.1.utmcsr%3D(direct)%7Cutmccn%3D(direct)%7Cutmcmd%3D(none)%3B&utmjid=&utmu=qAAAAAAAAAAAAAAAAAAAAAAE~ reason=response.body: Response body is unavailable for redirect responses
2026-08-26T04:54:51.086Z scroll:stable height=47907 samples=92
2026-08-26T04:54:52.149Z complete:009.html html=353042 assets=14
2026-08-26T04:54:54.651Z attempt:1/3 010.html
2026-08-26T04:54:54.651Z navigation:start http://edwards.yale.edu/archive?path=aHR0cDovL2Vkd2FyZHMueWFsZS5lZHUvY2dpLWJpbi9uZXdwaGlsby9nZXRvYmplY3QucGw%2FYy4xODoxMC53amVv
2026-08-26T04:54:55.341Z resource:omit http://fonts.gstatic.com/s/playfairdisplay/v40/nuFkD-vYSZviVYUb_rj3ij__anPXDTnogkk7yRZrPA.woff2 reason=response.body: Protocol error (Network.getResponseBody): No data found for resource with given identifier
Response body is not available for a response that was navigated away from. Read response.body() before triggering any navigation.
2026-08-26T04:54:55.342Z resource:omit http://fonts.gstatic.com/s/opensans/v44/memvYaGs126MiZpBA-UvWbX2vVnXBbObj2OVTUGmu0SC55K5gw.woff2 reason=response.body: Protocol error (Network.getResponseBody): No data found for resource with given identifier
Response body is not available for a response that was navigated away from. Read response.body() before triggering any navigation.
2026-08-26T04:54:55.342Z resource:omit http://fonts.gstatic.com/s/opensans/v44/memvYaGs126MiZpBA-UvWbX2vVnXBbObj2OVTS-mu0SC55I.woff2 reason=response.body: Protocol error (Network.getResponseBody): No data found for resource with given identifier
Response body is not available for a response that was navigated away from. Read response.body() before triggering any navigation.
2026-08-26T04:54:55.342Z resource:omit http://fonts.gstatic.com/s/playfairdisplay/v40/nuFiD-vYSZviVYUb_rj3ij__anPXDTzYgEM86xQ.woff2 reason=response.body: Protocol error (Network.getResponseBody): No data found for resource with given identifier
Response body is not available for a response that was navigated away from. Read response.body() before triggering any navigation.
2026-08-26T04:54:56.362Z resource:omit http://www.google-analytics.com/ga.js reason=response.body: Response body is unavailable for redirect responses
2026-08-26T04:54:56.368Z resource:omit http://www.google-analytics.com/__utm.gif?utmwv=5.7.2&utms=11&utmn=1463628583&utmhn=edwards.yale.edu&utmcs=UTF-8&utmsr=1280x720&utmvp=1280x720&utmsc=24-bit&utmul=pl&utmje=0&utmfl=-&utmdt=Search%20WJE%20Online%20%7C%20The%20Jonathan%20Edwards%20Center%20at%20Yale%20University&utmhid=1019281865&utmr=-&utmp=%2Farchive%3Fpath%3DaHR0cDovL2Vkd2FyZHMueWFsZS5lZHUvY2dpLWJpbi9uZXdwaGlsby9nZXRvYmplY3QucGw%25252FYy4xODoxMC53amVv&utmht=1787720096365&utmac=UA-1489454-4&utmcc=__utma%3D258641246.1846410565.1787720007.1787720007.1787720007.1%3B%2B__utmz%3D258641246.1787720007.1.1.utmcsr%3D(direct)%7Cutmccn%3D(direct)%7Cutmcmd%3D(none)%3B&utmjid=&utmu=qAAAAAAAAAAAAAAAAAAAAAAE~ reason=response.body: Response body is unavailable for redirect responses
2026-08-26T04:54:59.033Z scroll:stable height=10270 samples=22
2026-08-26T04:55:00.086Z complete:010.html html=84968 assets=14
2026-08-26T04:55:02.588Z attempt:1/3 011.html
2026-08-26T04:55:02.588Z navigation:start http://edwards.yale.edu/archive?path=aHR0cDovL2Vkd2FyZHMueWFsZS5lZHUvY2dpLWJpbi9uZXdwaGlsby9nZXRvYmplY3QucGw%2FYy4xODoxMS53amVv
2026-08-26T04:55:03.376Z resource:omit http://fonts.gstatic.com/s/playfairdisplay/v40/nuFkD-vYSZviVYUb_rj3ij__anPXDTnogkk7yRZrPA.woff2 reason=response.body: Protocol error (Network.getResponseBody): No data found for resource with given identifier
Response body is not available for a response that was navigated away from. Read response.body() before triggering any navigation.
2026-08-26T04:55:03.376Z resource:omit http://fonts.gstatic.com/s/opensans/v44/memvYaGs126MiZpBA-UvWbX2vVnXBbObj2OVTUGmu0SC55K5gw.woff2 reason=response.body: Protocol error (Network.getResponseBody): No data found for resource with given identifier
Response body is not available for a response that was navigated away from. Read response.body() before triggering any navigation.
2026-08-26T04:55:03.376Z resource:omit http://fonts.gstatic.com/s/playfairdisplay/v40/nuFiD-vYSZviVYUb_rj3ij__anPXDTzYgEM86xQ.woff2 reason=response.body: Protocol error (Network.getResponseBody): No data found for resource with given identifier
Response body is not available for a response that was navigated away from. Read response.body() before triggering any navigation.
2026-08-26T04:55:03.376Z resource:omit http://fonts.gstatic.com/s/opensans/v44/memvYaGs126MiZpBA-UvWbX2vVnXBbObj2OVTS-mu0SC55I.woff2 reason=response.body: Protocol error (Network.getResponseBody): No data found for resource with given identifier
Response body is not available for a response that was navigated away from. Read response.body() before triggering any navigation.
2026-08-26T04:55:04.048Z resource:omit http://www.google-analytics.com/ga.js reason=response.body: Response body is unavailable for redirect responses
2026-08-26T04:55:04.052Z resource:omit http://www.google-analytics.com/__utm.gif?utmwv=5.7.2&utms=12&utmn=1372637853&utmhn=edwards.yale.edu&utmcs=UTF-8&utmsr=1280x720&utmvp=1280x720&utmsc=24-bit&utmul=pl&utmje=0&utmfl=-&utmdt=Search%20WJE%20Online%20%7C%20The%20Jonathan%20Edwards%20Center%20at%20Yale%20University&utmhid=587251385&utmr=-&utmp=%2Farchive%3Fpath%3DaHR0cDovL2Vkd2FyZHMueWFsZS5lZHUvY2dpLWJpbi9uZXdwaGlsby9nZXRvYmplY3QucGw%25252FYy4xODoxMS53amVv&utmht=1787720104050&utmac=UA-1489454-4&utmcc=__utma%3D258641246.1846410565.1787720007.1787720007.1787720007.1%3B%2B__utmz%3D258641246.1787720007.1.1.utmcsr%3D(direct)%7Cutmccn%3D(direct)%7Cutmcmd%3D(none)%3B&utmjid=&utmu=qAAAAAAAAAAAAAAAAAAAAAAE~ reason=response.body: Response body is unavailable for redirect responses
2026-08-26T04:55:05.984Z scroll:stable height=7006 samples=16
2026-08-26T04:55:07.033Z complete:011.html html=66130 assets=14
2026-08-26T04:55:09.533Z attempt:1/3 012.html
2026-08-26T04:55:09.534Z navigation:start http://edwards.yale.edu/archive?path=aHR0cDovL2Vkd2FyZHMueWFsZS5lZHUvY2dpLWJpbi9uZXdwaGlsby9nZXRvYmplY3QucGw%2FYy4xODoxMi53amVv
2026-08-26T04:55:10.276Z resource:omit http://fonts.gstatic.com/s/playfairdisplay/v40/nuFkD-vYSZviVYUb_rj3ij__anPXDTnogkk7yRZrPA.woff2 reason=response.body: Protocol error (Network.getResponseBody): No data found for resource with given identifier
Response body is not available for a response that was navigated away from. Read response.body() before triggering any navigation.
2026-08-26T04:55:10.277Z resource:omit http://fonts.gstatic.com/s/opensans/v44/memvYaGs126MiZpBA-UvWbX2vVnXBbObj2OVTUGmu0SC55K5gw.woff2 reason=response.body: Protocol error (Network.getResponseBody): No data found for resource with given identifier
Response body is not available for a response that was navigated away from. Read response.body() before triggering any navigation.
2026-08-26T04:55:10.277Z resource:omit http://fonts.gstatic.com/s/opensans/v44/memvYaGs126MiZpBA-UvWbX2vVnXBbObj2OVTS-mu0SC55I.woff2 reason=response.body: Protocol error (Network.getResponseBody): No data found for resource with given identifier
Response body is not available for a response that was navigated away from. Read response.body() before triggering any navigation.
2026-08-26T04:55:10.276Z resource:omit http://fonts.gstatic.com/s/playfairdisplay/v40/nuFiD-vYSZviVYUb_rj3ij__anPXDTzYgEM86xQ.woff2 reason=response.body: Protocol error (Network.getResponseBody): No data found for resource with given identifier
Response body is not available for a response that was navigated away from. Read response.body() before triggering any navigation.
2026-08-26T04:55:11.831Z resource:omit http://www.google-analytics.com/ga.js reason=response.body: Response body is unavailable for redirect responses
2026-08-26T04:55:11.837Z resource:omit http://www.google-analytics.com/__utm.gif?utmwv=5.7.2&utms=13&utmn=949120295&utmhn=edwards.yale.edu&utmcs=UTF-8&utmsr=1280x720&utmvp=1280x720&utmsc=24-bit&utmul=pl&utmje=0&utmfl=-&utmdt=Search%20WJE%20Online%20%7C%20The%20Jonathan%20Edwards%20Center%20at%20Yale%20University&utmhid=237126471&utmr=-&utmp=%2Farchive%3Fpath%3DaHR0cDovL2Vkd2FyZHMueWFsZS5lZHUvY2dpLWJpbi9uZXdwaGlsby9nZXRvYmplY3QucGw%25252FYy4xODoxMi53amVv&utmht=1787720111835&utmac=UA-1489454-4&utmcc=__utma%3D258641246.1846410565.1787720007.1787720007.1787720007.1%3B%2B__utmz%3D258641246.1787720007.1.1.utmcsr%3D(direct)%7Cutmccn%3D(direct)%7Cutmcmd%3D(none)%3B&utmjid=&utmu=qAAAAAAAAAAAAAAAAAAAAAAE~ reason=response.body: Response body is unavailable for redirect responses
2026-08-26T04:55:15.958Z scroll:stable height=16621 samples=34
2026-08-26T04:55:17.029Z complete:012.html html=135286 assets=14
2026-08-26T04:55:19.531Z attempt:1/3 013.html
2026-08-26T04:55:19.531Z navigation:start http://edwards.yale.edu/archive?path=aHR0cDovL2Vkd2FyZHMueWFsZS5lZHUvY2dpLWJpbi9uZXdwaGlsby9nZXRvYmplY3QucGw%2FYy4xODoxMy53amVv
2026-08-26T04:55:20.951Z resource:omit http://fonts.gstatic.com/s/playfairdisplay/v40/nuFkD-vYSZviVYUb_rj3ij__anPXDTnogkk7yRZrPA.woff2 reason=response.body: Protocol error (Network.getResponseBody): No data found for resource with given identifier
Response body is not available for a response that was navigated away from. Read response.body() before triggering any navigation.
2026-08-26T04:55:20.951Z resource:omit http://fonts.gstatic.com/s/playfairdisplay/v40/nuFiD-vYSZviVYUb_rj3ij__anPXDTzYgEM86xQ.woff2 reason=response.body: Protocol error (Network.getResponseBody): No data found for resource with given identifier
Response body is not available for a response that was navigated away from. Read response.body() before triggering any navigation.
2026-08-26T04:55:20.951Z resource:omit http://fonts.gstatic.com/s/opensans/v44/memvYaGs126MiZpBA-UvWbX2vVnXBbObj2OVTUGmu0SC55K5gw.woff2 reason=response.body: Protocol error (Network.getResponseBody): No data found for resource with given identifier
Response body is not available for a response that was navigated away from. Read response.body() before triggering any navigation.
2026-08-26T04:55:20.951Z resource:omit http://fonts.gstatic.com/s/opensans/v44/memvYaGs126MiZpBA-UvWbX2vVnXBbObj2OVTS-mu0SC55I.woff2 reason=response.body: Protocol error (Network.getResponseBody): No data found for resource with given identifier
Response body is not available for a response that was navigated away from. Read response.body() before triggering any navigation.
2026-08-26T04:55:23.041Z resource:omit http://www.google-analytics.com/ga.js reason=response.body: Response body is unavailable for redirect responses
2026-08-26T04:55:23.051Z resource:omit http://www.google-analytics.com/__utm.gif?utmwv=5.7.2&utms=14&utmn=233989608&utmhn=edwards.yale.edu&utmcs=UTF-8&utmsr=1280x720&utmvp=1280x720&utmsc=24-bit&utmul=pl&utmje=0&utmfl=-&utmdt=Search%20WJE%20Online%20%7C%20The%20Jonathan%20Edwards%20Center%20at%20Yale%20University&utmhid=1793604170&utmr=-&utmp=%2Farchive%3Fpath%3DaHR0cDovL2Vkd2FyZHMueWFsZS5lZHUvY2dpLWJpbi9uZXdwaGlsby9nZXRvYmplY3QucGw%25252FYy4xODoxMy53amVv&utmht=1787720123044&utmac=UA-1489454-4&utmcc=__utma%3D258641246.1846410565.1787720007.1787720007.1787720007.1%3B%2B__utmz%3D258641246.1787720007.1.1.utmcsr%3D(direct)%7Cutmccn%3D(direct)%7Cutmcmd%3D(none)%3B&utmjid=&utmu=qAAAAAAAAAAAAAAAAAAAAAAE~ reason=response.body: Response body is unavailable for redirect responses
2026-08-26T04:55:25.339Z scroll:stable height=8384 samples=19
2026-08-26T04:55:26.405Z complete:013.html html=81142 assets=14
2026-08-26T04:55:28.907Z attempt:1/3 014.html
2026-08-26T04:55:28.907Z navigation:start http://edwards.yale.edu/archive?path=aHR0cDovL2Vkd2FyZHMueWFsZS5lZHUvY2dpLWJpbi9uZXdwaGlsby9nZXRvYmplY3QucGw%2FYy4xODoxNC53amVv
2026-08-26T04:55:29.581Z resource:omit http://fonts.gstatic.com/s/playfairdisplay/v40/nuFkD-vYSZviVYUb_rj3ij__anPXDTnogkk7yRZrPA.woff2 reason=response.body: Protocol error (Network.getResponseBody): No data found for resource with given identifier
Response body is not available for a response that was navigated away from. Read response.body() before triggering any navigation.
2026-08-26T04:55:29.581Z resource:omit http://fonts.gstatic.com/s/playfairdisplay/v40/nuFiD-vYSZviVYUb_rj3ij__anPXDTzYgEM86xQ.woff2 reason=response.body: Protocol error (Network.getResponseBody): No data found for resource with given identifier
Response body is not available for a response that was navigated away from. Read response.body() before triggering any navigation.
2026-08-26T04:55:29.581Z resource:omit http://fonts.gstatic.com/s/opensans/v44/memvYaGs126MiZpBA-UvWbX2vVnXBbObj2OVTUGmu0SC55K5gw.woff2 reason=response.body: Protocol error (Network.getResponseBody): No data found for resource with given identifier
Response body is not available for a response that was navigated away from. Read response.body() before triggering any navigation.
2026-08-26T04:55:29.581Z resource:omit http://fonts.gstatic.com/s/opensans/v44/memvYaGs126MiZpBA-UvWbX2vVnXBbObj2OVTS-mu0SC55I.woff2 reason=response.body: Protocol error (Network.getResponseBody): No data found for resource with given identifier
Response body is not available for a response that was navigated away from. Read response.body() before triggering any navigation.
2026-08-26T04:55:30.703Z resource:omit http://www.google-analytics.com/ga.js reason=response.body: Response body is unavailable for redirect responses
2026-08-26T04:55:30.707Z resource:omit http://www.google-analytics.com/__utm.gif?utmwv=5.7.2&utms=15&utmn=1003465799&utmhn=edwards.yale.edu&utmcs=UTF-8&utmsr=1280x720&utmvp=1280x720&utmsc=24-bit&utmul=pl&utmje=0&utmfl=-&utmdt=Search%20WJE%20Online%20%7C%20The%20Jonathan%20Edwards%20Center%20at%20Yale%20University&utmhid=343661479&utmr=-&utmp=%2Farchive%3Fpath%3DaHR0cDovL2Vkd2FyZHMueWFsZS5lZHUvY2dpLWJpbi9uZXdwaGlsby9nZXRvYmplY3QucGw%25252FYy4xODoxNC53amVv&utmht=1787720130705&utmac=UA-1489454-4&utmcc=__utma%3D258641246.1846410565.1787720007.1787720007.1787720007.1%3B%2B__utmz%3D258641246.1787720007.1.1.utmcsr%3D(direct)%7Cutmccn%3D(direct)%7Cutmcmd%3D(none)%3B&utmjid=&utmu=qAAAAAAAAAAAAAAAAAAAAAAE~ reason=response.body: Response body is unavailable for redirect responses
2026-08-26T04:55:32.940Z scroll:stable height=8739 samples=19
2026-08-26T04:55:33.991Z complete:014.html html=79632 assets=14
2026-08-26T04:55:36.493Z attempt:1/3 015.html
2026-08-26T04:55:36.493Z navigation:start http://edwards.yale.edu/archive?path=aHR0cDovL2Vkd2FyZHMueWFsZS5lZHUvY2dpLWJpbi9uZXdwaGlsby9nZXRvYmplY3QucGw%2FYy4xODoxNS53amVv
2026-08-26T04:55:37.208Z resource:omit http://fonts.gstatic.com/s/playfairdisplay/v40/nuFkD-vYSZviVYUb_rj3ij__anPXDTnogkk7yRZrPA.woff2 reason=response.body: Protocol error (Network.getResponseBody): No data found for resource with given identifier
Response body is not available for a response that was navigated away from. Read response.body() before triggering any navigation.
2026-08-26T04:55:37.209Z resource:omit http://fonts.gstatic.com/s/playfairdisplay/v40/nuFiD-vYSZviVYUb_rj3ij__anPXDTzYgEM86xQ.woff2 reason=response.body: Protocol error (Network.getResponseBody): No data found for resource with given identifier
Response body is not available for a response that was navigated away from. Read response.body() before triggering any navigation.
2026-08-26T04:55:37.209Z resource:omit http://fonts.gstatic.com/s/opensans/v44/memvYaGs126MiZpBA-UvWbX2vVnXBbObj2OVTUGmu0SC55K5gw.woff2 reason=response.body: Protocol error (Network.getResponseBody): No data found for resource with given identifier
Response body is not available for a response that was navigated away from. Read response.body() before triggering any navigation.
2026-08-26T04:55:37.209Z resource:omit http://fonts.gstatic.com/s/opensans/v44/memvYaGs126MiZpBA-UvWbX2vVnXBbObj2OVTS-mu0SC55I.woff2 reason=response.body: Protocol error (Network.getResponseBody): No data found for resource with given identifier
Response body is not available for a response that was navigated away from. Read response.body() before triggering any navigation.
2026-08-26T04:55:38.943Z resource:omit http://www.google-analytics.com/ga.js reason=response.body: Response body is unavailable for redirect responses
2026-08-26T04:55:38.950Z resource:omit http://www.google-analytics.com/__utm.gif?utmwv=5.7.2&utms=16&utmn=512166137&utmhn=edwards.yale.edu&utmcs=UTF-8&utmsr=1280x720&utmvp=1280x720&utmsc=24-bit&utmul=pl&utmje=0&utmfl=-&utmdt=Search%20WJE%20Online%20%7C%20The%20Jonathan%20Edwards%20Center%20at%20Yale%20University&utmhid=260715784&utmr=-&utmp=%2Farchive%3Fpath%3DaHR0cDovL2Vkd2FyZHMueWFsZS5lZHUvY2dpLWJpbi9uZXdwaGlsby9nZXRvYmplY3QucGw%25252FYy4xODoxNS53amVv&utmht=1787720138947&utmac=UA-1489454-4&utmcc=__utma%3D258641246.1846410565.1787720007.1787720007.1787720007.1%3B%2B__utmz%3D258641246.1787720007.1.1.utmcsr%3D(direct)%7Cutmccn%3D(direct)%7Cutmcmd%3D(none)%3B&utmjid=&utmu=qAAAAAAAAAAAAAAAAAAAAAAE~ reason=response.body: Response body is unavailable for redirect responses
2026-08-26T04:55:43.986Z scroll:stable height=20491 samples=41
2026-08-26T04:55:45.046Z complete:015.html html=155458 assets=14
2026-08-26T04:55:47.548Z attempt:1/3 016.html
2026-08-26T04:55:47.548Z navigation:start http://edwards.yale.edu/archive?path=aHR0cDovL2Vkd2FyZHMueWFsZS5lZHUvY2dpLWJpbi9uZXdwaGlsby9nZXRvYmplY3QucGw%2FYy4xODoxNi53amVv
2026-08-26T04:55:48.250Z resource:omit http://fonts.gstatic.com/s/playfairdisplay/v40/nuFkD-vYSZviVYUb_rj3ij__anPXDTnogkk7yRZrPA.woff2 reason=response.body: Protocol error (Network.getResponseBody): No data found for resource with given identifier
Response body is not available for a response that was navigated away from. Read response.body() before triggering any navigation.
2026-08-26T04:55:48.250Z resource:omit http://fonts.gstatic.com/s/playfairdisplay/v40/nuFiD-vYSZviVYUb_rj3ij__anPXDTzYgEM86xQ.woff2 reason=response.body: Protocol error (Network.getResponseBody): No data found for resource with given identifier
Response body is not available for a response that was navigated away from. Read response.body() before triggering any navigation.
2026-08-26T04:55:48.250Z resource:omit http://fonts.gstatic.com/s/opensans/v44/memvYaGs126MiZpBA-UvWbX2vVnXBbObj2OVTS-mu0SC55I.woff2 reason=response.body: Protocol error (Network.getResponseBody): No data found for resource with given identifier
Response body is not available for a response that was navigated away from. Read response.body() before triggering any navigation.
2026-08-26T04:55:48.250Z resource:omit http://fonts.gstatic.com/s/opensans/v44/memvYaGs126MiZpBA-UvWbX2vVnXBbObj2OVTUGmu0SC55K5gw.woff2 reason=response.body: Protocol error (Network.getResponseBody): No data found for resource with given identifier
Response body is not available for a response that was navigated away from. Read response.body() before triggering any navigation.
2026-08-26T04:55:48.965Z resource:omit http://www.google-analytics.com/ga.js reason=response.body: Response body is unavailable for redirect responses
2026-08-26T04:55:48.969Z resource:omit http://www.google-analytics.com/__utm.gif?utmwv=5.7.2&utms=17&utmn=993564082&utmhn=edwards.yale.edu&utmcs=UTF-8&utmsr=1280x720&utmvp=1280x720&utmsc=24-bit&utmul=pl&utmje=0&utmfl=-&utmdt=Search%20WJE%20Online%20%7C%20The%20Jonathan%20Edwards%20Center%20at%20Yale%20University&utmhid=785464567&utmr=-&utmp=%2Farchive%3Fpath%3DaHR0cDovL2Vkd2FyZHMueWFsZS5lZHUvY2dpLWJpbi9uZXdwaGlsby9nZXRvYmplY3QucGw%25252FYy4xODoxNi53amVv&utmht=1787720148964&utmac=UA-1489454-4&utmcc=__utma%3D258641246.1846410565.1787720007.1787720007.1787720007.1%3B%2B__utmz%3D258641246.1787720007.1.1.utmcsr%3D(direct)%7Cutmccn%3D(direct)%7Cutmcmd%3D(none)%3B&utmjid=&utmu=qAAAAAAAAAAAAAAAAAAAAAAE~ reason=response.body: Response body is unavailable for redirect responses
2026-08-26T04:55:51.026Z scroll:stable height=7581 samples=17
2026-08-26T04:55:52.074Z complete:016.html html=73098 assets=14
2026-08-26T04:55:54.576Z attempt:1/3 017.html
2026-08-26T04:55:54.577Z navigation:start http://edwards.yale.edu/archive?path=aHR0cDovL2Vkd2FyZHMueWFsZS5lZHUvY2dpLWJpbi9uZXdwaGlsby9nZXRvYmplY3QucGw%2FYy4xODoxNy53amVv
2026-08-26T04:55:55.243Z resource:omit http://fonts.gstatic.com/s/playfairdisplay/v40/nuFkD-vYSZviVYUb_rj3ij__anPXDTnogkk7yRZrPA.woff2 reason=response.body: Protocol error (Network.getResponseBody): No data found for resource with given identifier
Response body is not available for a response that was navigated away from. Read response.body() before triggering any navigation.
2026-08-26T04:55:55.244Z resource:omit http://fonts.gstatic.com/s/playfairdisplay/v40/nuFiD-vYSZviVYUb_rj3ij__anPXDTzYgEM86xQ.woff2 reason=response.body: Protocol error (Network.getResponseBody): No data found for resource with given identifier
Response body is not available for a response that was navigated away from. Read response.body() before triggering any navigation.
2026-08-26T04:55:55.244Z resource:omit http://fonts.gstatic.com/s/opensans/v44/memvYaGs126MiZpBA-UvWbX2vVnXBbObj2OVTUGmu0SC55K5gw.woff2 reason=response.body: Protocol error (Network.getResponseBody): No data found for resource with given identifier
Response body is not available for a response that was navigated away from. Read response.body() before triggering any navigation.
2026-08-26T04:55:55.244Z resource:omit http://fonts.gstatic.com/s/opensans/v44/memvYaGs126MiZpBA-UvWbX2vVnXBbObj2OVTS-mu0SC55I.woff2 reason=response.body: Protocol error (Network.getResponseBody): No data found for resource with given identifier
Response body is not available for a response that was navigated away from. Read response.body() before triggering any navigation.
2026-08-26T04:55:56.482Z resource:omit http://www.google-analytics.com/ga.js reason=response.body: Response body is unavailable for redirect responses
2026-08-26T04:55:56.488Z resource:omit http://www.google-analytics.com/__utm.gif?utmwv=5.7.2&utms=18&utmn=177270140&utmhn=edwards.yale.edu&utmcs=UTF-8&utmsr=1280x720&utmvp=1280x720&utmsc=24-bit&utmul=pl&utmje=0&utmfl=-&utmdt=Search%20WJE%20Online%20%7C%20The%20Jonathan%20Edwards%20Center%20at%20Yale%20University&utmhid=1892339163&utmr=-&utmp=%2Farchive%3Fpath%3DaHR0cDovL2Vkd2FyZHMueWFsZS5lZHUvY2dpLWJpbi9uZXdwaGlsby9nZXRvYmplY3QucGw%25252FYy4xODoxNy53amVv&utmht=1787720156486&utmac=UA-1489454-4&utmcc=__utma%3D258641246.1846410565.1787720007.1787720007.1787720007.1%3B%2B__utmz%3D258641246.1787720007.1.1.utmcsr%3D(direct)%7Cutmccn%3D(direct)%7Cutmcmd%3D(none)%3B&utmjid=&utmu=qAAAAAAAAAAAAAAAAAAAAAAE~ reason=response.body: Response body is unavailable for redirect responses
2026-08-26T04:56:00.282Z scroll:stable height=15060 samples=31
2026-08-26T04:56:01.333Z complete:017.html html=116753 assets=14
2026-08-26T04:56:03.834Z attempt:1/3 018.html
2026-08-26T04:56:03.835Z navigation:start http://edwards.yale.edu/archive?path=aHR0cDovL2Vkd2FyZHMueWFsZS5lZHUvY2dpLWJpbi9uZXdwaGlsby9nZXRvYmplY3QucGw%2FYy4xODoxOC53amVv
2026-08-26T04:56:04.543Z resource:omit http://fonts.gstatic.com/s/playfairdisplay/v40/nuFkD-vYSZviVYUb_rj3ij__anPXDTnogkk7yRZrPA.woff2 reason=response.body: Protocol error (Network.getResponseBody): No data found for resource with given identifier
Response body is not available for a response that was navigated away from. Read response.body() before triggering any navigation.
2026-08-26T04:56:04.544Z resource:omit http://fonts.gstatic.com/s/opensans/v44/memvYaGs126MiZpBA-UvWbX2vVnXBbObj2OVTUGmu0SC55K5gw.woff2 reason=response.body: Protocol error (Network.getResponseBody): No data found for resource with given identifier
Response body is not available for a response that was navigated away from. Read response.body() before triggering any navigation.
2026-08-26T04:56:04.544Z resource:omit http://fonts.gstatic.com/s/playfairdisplay/v40/nuFiD-vYSZviVYUb_rj3ij__anPXDTzYgEM86xQ.woff2 reason=response.body: Protocol error (Network.getResponseBody): No data found for resource with given identifier
Response body is not available for a response that was navigated away from. Read response.body() before triggering any navigation.
2026-08-26T04:56:04.544Z resource:omit http://fonts.gstatic.com/s/opensans/v44/memvYaGs126MiZpBA-UvWbX2vVnXBbObj2OVTS-mu0SC55I.woff2 reason=response.body: Protocol error (Network.getResponseBody): No data found for resource with given identifier
Response body is not available for a response that was navigated away from. Read response.body() before triggering any navigation.
2026-08-26T04:56:05.536Z resource:omit http://www.google-analytics.com/ga.js reason=response.body: Response body is unavailable for redirect responses
2026-08-26T04:56:05.541Z resource:omit http://www.google-analytics.com/__utm.gif?utmwv=5.7.2&utms=19&utmn=75099517&utmhn=edwards.yale.edu&utmcs=UTF-8&utmsr=1280x720&utmvp=1280x720&utmsc=24-bit&utmul=pl&utmje=0&utmfl=-&utmdt=Search%20WJE%20Online%20%7C%20The%20Jonathan%20Edwards%20Center%20at%20Yale%20University&utmhid=1187183538&utmr=-&utmp=%2Farchive%3Fpath%3DaHR0cDovL2Vkd2FyZHMueWFsZS5lZHUvY2dpLWJpbi9uZXdwaGlsby9nZXRvYmplY3QucGw%25252FYy4xODoxOC53amVv&utmht=1787720165538&utmac=UA-1489454-4&utmcc=__utma%3D258641246.1846410565.1787720007.1787720007.1787720007.1%3B%2B__utmz%3D258641246.1787720007.1.1.utmcsr%3D(direct)%7Cutmccn%3D(direct)%7Cutmcmd%3D(none)%3B&utmjid=&utmu=qAAAAAAAAAAAAAAAAAAAAAAE~ reason=response.body: Response body is unavailable for redirect responses
2026-08-26T04:56:08.089Z scroll:stable height=9835 samples=21
2026-08-26T04:56:09.152Z complete:018.html html=82381 assets=14
2026-08-26T04:56:11.656Z attempt:1/3 019.html
2026-08-26T04:56:11.657Z navigation:start http://edwards.yale.edu/archive?path=aHR0cDovL2Vkd2FyZHMueWFsZS5lZHUvY2dpLWJpbi9uZXdwaGlsby9nZXRvYmplY3QucGw%2FYy4xODoxOS53amVv
2026-08-26T04:56:12.357Z resource:omit http://fonts.gstatic.com/s/playfairdisplay/v40/nuFkD-vYSZviVYUb_rj3ij__anPXDTnogkk7yRZrPA.woff2 reason=response.body: Protocol error (Network.getResponseBody): No data found for resource with given identifier
Response body is not available for a response that was navigated away from. Read response.body() before triggering any navigation.
2026-08-26T04:56:12.357Z resource:omit http://fonts.gstatic.com/s/opensans/v44/memvYaGs126MiZpBA-UvWbX2vVnXBbObj2OVTUGmu0SC55K5gw.woff2 reason=response.body: Protocol error (Network.getResponseBody): No data found for resource with given identifier
Response body is not available for a response that was navigated away from. Read response.body() before triggering any navigation.
2026-08-26T04:56:12.357Z resource:omit http://fonts.gstatic.com/s/playfairdisplay/v40/nuFiD-vYSZviVYUb_rj3ij__anPXDTzYgEM86xQ.woff2 reason=response.body: Protocol error (Network.getResponseBody): No data found for resource with given identifier
Response body is not available for a response that was navigated away from. Read response.body() before triggering any navigation.
2026-08-26T04:56:12.357Z resource:omit http://fonts.gstatic.com/s/opensans/v44/memvYaGs126MiZpBA-UvWbX2vVnXBbObj2OVTS-mu0SC55I.woff2 reason=response.body: Protocol error (Network.getResponseBody): No data found for resource with given identifier
Response body is not available for a response that was navigated away from. Read response.body() before triggering any navigation.
2026-08-26T04:56:13.382Z resource:omit http://www.google-analytics.com/ga.js reason=response.body: Response body is unavailable for redirect responses
2026-08-26T04:56:13.387Z resource:omit http://www.google-analytics.com/__utm.gif?utmwv=5.7.2&utms=20&utmn=2112682961&utmhn=edwards.yale.edu&utmcs=UTF-8&utmsr=1280x720&utmvp=1280x720&utmsc=24-bit&utmul=pl&utmje=0&utmfl=-&utmdt=Search%20WJE%20Online%20%7C%20The%20Jonathan%20Edwards%20Center%20at%20Yale%20University&utmhid=902478021&utmr=-&utmp=%2Farchive%3Fpath%3DaHR0cDovL2Vkd2FyZHMueWFsZS5lZHUvY2dpLWJpbi9uZXdwaGlsby9nZXRvYmplY3QucGw%25252FYy4xODoxOS53amVv&utmht=1787720173384&utmac=UA-1489454-4&utmcc=__utma%3D258641246.1846410565.1787720007.1787720007.1787720007.1%3B%2B__utmz%3D258641246.1787720007.1.1.utmcsr%3D(direct)%7Cutmccn%3D(direct)%7Cutmcmd%3D(none)%3B&utmjid=&utmu=qAAAAAAAAAAAAAAAAAAAAAAE~ reason=response.body: Response body is unavailable for redirect responses
2026-08-26T04:56:15.800Z scroll:stable height=9138 samples=20
2026-08-26T04:56:16.850Z complete:019.html html=82222 assets=14
2026-08-26T04:56:19.351Z attempt:1/3 020.html
2026-08-26T04:56:19.352Z navigation:start http://edwards.yale.edu/archive?path=aHR0cDovL2Vkd2FyZHMueWFsZS5lZHUvY2dpLWJpbi9uZXdwaGlsby9nZXRvYmplY3QucGw%2FYy4xODoyMC53amVv
2026-08-26T04:56:20.166Z resource:omit http://fonts.gstatic.com/s/playfairdisplay/v40/nuFkD-vYSZviVYUb_rj3ij__anPXDTnogkk7yRZrPA.woff2 reason=response.body: Protocol error (Network.getResponseBody): No data found for resource with given identifier
Response body is not available for a response that was navigated away from. Read response.body() before triggering any navigation.
2026-08-26T04:56:20.166Z resource:omit http://fonts.gstatic.com/s/playfairdisplay/v40/nuFiD-vYSZviVYUb_rj3ij__anPXDTzYgEM86xQ.woff2 reason=response.body: Protocol error (Network.getResponseBody): No data found for resource with given identifier
Response body is not available for a response that was navigated away from. Read response.body() before triggering any navigation.
2026-08-26T04:56:20.166Z resource:omit http://fonts.gstatic.com/s/opensans/v44/memvYaGs126MiZpBA-UvWbX2vVnXBbObj2OVTUGmu0SC55K5gw.woff2 reason=response.body: Protocol error (Network.getResponseBody): No data found for resource with given identifier
Response body is not available for a response that was navigated away from. Read response.body() before triggering any navigation.
2026-08-26T04:56:20.166Z resource:omit http://fonts.gstatic.com/s/opensans/v44/memvYaGs126MiZpBA-UvWbX2vVnXBbObj2OVTS-mu0SC55I.woff2 reason=response.body: Protocol error (Network.getResponseBody): No data found for resource with given identifier
Response body is not available for a response that was navigated away from. Read response.body() before triggering any navigation.
2026-08-26T04:56:21.552Z resource:omit http://www.google-analytics.com/ga.js reason=response.body: Response body is unavailable for redirect responses
2026-08-26T04:56:21.560Z resource:omit http://www.google-analytics.com/__utm.gif?utmwv=5.7.2&utms=21&utmn=205123400&utmhn=edwards.yale.edu&utmcs=UTF-8&utmsr=1280x720&utmvp=1280x720&utmsc=24-bit&utmul=pl&utmje=0&utmfl=-&utmdt=Search%20WJE%20Online%20%7C%20The%20Jonathan%20Edwards%20Center%20at%20Yale%20University&utmhid=1326458001&utmr=-&utmp=%2Farchive%3Fpath%3DaHR0cDovL2Vkd2FyZHMueWFsZS5lZHUvY2dpLWJpbi9uZXdwaGlsby9nZXRvYmplY3QucGw%25252FYy4xODoyMC53amVv&utmht=1787720181556&utmac=UA-1489454-4&utmcc=__utma%3D258641246.1846410565.1787720007.1787720007.1787720007.1%3B%2B__utmz%3D258641246.1787720007.1.1.utmcsr%3D(direct)%7Cutmccn%3D(direct)%7Cutmcmd%3D(none)%3B&utmjid=&utmu=qAAAAAAAAAAAAAAAAAAAAAAE~ reason=response.body: Response body is unavailable for redirect responses
2026-08-26T04:56:24.661Z scroll:stable height=12410 samples=26
2026-08-26T04:56:25.716Z complete:020.html html=109446 assets=14
2026-08-26T04:56:28.218Z attempt:1/3 021.html
2026-08-26T04:56:28.218Z navigation:start http://edwards.yale.edu/archive?path=aHR0cDovL2Vkd2FyZHMueWFsZS5lZHUvY2dpLWJpbi9uZXdwaGlsby9nZXRvYmplY3QucGw%2FYy4xODoyMS53amVv
2026-08-26T04:56:28.760Z resource:omit http://fonts.gstatic.com/s/playfairdisplay/v40/nuFkD-vYSZviVYUb_rj3ij__anPXDTnogkk7yRZrPA.woff2 reason=response.body: Protocol error (Network.getResponseBody): No data found for resource with given identifier
Response body is not available for a response that was navigated away from. Read response.body() before triggering any navigation.
2026-08-26T04:56:28.760Z resource:omit http://fonts.gstatic.com/s/playfairdisplay/v40/nuFiD-vYSZviVYUb_rj3ij__anPXDTzYgEM86xQ.woff2 reason=response.body: Protocol error (Network.getResponseBody): No data found for resource with given identifier
Response body is not available for a response that was navigated away from. Read response.body() before triggering any navigation.
2026-08-26T04:56:28.760Z resource:omit http://fonts.gstatic.com/s/opensans/v44/memvYaGs126MiZpBA-UvWbX2vVnXBbObj2OVTS-mu0SC55I.woff2 reason=response.body: Protocol error (Network.getResponseBody): No data found for resource with given identifier
Response body is not available for a response that was navigated away from. Read response.body() before triggering any navigation.
2026-08-26T04:56:28.760Z resource:omit http://fonts.gstatic.com/s/opensans/v44/memvYaGs126MiZpBA-UvWbX2vVnXBbObj2OVTUGmu0SC55K5gw.woff2 reason=response.body: Protocol error (Network.getResponseBody): No data found for resource with given identifier
Response body is not available for a response that was navigated away from. Read response.body() before triggering any navigation.
2026-08-26T04:56:29.484Z resource:omit http://www.google-analytics.com/ga.js reason=response.body: Response body is unavailable for redirect responses
2026-08-26T04:56:29.492Z resource:omit http://www.google-analytics.com/__utm.gif?utmwv=5.7.2&utms=22&utmn=522699385&utmhn=edwards.yale.edu&utmcs=UTF-8&utmsr=1280x720&utmvp=1280x720&utmsc=24-bit&utmul=pl&utmje=0&utmfl=-&utmdt=Search%20WJE%20Online%20%7C%20The%20Jonathan%20Edwards%20Center%20at%20Yale%20University&utmhid=2064628931&utmr=-&utmp=%2Farchive%3Fpath%3DaHR0cDovL2Vkd2FyZHMueWFsZS5lZHUvY2dpLWJpbi9uZXdwaGlsby9nZXRvYmplY3QucGw%25252FYy4xODoyMS53amVv&utmht=1787720189489&utmac=UA-1489454-4&utmcc=__utma%3D258641246.1846410565.1787720007.1787720007.1787720007.1%3B%2B__utmz%3D258641246.1787720007.1.1.utmcsr%3D(direct)%7Cutmccn%3D(direct)%7Cutmcmd%3D(none)%3B&utmjid=&utmu=qAAAAAAAAAAAAAAAAAAAAAAE~ reason=response.body: Response body is unavailable for redirect responses
2026-08-26T04:56:32.095Z scroll:stable height=10036 samples=22
2026-08-26T04:56:33.149Z complete:021.html html=90059 assets=14
2026-08-26T04:56:35.656Z attempt:1/3 022.html
2026-08-26T04:56:35.660Z navigation:start http://edwards.yale.edu/archive?path=aHR0cDovL2Vkd2FyZHMueWFsZS5lZHUvY2dpLWJpbi9uZXdwaGlsby9nZXRvYmplY3QucGw%2FYy4xODoyMi53amVv
2026-08-26T04:56:36.257Z resource:omit http://fonts.gstatic.com/s/playfairdisplay/v40/nuFkD-vYSZviVYUb_rj3ij__anPXDTnogkk7yRZrPA.woff2 reason=response.body: Protocol error (Network.getResponseBody): No data found for resource with given identifier
Response body is not available for a response that was navigated away from. Read response.body() before triggering any navigation.
2026-08-26T04:56:36.259Z resource:omit http://fonts.gstatic.com/s/playfairdisplay/v40/nuFiD-vYSZviVYUb_rj3ij__anPXDTzYgEM86xQ.woff2 reason=response.body: Protocol error (Network.getResponseBody): No data found for resource with given identifier
Response body is not available for a response that was navigated away from. Read response.body() before triggering any navigation.
2026-08-26T04:56:36.259Z resource:omit http://fonts.gstatic.com/s/opensans/v44/memvYaGs126MiZpBA-UvWbX2vVnXBbObj2OVTS-mu0SC55I.woff2 reason=response.body: Protocol error (Network.getResponseBody): No data found for resource with given identifier
Response body is not available for a response that was navigated away from. Read response.body() before triggering any navigation.
2026-08-26T04:56:36.259Z resource:omit http://fonts.gstatic.com/s/opensans/v44/memvYaGs126MiZpBA-UvWbX2vVnXBbObj2OVTUGmu0SC55K5gw.woff2 reason=response.body: Protocol error (Network.getResponseBody): No data found for resource with given identifier
Response body is not available for a response that was navigated away from. Read response.body() before triggering any navigation.
2026-08-26T04:56:37.121Z resource:omit http://www.google-analytics.com/ga.js reason=response.body: Response body is unavailable for redirect responses
2026-08-26T04:56:37.126Z resource:omit http://www.google-analytics.com/__utm.gif?utmwv=5.7.2&utms=23&utmn=835194201&utmhn=edwards.yale.edu&utmcs=UTF-8&utmsr=1280x720&utmvp=1280x720&utmsc=24-bit&utmul=pl&utmje=0&utmfl=-&utmdt=Search%20WJE%20Online%20%7C%20The%20Jonathan%20Edwards%20Center%20at%20Yale%20University&utmhid=1936909512&utmr=-&utmp=%2Farchive%3Fpath%3DaHR0cDovL2Vkd2FyZHMueWFsZS5lZHUvY2dpLWJpbi9uZXdwaGlsby9nZXRvYmplY3QucGw%25252FYy4xODoyMi53amVv&utmht=1787720197124&utmac=UA-1489454-4&utmcc=__utma%3D258641246.1846410565.1787720007.1787720007.1787720007.1%3B%2B__utmz%3D258641246.1787720007.1.1.utmcsr%3D(direct)%7Cutmccn%3D(direct)%7Cutmcmd%3D(none)%3B&utmjid=&utmu=qAAAAAAAAAAAAAAAAAAAAAAE~ reason=response.body: Response body is unavailable for redirect responses
2026-08-26T04:56:40.209Z scroll:stable height=12472 samples=26
2026-08-26T04:56:41.272Z complete:022.html html=105125 assets=14
2026-08-26T04:56:43.774Z attempt:1/3 023.html
2026-08-26T04:56:43.775Z navigation:start http://edwards.yale.edu/archive?path=aHR0cDovL2Vkd2FyZHMueWFsZS5lZHUvY2dpLWJpbi9uZXdwaGlsby9nZXRvYmplY3QucGw%2FYy4xODoyMy53amVv
2026-08-26T04:56:44.326Z resource:omit http://fonts.gstatic.com/s/playfairdisplay/v40/nuFkD-vYSZviVYUb_rj3ij__anPXDTnogkk7yRZrPA.woff2 reason=response.body: Protocol error (Network.getResponseBody): No data found for resource with given identifier
Response body is not available for a response that was navigated away from. Read response.body() before triggering any navigation.
2026-08-26T04:56:44.327Z resource:omit http://fonts.gstatic.com/s/playfairdisplay/v40/nuFiD-vYSZviVYUb_rj3ij__anPXDTzYgEM86xQ.woff2 reason=response.body: Protocol error (Network.getResponseBody): No data found for resource with given identifier
Response body is not available for a response that was navigated away from. Read response.body() before triggering any navigation.
2026-08-26T04:56:44.327Z resource:omit http://fonts.gstatic.com/s/opensans/v44/memvYaGs126MiZpBA-UvWbX2vVnXBbObj2OVTS-mu0SC55I.woff2 reason=response.body: Protocol error (Network.getResponseBody): No data found for resource with given identifier
Response body is not available for a response that was navigated away from. Read response.body() before triggering any navigation.
2026-08-26T04:56:44.327Z resource:omit http://fonts.gstatic.com/s/opensans/v44/memvYaGs126MiZpBA-UvWbX2vVnXBbObj2OVTUGmu0SC55K5gw.woff2 reason=response.body: Protocol error (Network.getResponseBody): No data found for resource with given identifier
Response body is not available for a response that was navigated away from. Read response.body() before triggering any navigation.
2026-08-26T04:56:45.385Z resource:omit http://www.google-analytics.com/ga.js reason=response.body: Response body is unavailable for redirect responses
2026-08-26T04:56:45.391Z resource:omit http://www.google-analytics.com/__utm.gif?utmwv=5.7.2&utms=24&utmn=1820038634&utmhn=edwards.yale.edu&utmcs=UTF-8&utmsr=1280x720&utmvp=1280x720&utmsc=24-bit&utmul=pl&utmje=0&utmfl=-&utmdt=Search%20WJE%20Online%20%7C%20The%20Jonathan%20Edwards%20Center%20at%20Yale%20University&utmhid=40308051&utmr=-&utmp=%2Farchive%3Fpath%3DaHR0cDovL2Vkd2FyZHMueWFsZS5lZHUvY2dpLWJpbi9uZXdwaGlsby9nZXRvYmplY3QucGw%25252FYy4xODoyMy53amVv&utmht=1787720205389&utmac=UA-1489454-4&utmcc=__utma%3D258641246.1846410565.1787720007.1787720007.1787720007.1%3B%2B__utmz%3D258641246.1787720007.1.1.utmcsr%3D(direct)%7Cutmccn%3D(direct)%7Cutmcmd%3D(none)%3B&utmjid=&utmu=qAAAAAAAAAAAAAAAAAAAAAAE~ reason=response.body: Response body is unavailable for redirect responses
2026-08-26T04:56:48.351Z scroll:stable height=11731 samples=25
2026-08-26T04:56:49.399Z complete:023.html html=96491 assets=14
2026-08-26T04:56:51.901Z attempt:1/3 024.html
2026-08-26T04:56:51.901Z navigation:start http://edwards.yale.edu/archive?path=aHR0cDovL2Vkd2FyZHMueWFsZS5lZHUvY2dpLWJpbi9uZXdwaGlsby9nZXRvYmplY3QucGw%2FYy4xODoyNC53amVv
2026-08-26T04:56:52.501Z resource:omit http://fonts.gstatic.com/s/playfairdisplay/v40/nuFkD-vYSZviVYUb_rj3ij__anPXDTnogkk7yRZrPA.woff2 reason=response.body: Protocol error (Network.getResponseBody): No data found for resource with given identifier
Response body is not available for a response that was navigated away from. Read response.body() before triggering any navigation.
2026-08-26T04:56:52.501Z resource:omit http://fonts.gstatic.com/s/playfairdisplay/v40/nuFiD-vYSZviVYUb_rj3ij__anPXDTzYgEM86xQ.woff2 reason=response.body: Protocol error (Network.getResponseBody): No data found for resource with given identifier
Response body is not available for a response that was navigated away from. Read response.body() before triggering any navigation.
2026-08-26T04:56:52.501Z resource:omit http://fonts.gstatic.com/s/opensans/v44/memvYaGs126MiZpBA-UvWbX2vVnXBbObj2OVTUGmu0SC55K5gw.woff2 reason=response.body: Protocol error (Network.getResponseBody): No data found for resource with given identifier
Response body is not available for a response that was navigated away from. Read response.body() before triggering any navigation.
2026-08-26T04:56:52.501Z resource:omit http://fonts.gstatic.com/s/opensans/v44/memvYaGs126MiZpBA-UvWbX2vVnXBbObj2OVTS-mu0SC55I.woff2 reason=response.body: Protocol error (Network.getResponseBody): No data found for resource with given identifier
Response body is not available for a response that was navigated away from. Read response.body() before triggering any navigation.
2026-08-26T04:56:53.360Z resource:omit http://www.google-analytics.com/ga.js reason=response.body: Response body is unavailable for redirect responses
2026-08-26T04:56:53.367Z resource:omit http://www.google-analytics.com/__utm.gif?utmwv=5.7.2&utms=25&utmn=803532032&utmhn=edwards.yale.edu&utmcs=UTF-8&utmsr=1280x720&utmvp=1280x720&utmsc=24-bit&utmul=pl&utmje=0&utmfl=-&utmdt=Search%20WJE%20Online%20%7C%20The%20Jonathan%20Edwards%20Center%20at%20Yale%20University&utmhid=874378247&utmr=-&utmp=%2Farchive%3Fpath%3DaHR0cDovL2Vkd2FyZHMueWFsZS5lZHUvY2dpLWJpbi9uZXdwaGlsby9nZXRvYmplY3QucGw%25252FYy4xODoyNC53amVv&utmht=1787720213365&utmac=UA-1489454-4&utmcc=__utma%3D258641246.1846410565.1787720007.1787720007.1787720007.1%3B%2B__utmz%3D258641246.1787720007.1.1.utmcsr%3D(direct)%7Cutmccn%3D(direct)%7Cutmcmd%3D(none)%3B&utmjid=&utmu=qAAAAAAAAAAAAAAAAAAAAAAE~ reason=response.body: Response body is unavailable for redirect responses
2026-08-26T04:56:56.451Z scroll:stable height=12546 samples=26
2026-08-26T04:56:57.507Z complete:024.html html=99424 assets=14
2026-08-26T04:57:00.009Z attempt:1/3 025.html
2026-08-26T04:57:00.009Z navigation:start http://edwards.yale.edu/archive?path=aHR0cDovL2Vkd2FyZHMueWFsZS5lZHUvY2dpLWJpbi9uZXdwaGlsby9nZXRvYmplY3QucGw%2FYy4xODoyNS53amVv
2026-08-26T04:57:00.576Z resource:omit http://fonts.gstatic.com/s/playfairdisplay/v40/nuFkD-vYSZviVYUb_rj3ij__anPXDTnogkk7yRZrPA.woff2 reason=response.body: Protocol error (Network.getResponseBody): No data found for resource with given identifier
Response body is not available for a response that was navigated away from. Read response.body() before triggering any navigation.
2026-08-26T04:57:00.576Z resource:omit http://fonts.gstatic.com/s/opensans/v44/memvYaGs126MiZpBA-UvWbX2vVnXBbObj2OVTUGmu0SC55K5gw.woff2 reason=response.body: Protocol error (Network.getResponseBody): No data found for resource with given identifier
Response body is not available for a response that was navigated away from. Read response.body() before triggering any navigation.
2026-08-26T04:57:00.576Z resource:omit http://fonts.gstatic.com/s/playfairdisplay/v40/nuFiD-vYSZviVYUb_rj3ij__anPXDTzYgEM86xQ.woff2 reason=response.body: Protocol error (Network.getResponseBody): No data found for resource with given identifier
Response body is not available for a response that was navigated away from. Read response.body() before triggering any navigation.
2026-08-26T04:57:00.576Z resource:omit http://fonts.gstatic.com/s/opensans/v44/memvYaGs126MiZpBA-UvWbX2vVnXBbObj2OVTS-mu0SC55I.woff2 reason=response.body: Protocol error (Network.getResponseBody): No data found for resource with given identifier
Response body is not available for a response that was navigated away from. Read response.body() before triggering any navigation.
2026-08-26T04:57:01.450Z resource:omit http://www.google-analytics.com/ga.js reason=response.body: Response body is unavailable for redirect responses
2026-08-26T04:57:01.458Z resource:omit http://www.google-analytics.com/__utm.gif?utmwv=5.7.2&utms=26&utmn=1753964752&utmhn=edwards.yale.edu&utmcs=UTF-8&utmsr=1280x720&utmvp=1280x720&utmsc=24-bit&utmul=pl&utmje=0&utmfl=-&utmdt=Search%20WJE%20Online%20%7C%20The%20Jonathan%20Edwards%20Center%20at%20Yale%20University&utmhid=1231133335&utmr=-&utmp=%2Farchive%3Fpath%3DaHR0cDovL2Vkd2FyZHMueWFsZS5lZHUvY2dpLWJpbi9uZXdwaGlsby9nZXRvYmplY3QucGw%25252FYy4xODoyNS53amVv&utmht=1787720221455&utmac=UA-1489454-4&utmcc=__utma%3D258641246.1846410565.1787720007.1787720007.1787720007.1%3B%2B__utmz%3D258641246.1787720007.1.1.utmcsr%3D(direct)%7Cutmccn%3D(direct)%7Cutmcmd%3D(none)%3B&utmjid=&utmu=qAAAAAAAAAAAAAAAAAAAAAAE~ reason=response.body: Response body is unavailable for redirect responses
2026-08-26T04:57:05.646Z scroll:stable height=17432 samples=35
2026-08-26T04:57:06.707Z complete:025.html html=142732 assets=14
2026-08-26T04:57:09.208Z attempt:1/3 026.html
2026-08-26T04:57:09.209Z navigation:start http://edwards.yale.edu/archive?path=aHR0cDovL2Vkd2FyZHMueWFsZS5lZHUvY2dpLWJpbi9uZXdwaGlsby9nZXRvYmplY3QucGw%2FYy4xODoyNi53amVv
2026-08-26T04:57:09.817Z resource:omit http://fonts.gstatic.com/s/playfairdisplay/v40/nuFkD-vYSZviVYUb_rj3ij__anPXDTnogkk7yRZrPA.woff2 reason=response.body: Protocol error (Network.getResponseBody): No data found for resource with given identifier
Response body is not available for a response that was navigated away from. Read response.body() before triggering any navigation.
2026-08-26T04:57:09.817Z resource:omit http://fonts.gstatic.com/s/playfairdisplay/v40/nuFiD-vYSZviVYUb_rj3ij__anPXDTzYgEM86xQ.woff2 reason=response.body: Protocol error (Network.getResponseBody): No data found for resource with given identifier
Response body is not available for a response that was navigated away from. Read response.body() before triggering any navigation.
2026-08-26T04:57:09.817Z resource:omit http://fonts.gstatic.com/s/opensans/v44/memvYaGs126MiZpBA-UvWbX2vVnXBbObj2OVTUGmu0SC55K5gw.woff2 reason=response.body: Protocol error (Network.getResponseBody): No data found for resource with given identifier
Response body is not available for a response that was navigated away from. Read response.body() before triggering any navigation.
2026-08-26T04:57:09.817Z resource:omit http://fonts.gstatic.com/s/opensans/v44/memvYaGs126MiZpBA-UvWbX2vVnXBbObj2OVTS-mu0SC55I.woff2 reason=response.body: Protocol error (Network.getResponseBody): No data found for resource with given identifier
Response body is not available for a response that was navigated away from. Read response.body() before triggering any navigation.
2026-08-26T04:57:10.505Z resource:omit http://www.google-analytics.com/ga.js reason=response.body: Response body is unavailable for redirect responses
2026-08-26T04:57:10.510Z resource:omit http://www.google-analytics.com/__utm.gif?utmwv=5.7.2&utms=27&utmn=762262115&utmhn=edwards.yale.edu&utmcs=UTF-8&utmsr=1280x720&utmvp=1280x720&utmsc=24-bit&utmul=pl&utmje=0&utmfl=-&utmdt=Search%20WJE%20Online%20%7C%20The%20Jonathan%20Edwards%20Center%20at%20Yale%20University&utmhid=1548888184&utmr=-&utmp=%2Farchive%3Fpath%3DaHR0cDovL2Vkd2FyZHMueWFsZS5lZHUvY2dpLWJpbi9uZXdwaGlsby9nZXRvYmplY3QucGw%25252FYy4xODoyNi53amVv&utmht=1787720230508&utmac=UA-1489454-4&utmcc=__utma%3D258641246.1846410565.1787720007.1787720007.1787720007.1%3B%2B__utmz%3D258641246.1787720007.1.1.utmcsr%3D(direct)%7Cutmccn%3D(direct)%7Cutmcmd%3D(none)%3B&utmjid=&utmu=qAAAAAAAAAAAAAAAAAAAAAAE~ reason=response.body: Response body is unavailable for redirect responses
2026-08-26T04:57:12.620Z scroll:stable height=7868 samples=18
2026-08-26T04:57:13.676Z complete:026.html html=80374 assets=14
2026-08-26T04:57:16.178Z attempt:1/3 027.html
2026-08-26T04:57:16.178Z navigation:start http://edwards.yale.edu/archive?path=aHR0cDovL2Vkd2FyZHMueWFsZS5lZHUvY2dpLWJpbi9uZXdwaGlsby9nZXRvYmplY3QucGw%2FYy4xODoyNy53amVv
2026-08-26T04:57:16.744Z resource:omit http://fonts.gstatic.com/s/playfairdisplay/v40/nuFkD-vYSZviVYUb_rj3ij__anPXDTnogkk7yRZrPA.woff2 reason=response.body: Protocol error (Network.getResponseBody): No data found for resource with given identifier
Response body is not available for a response that was navigated away from. Read response.body() before triggering any navigation.
2026-08-26T04:57:16.744Z resource:omit http://fonts.gstatic.com/s/playfairdisplay/v40/nuFiD-vYSZviVYUb_rj3ij__anPXDTzYgEM86xQ.woff2 reason=response.body: Protocol error (Network.getResponseBody): No data found for resource with given identifier
Response body is not available for a response that was navigated away from. Read response.body() before triggering any navigation.
2026-08-26T04:57:16.744Z resource:omit http://fonts.gstatic.com/s/opensans/v44/memvYaGs126MiZpBA-UvWbX2vVnXBbObj2OVTUGmu0SC55K5gw.woff2 reason=response.body: Protocol error (Network.getResponseBody): No data found for resource with given identifier
Response body is not available for a response that was navigated away from. Read response.body() before triggering any navigation.
2026-08-26T04:57:16.744Z resource:omit http://fonts.gstatic.com/s/opensans/v44/memvYaGs126MiZpBA-UvWbX2vVnXBbObj2OVTS-mu0SC55I.woff2 reason=response.body: Protocol error (Network.getResponseBody): No data found for resource with given identifier
Response body is not available for a response that was navigated away from. Read response.body() before triggering any navigation.
2026-08-26T04:57:17.532Z resource:omit http://www.google-analytics.com/ga.js reason=response.body: Response body is unavailable for redirect responses
2026-08-26T04:57:17.540Z resource:omit http://www.google-analytics.com/__utm.gif?utmwv=5.7.2&utms=28&utmn=236683481&utmhn=edwards.yale.edu&utmcs=UTF-8&utmsr=1280x720&utmvp=1280x720&utmsc=24-bit&utmul=pl&utmje=0&utmfl=-&utmdt=Search%20WJE%20Online%20%7C%20The%20Jonathan%20Edwards%20Center%20at%20Yale%20University&utmhid=899869472&utmr=-&utmp=%2Farchive%3Fpath%3DaHR0cDovL2Vkd2FyZHMueWFsZS5lZHUvY2dpLWJpbi9uZXdwaGlsby9nZXRvYmplY3QucGw%25252FYy4xODoyNy53amVv&utmht=1787720237536&utmac=UA-1489454-4&utmcc=__utma%3D258641246.1846410565.1787720007.1787720007.1787720007.1%3B%2B__utmz%3D258641246.1787720007.1.1.utmcsr%3D(direct)%7Cutmccn%3D(direct)%7Cutmcmd%3D(none)%3B&utmjid=&utmu=qAAAAAAAAAAAAAAAAAAAAAAE~ reason=response.body: Response body is unavailable for redirect responses
2026-08-26T04:57:20.221Z scroll:stable height=10299 samples=22
2026-08-26T04:57:21.276Z complete:027.html html=92612 assets=14
2026-08-26T04:57:23.779Z attempt:1/3 028.html
2026-08-26T04:57:23.780Z navigation:start http://edwards.yale.edu/archive?path=aHR0cDovL2Vkd2FyZHMueWFsZS5lZHUvY2dpLWJpbi9uZXdwaGlsby9nZXRvYmplY3QucGw%2FYy4xODoyOC53amVv
2026-08-26T04:57:24.335Z resource:omit http://fonts.gstatic.com/s/playfairdisplay/v40/nuFkD-vYSZviVYUb_rj3ij__anPXDTnogkk7yRZrPA.woff2 reason=response.body: Protocol error (Network.getResponseBody): No data found for resource with given identifier
Response body is not available for a response that was navigated away from. Read response.body() before triggering any navigation.
2026-08-26T04:57:24.335Z resource:omit http://fonts.gstatic.com/s/playfairdisplay/v40/nuFiD-vYSZviVYUb_rj3ij__anPXDTzYgEM86xQ.woff2 reason=response.body: Protocol error (Network.getResponseBody): No data found for resource with given identifier
Response body is not available for a response that was navigated away from. Read response.body() before triggering any navigation.
2026-08-26T04:57:24.335Z resource:omit http://fonts.gstatic.com/s/opensans/v44/memvYaGs126MiZpBA-UvWbX2vVnXBbObj2OVTUGmu0SC55K5gw.woff2 reason=response.body: Protocol error (Network.getResponseBody): No data found for resource with given identifier
Response body is not available for a response that was navigated away from. Read response.body() before triggering any navigation.
2026-08-26T04:57:24.335Z resource:omit http://fonts.gstatic.com/s/opensans/v44/memvYaGs126MiZpBA-UvWbX2vVnXBbObj2OVTS-mu0SC55I.woff2 reason=response.body: Protocol error (Network.getResponseBody): No data found for resource with given identifier
Response body is not available for a response that was navigated away from. Read response.body() before triggering any navigation.
2026-08-26T04:57:25.250Z resource:omit http://www.google-analytics.com/ga.js reason=response.body: Response body is unavailable for redirect responses
2026-08-26T04:57:25.256Z resource:omit http://www.google-analytics.com/__utm.gif?utmwv=5.7.2&utms=29&utmn=520404182&utmhn=edwards.yale.edu&utmcs=UTF-8&utmsr=1280x720&utmvp=1280x720&utmsc=24-bit&utmul=pl&utmje=0&utmfl=-&utmdt=Search%20WJE%20Online%20%7C%20The%20Jonathan%20Edwards%20Center%20at%20Yale%20University&utmhid=813036075&utmr=-&utmp=%2Farchive%3Fpath%3DaHR0cDovL2Vkd2FyZHMueWFsZS5lZHUvY2dpLWJpbi9uZXdwaGlsby9nZXRvYmplY3QucGw%25252FYy4xODoyOC53amVv&utmht=1787720245253&utmac=UA-1489454-4&utmcc=__utma%3D258641246.1846410565.1787720007.1787720007.1787720007.1%3B%2B__utmz%3D258641246.1787720007.1.1.utmcsr%3D(direct)%7Cutmccn%3D(direct)%7Cutmcmd%3D(none)%3B&utmjid=&utmu=qAAAAAAAAAAAAAAAAAAAAAAE~ reason=response.body: Response body is unavailable for redirect responses
2026-08-26T04:57:28.836Z scroll:stable height=14478 samples=30
2026-08-26T04:57:29.891Z complete:028.html html=116543 assets=14
2026-08-26T04:57:32.392Z attempt:1/3 029.html
2026-08-26T04:57:32.392Z navigation:start http://edwards.yale.edu/archive?path=aHR0cDovL2Vkd2FyZHMueWFsZS5lZHUvY2dpLWJpbi9uZXdwaGlsby9nZXRvYmplY3QucGw%2FYy4xODoyOS53amVv
2026-08-26T04:57:32.956Z resource:omit http://fonts.gstatic.com/s/playfairdisplay/v40/nuFiD-vYSZviVYUb_rj3ij__anPXDTzYgEM86xQ.woff2 reason=response.body: Protocol error (Network.getResponseBody): No data found for resource with given identifier
Response body is not available for a response that was navigated away from. Read response.body() before triggering any navigation.
2026-08-26T04:57:32.956Z resource:omit http://fonts.gstatic.com/s/playfairdisplay/v40/nuFkD-vYSZviVYUb_rj3ij__anPXDTnogkk7yRZrPA.woff2 reason=response.body: Protocol error (Network.getResponseBody): No data found for resource with given identifier
Response body is not available for a response that was navigated away from. Read response.body() before triggering any navigation.
2026-08-26T04:57:32.957Z resource:omit http://fonts.gstatic.com/s/opensans/v44/memvYaGs126MiZpBA-UvWbX2vVnXBbObj2OVTUGmu0SC55K5gw.woff2 reason=response.body: Protocol error (Network.getResponseBody): No data found for resource with given identifier
Response body is not available for a response that was navigated away from. Read response.body() before triggering any navigation.
2026-08-26T04:57:32.957Z resource:omit http://fonts.gstatic.com/s/opensans/v44/memvYaGs126MiZpBA-UvWbX2vVnXBbObj2OVTS-mu0SC55I.woff2 reason=response.body: Protocol error (Network.getResponseBody): No data found for resource with given identifier
Response body is not available for a response that was navigated away from. Read response.body() before triggering any navigation.
2026-08-26T04:57:34.157Z resource:omit http://www.google-analytics.com/ga.js reason=response.body: Response body is unavailable for redirect responses
2026-08-26T04:57:34.162Z resource:omit http://www.google-analytics.com/__utm.gif?utmwv=5.7.2&utms=30&utmn=15022194&utmhn=edwards.yale.edu&utmcs=UTF-8&utmsr=1280x720&utmvp=1280x720&utmsc=24-bit&utmul=pl&utmje=0&utmfl=-&utmdt=Search%20WJE%20Online%20%7C%20The%20Jonathan%20Edwards%20Center%20at%20Yale%20University&utmhid=1139523462&utmr=-&utmp=%2Farchive%3Fpath%3DaHR0cDovL2Vkd2FyZHMueWFsZS5lZHUvY2dpLWJpbi9uZXdwaGlsby9nZXRvYmplY3QucGw%25252FYy4xODoyOS53amVv&utmht=1787720254160&utmac=UA-1489454-4&utmcc=__utma%3D258641246.1846410565.1787720007.1787720007.1787720007.1%3B%2B__utmz%3D258641246.1787720007.1.1.utmcsr%3D(direct)%7Cutmccn%3D(direct)%7Cutmcmd%3D(none)%3B&utmjid=&utmu=qAAAAAAAAAAAAAAAAAAAAAAE~ reason=response.body: Response body is unavailable for redirect responses
2026-08-26T04:57:37.370Z scroll:stable height=12974 samples=27
2026-08-26T04:57:38.427Z complete:029.html html=108318 assets=14
2026-08-26T04:57:40.930Z attempt:1/3 030.html
2026-08-26T04:57:40.930Z navigation:start http://edwards.yale.edu/archive?path=aHR0cDovL2Vkd2FyZHMueWFsZS5lZHUvY2dpLWJpbi9uZXdwaGlsby9nZXRvYmplY3QucGw%2FYy4xODozMC53amVv
2026-08-26T04:57:41.490Z resource:omit http://fonts.gstatic.com/s/playfairdisplay/v40/nuFkD-vYSZviVYUb_rj3ij__anPXDTnogkk7yRZrPA.woff2 reason=response.body: Protocol error (Network.getResponseBody): No data found for resource with given identifier
Response body is not available for a response that was navigated away from. Read response.body() before triggering any navigation.
2026-08-26T04:57:41.490Z resource:omit http://fonts.gstatic.com/s/opensans/v44/memvYaGs126MiZpBA-UvWbX2vVnXBbObj2OVTUGmu0SC55K5gw.woff2 reason=response.body: Protocol error (Network.getResponseBody): No data found for resource with given identifier
Response body is not available for a response that was navigated away from. Read response.body() before triggering any navigation.
2026-08-26T04:57:41.490Z resource:omit http://fonts.gstatic.com/s/playfairdisplay/v40/nuFiD-vYSZviVYUb_rj3ij__anPXDTzYgEM86xQ.woff2 reason=response.body: Protocol error (Network.getResponseBody): No data found for resource with given identifier
Response body is not available for a response that was navigated away from. Read response.body() before triggering any navigation.
2026-08-26T04:57:41.490Z resource:omit http://fonts.gstatic.com/s/opensans/v44/memvYaGs126MiZpBA-UvWbX2vVnXBbObj2OVTS-mu0SC55I.woff2 reason=response.body: Protocol error (Network.getResponseBody): No data found for resource with given identifier
Response body is not available for a response that was navigated away from. Read response.body() before triggering any navigation.
2026-08-26T04:57:42.372Z resource:omit http://www.google-analytics.com/ga.js reason=response.body: Response body is unavailable for redirect responses
2026-08-26T04:57:42.377Z resource:omit http://www.google-analytics.com/__utm.gif?utmwv=5.7.2&utms=31&utmn=1334685239&utmhn=edwards.yale.edu&utmcs=UTF-8&utmsr=1280x720&utmvp=1280x720&utmsc=24-bit&utmul=pl&utmje=0&utmfl=-&utmdt=Search%20WJE%20Online%20%7C%20The%20Jonathan%20Edwards%20Center%20at%20Yale%20University&utmhid=1365524519&utmr=-&utmp=%2Farchive%3Fpath%3DaHR0cDovL2Vkd2FyZHMueWFsZS5lZHUvY2dpLWJpbi9uZXdwaGlsby9nZXRvYmplY3QucGw%25252FYy4xODozMC53amVv&utmht=1787720262375&utmac=UA-1489454-4&utmcc=__utma%3D258641246.1846410565.1787720007.1787720007.1787720007.1%3B%2B__utmz%3D258641246.1787720007.1.1.utmcsr%3D(direct)%7Cutmccn%3D(direct)%7Cutmcmd%3D(none)%3B&utmjid=&utmu=qAAAAAAAAAAAAAAAAAAAAAAE~ reason=response.body: Response body is unavailable for redirect responses
2026-08-26T04:57:45.582Z scroll:stable height=12933 samples=27
2026-08-26T04:57:46.635Z complete:030.html html=106883 assets=14
2026-08-26T04:57:49.138Z attempt:1/3 031.html
2026-08-26T04:57:49.138Z navigation:start http://edwards.yale.edu/archive?path=aHR0cDovL2Vkd2FyZHMueWFsZS5lZHUvY2dpLWJpbi9uZXdwaGlsby9nZXRvYmplY3QucGw%2FYy4xODozMS53amVv
2026-08-26T04:57:49.702Z resource:omit http://fonts.gstatic.com/s/playfairdisplay/v40/nuFkD-vYSZviVYUb_rj3ij__anPXDTnogkk7yRZrPA.woff2 reason=response.body: Protocol error (Network.getResponseBody): No data found for resource with given identifier
Response body is not available for a response that was navigated away from. Read response.body() before triggering any navigation.
2026-08-26T04:57:49.702Z resource:omit http://fonts.gstatic.com/s/playfairdisplay/v40/nuFiD-vYSZviVYUb_rj3ij__anPXDTzYgEM86xQ.woff2 reason=response.body: Protocol error (Network.getResponseBody): No data found for resource with given identifier
Response body is not available for a response that was navigated away from. Read response.body() before triggering any navigation.
2026-08-26T04:57:49.702Z resource:omit http://fonts.gstatic.com/s/opensans/v44/memvYaGs126MiZpBA-UvWbX2vVnXBbObj2OVTUGmu0SC55K5gw.woff2 reason=response.body: Protocol error (Network.getResponseBody): No data found for resource with given identifier
Response body is not available for a response that was navigated away from. Read response.body() before triggering any navigation.
2026-08-26T04:57:49.702Z resource:omit http://fonts.gstatic.com/s/opensans/v44/memvYaGs126MiZpBA-UvWbX2vVnXBbObj2OVTS-mu0SC55I.woff2 reason=response.body: Protocol error (Network.getResponseBody): No data found for resource with given identifier
Response body is not available for a response that was navigated away from. Read response.body() before triggering any navigation.
2026-08-26T04:57:50.891Z resource:omit http://www.google-analytics.com/ga.js reason=response.body: Response body is unavailable for redirect responses
2026-08-26T04:57:50.894Z resource:omit http://www.google-analytics.com/__utm.gif?utmwv=5.7.2&utms=32&utmn=815219689&utmhn=edwards.yale.edu&utmcs=UTF-8&utmsr=1280x720&utmvp=1280x720&utmsc=24-bit&utmul=pl&utmje=0&utmfl=-&utmdt=Search%20WJE%20Online%20%7C%20The%20Jonathan%20Edwards%20Center%20at%20Yale%20University&utmhid=1980145004&utmr=-&utmp=%2Farchive%3Fpath%3DaHR0cDovL2Vkd2FyZHMueWFsZS5lZHUvY2dpLWJpbi9uZXdwaGlsby9nZXRvYmplY3QucGw%25252FYy4xODozMS53amVv&utmht=1787720270891&utmac=UA-1489454-4&utmcc=__utma%3D258641246.1846410565.1787720007.1787720007.1787720007.1%3B%2B__utmz%3D258641246.1787720007.1.1.utmcsr%3D(direct)%7Cutmccn%3D(direct)%7Cutmcmd%3D(none)%3B&utmjid=&utmu=qAAAAAAAAAAAAAAAAAAAAAAE~ reason=response.body: Response body is unavailable for redirect responses
2026-08-26T04:57:54.829Z scroll:stable height=16311 samples=33
2026-08-26T04:57:55.883Z complete:031.html html=125644 assets=14
2026-08-26T04:57:58.385Z attempt:1/3 032.html
2026-08-26T04:57:58.386Z navigation:start http://edwards.yale.edu/archive?path=aHR0cDovL2Vkd2FyZHMueWFsZS5lZHUvY2dpLWJpbi9uZXdwaGlsby9nZXRvYmplY3QucGw%2FYy4xODozMi53amVv
2026-08-26T04:57:58.908Z resource:omit http://fonts.gstatic.com/s/playfairdisplay/v40/nuFkD-vYSZviVYUb_rj3ij__anPXDTnogkk7yRZrPA.woff2 reason=response.body: Protocol error (Network.getResponseBody): No data found for resource with given identifier
Response body is not available for a response that was navigated away from. Read response.body() before triggering any navigation.
2026-08-26T04:57:58.915Z resource:omit http://fonts.gstatic.com/s/playfairdisplay/v40/nuFiD-vYSZviVYUb_rj3ij__anPXDTzYgEM86xQ.woff2 reason=response.body: Protocol error (Network.getResponseBody): No data found for resource with given identifier
Response body is not available for a response that was navigated away from. Read response.body() before triggering any navigation.
2026-08-26T04:57:58.915Z resource:omit http://fonts.gstatic.com/s/opensans/v44/memvYaGs126MiZpBA-UvWbX2vVnXBbObj2OVTS-mu0SC55I.woff2 reason=response.body: Protocol error (Network.getResponseBody): No data found for resource with given identifier
Response body is not available for a response that was navigated away from. Read response.body() before triggering any navigation.
2026-08-26T04:57:58.915Z resource:omit http://fonts.gstatic.com/s/opensans/v44/memvYaGs126MiZpBA-UvWbX2vVnXBbObj2OVTUGmu0SC55K5gw.woff2 reason=response.body: Protocol error (Network.getResponseBody): No data found for resource with given identifier
Response body is not available for a response that was navigated away from. Read response.body() before triggering any navigation.
2026-08-26T04:57:59.589Z resource:omit http://www.google-analytics.com/ga.js reason=response.body: Response body is unavailable for redirect responses
2026-08-26T04:57:59.595Z resource:omit http://www.google-analytics.com/__utm.gif?utmwv=5.7.2&utms=33&utmn=216361802&utmhn=edwards.yale.edu&utmcs=UTF-8&utmsr=1280x720&utmvp=1280x720&utmsc=24-bit&utmul=pl&utmje=0&utmfl=-&utmdt=Search%20WJE%20Online%20%7C%20The%20Jonathan%20Edwards%20Center%20at%20Yale%20University&utmhid=282346402&utmr=-&utmp=%2Farchive%3Fpath%3DaHR0cDovL2Vkd2FyZHMueWFsZS5lZHUvY2dpLWJpbi9uZXdwaGlsby9nZXRvYmplY3QucGw%25252FYy4xODozMi53amVv&utmht=1787720279592&utmac=UA-1489454-4&utmcc=__utma%3D258641246.1846410565.1787720007.1787720007.1787720007.1%3B%2B__utmz%3D258641246.1787720007.1.1.utmcsr%3D(direct)%7Cutmccn%3D(direct)%7Cutmcmd%3D(none)%3B&utmjid=&utmu=qAAAAAAAAAAAAAAAAAAAAAAE~ reason=response.body: Response body is unavailable for redirect responses
2026-08-26T04:58:01.456Z scroll:stable height=7093 samples=16
2026-08-26T04:58:02.518Z complete:032.html html=69857 assets=14
2026-08-26T04:58:05.019Z attempt:1/3 033.html
2026-08-26T04:58:05.020Z navigation:start http://edwards.yale.edu/archive?path=aHR0cDovL2Vkd2FyZHMueWFsZS5lZHUvY2dpLWJpbi9uZXdwaGlsby9nZXRvYmplY3QucGw%2FYy4xODozMy53amVv
2026-08-26T04:58:05.572Z resource:omit http://fonts.gstatic.com/s/playfairdisplay/v40/nuFkD-vYSZviVYUb_rj3ij__anPXDTnogkk7yRZrPA.woff2 reason=response.body: Protocol error (Network.getResponseBody): No data found for resource with given identifier
Response body is not available for a response that was navigated away from. Read response.body() before triggering any navigation.
2026-08-26T04:58:05.573Z resource:omit http://fonts.gstatic.com/s/opensans/v44/memvYaGs126MiZpBA-UvWbX2vVnXBbObj2OVTUGmu0SC55K5gw.woff2 reason=response.body: Protocol error (Network.getResponseBody): No data found for resource with given identifier
Response body is not available for a response that was navigated away from. Read response.body() before triggering any navigation.
2026-08-26T04:58:05.573Z resource:omit http://fonts.gstatic.com/s/playfairdisplay/v40/nuFiD-vYSZviVYUb_rj3ij__anPXDTzYgEM86xQ.woff2 reason=response.body: Protocol error (Network.getResponseBody): No data found for resource with given identifier
Response body is not available for a response that was navigated away from. Read response.body() before triggering any navigation.
2026-08-26T04:58:05.573Z resource:omit http://fonts.gstatic.com/s/opensans/v44/memvYaGs126MiZpBA-UvWbX2vVnXBbObj2OVTS-mu0SC55I.woff2 reason=response.body: Protocol error (Network.getResponseBody): No data found for resource with given identifier
Response body is not available for a response that was navigated away from. Read response.body() before triggering any navigation.
2026-08-26T04:58:06.411Z resource:omit http://www.google-analytics.com/ga.js reason=response.body: Response body is unavailable for redirect responses
2026-08-26T04:58:06.417Z resource:omit http://www.google-analytics.com/__utm.gif?utmwv=5.7.2&utms=34&utmn=1642404116&utmhn=edwards.yale.edu&utmcs=UTF-8&utmsr=1280x720&utmvp=1280x720&utmsc=24-bit&utmul=pl&utmje=0&utmfl=-&utmdt=Search%20WJE%20Online%20%7C%20The%20Jonathan%20Edwards%20Center%20at%20Yale%20University&utmhid=1103089302&utmr=-&utmp=%2Farchive%3Fpath%3DaHR0cDovL2Vkd2FyZHMueWFsZS5lZHUvY2dpLWJpbi9uZXdwaGlsby9nZXRvYmplY3QucGw%25252FYy4xODozMy53amVv&utmht=1787720286414&utmac=UA-1489454-4&utmcc=__utma%3D258641246.1846410565.1787720007.1787720007.1787720007.1%3B%2B__utmz%3D258641246.1787720007.1.1.utmcsr%3D(direct)%7Cutmccn%3D(direct)%7Cutmcmd%3D(none)%3B&utmjid=&utmu=qAAAAAAAAAAAAAAAAAAAAAAE~ reason=response.body: Response body is unavailable for redirect responses
2026-08-26T04:58:09.379Z scroll:stable height=11751 samples=25
2026-08-26T04:58:10.434Z complete:033.html html=95539 assets=14
2026-08-26T04:58:12.936Z attempt:1/3 034.html
2026-08-26T04:58:12.936Z navigation:start http://edwards.yale.edu/archive?path=aHR0cDovL2Vkd2FyZHMueWFsZS5lZHUvY2dpLWJpbi9uZXdwaGlsby9nZXRvYmplY3QucGw%2FYy4xODozNC53amVv
2026-08-26T04:58:13.476Z resource:omit http://fonts.gstatic.com/s/playfairdisplay/v40/nuFiD-vYSZviVYUb_rj3ij__anPXDTzYgEM86xQ.woff2 reason=response.body: Protocol error (Network.getResponseBody): No data found for resource with given identifier
Response body is not available for a response that was navigated away from. Read response.body() before triggering any navigation.
2026-08-26T04:58:13.476Z resource:omit http://fonts.gstatic.com/s/playfairdisplay/v40/nuFkD-vYSZviVYUb_rj3ij__anPXDTnogkk7yRZrPA.woff2 reason=response.body: Protocol error (Network.getResponseBody): No data found for resource with given identifier
Response body is not available for a response that was navigated away from. Read response.body() before triggering any navigation.
2026-08-26T04:58:13.476Z resource:omit http://fonts.gstatic.com/s/opensans/v44/memvYaGs126MiZpBA-UvWbX2vVnXBbObj2OVTS-mu0SC55I.woff2 reason=response.body: Protocol error (Network.getResponseBody): No data found for resource with given identifier
Response body is not available for a response that was navigated away from. Read response.body() before triggering any navigation.
2026-08-26T04:58:13.476Z resource:omit http://fonts.gstatic.com/s/opensans/v44/memvYaGs126MiZpBA-UvWbX2vVnXBbObj2OVTUGmu0SC55K5gw.woff2 reason=response.body: Protocol error (Network.getResponseBody): No data found for resource with given identifier
Response body is not available for a response that was navigated away from. Read response.body() before triggering any navigation.
2026-08-26T04:58:14.348Z resource:omit http://www.google-analytics.com/ga.js reason=response.body: Response body is unavailable for redirect responses
2026-08-26T04:58:14.349Z resource:omit http://www.google-analytics.com/__utm.gif?utmwv=5.7.2&utms=35&utmn=465926905&utmhn=edwards.yale.edu&utmcs=UTF-8&utmsr=1280x720&utmvp=1280x720&utmsc=24-bit&utmul=pl&utmje=0&utmfl=-&utmdt=Search%20WJE%20Online%20%7C%20The%20Jonathan%20Edwards%20Center%20at%20Yale%20University&utmhid=1569881553&utmr=-&utmp=%2Farchive%3Fpath%3DaHR0cDovL2Vkd2FyZHMueWFsZS5lZHUvY2dpLWJpbi9uZXdwaGlsby9nZXRvYmplY3QucGw%25252FYy4xODozNC53amVv&utmht=1787720294347&utmac=UA-1489454-4&utmcc=__utma%3D258641246.1846410565.1787720007.1787720007.1787720007.1%3B%2B__utmz%3D258641246.1787720007.1.1.utmcsr%3D(direct)%7Cutmccn%3D(direct)%7Cutmcmd%3D(none)%3B&utmjid=&utmu=qAAAAAAAAAAAAAAAAAAAAAAE~ reason=response.body: Response body is unavailable for redirect responses
2026-08-26T04:58:17.681Z scroll:stable height=13052 samples=28
2026-08-26T04:58:18.735Z complete:034.html html=107099 assets=14
2026-08-26T04:58:21.236Z attempt:1/3 035.html
2026-08-26T04:58:21.236Z navigation:start http://edwards.yale.edu/archive?path=aHR0cDovL2Vkd2FyZHMueWFsZS5lZHUvY2dpLWJpbi9uZXdwaGlsby9nZXRvYmplY3QucGw%2FYy4xODozNS53amVv
2026-08-26T04:58:21.749Z resource:omit http://fonts.gstatic.com/s/playfairdisplay/v40/nuFkD-vYSZviVYUb_rj3ij__anPXDTnogkk7yRZrPA.woff2 reason=response.body: Protocol error (Network.getResponseBody): No data found for resource with given identifier
Response body is not available for a response that was navigated away from. Read response.body() before triggering any navigation.
2026-08-26T04:58:21.750Z resource:omit http://fonts.gstatic.com/s/opensans/v44/memvYaGs126MiZpBA-UvWbX2vVnXBbObj2OVTUGmu0SC55K5gw.woff2 reason=response.body: Protocol error (Network.getResponseBody): No data found for resource with given identifier
Response body is not available for a response that was navigated away from. Read response.body() before triggering any navigation.
2026-08-26T04:58:21.750Z resource:omit http://fonts.gstatic.com/s/playfairdisplay/v40/nuFiD-vYSZviVYUb_rj3ij__anPXDTzYgEM86xQ.woff2 reason=response.body: Protocol error (Network.getResponseBody): No data found for resource with given identifier
Response body is not available for a response that was navigated away from. Read response.body() before triggering any navigation.
2026-08-26T04:58:21.750Z resource:omit http://fonts.gstatic.com/s/opensans/v44/memvYaGs126MiZpBA-UvWbX2vVnXBbObj2OVTS-mu0SC55I.woff2 reason=response.body: Protocol error (Network.getResponseBody): No data found for resource with given identifier
Response body is not available for a response that was navigated away from. Read response.body() before triggering any navigation.
2026-08-26T04:58:22.356Z resource:omit http://www.google-analytics.com/ga.js reason=response.body: Response body is unavailable for redirect responses
2026-08-26T04:58:22.361Z resource:omit http://www.google-analytics.com/__utm.gif?utmwv=5.7.2&utms=36&utmn=116258678&utmhn=edwards.yale.edu&utmcs=UTF-8&utmsr=1280x720&utmvp=1280x720&utmsc=24-bit&utmul=pl&utmje=0&utmfl=-&utmdt=Search%20WJE%20Online%20%7C%20The%20Jonathan%20Edwards%20Center%20at%20Yale%20University&utmhid=384177330&utmr=-&utmp=%2Farchive%3Fpath%3DaHR0cDovL2Vkd2FyZHMueWFsZS5lZHUvY2dpLWJpbi9uZXdwaGlsby9nZXRvYmplY3QucGw%25252FYy4xODozNS53amVv&utmht=1787720302359&utmac=UA-1489454-4&utmcc=__utma%3D258641246.1846410565.1787720007.1787720007.1787720007.1%3B%2B__utmz%3D258641246.1787720007.1.1.utmcsr%3D(direct)%7Cutmccn%3D(direct)%7Cutmcmd%3D(none)%3B&utmjid=&utmu=qAAAAAAAAAAAAAAAAAAAAAAE~ reason=response.body: Response body is unavailable for redirect responses
2026-08-26T04:58:23.367Z scroll:stable height=3382 samples=9
2026-08-26T04:58:24.414Z complete:035.html html=49198 assets=14
2026-08-26T04:58:26.916Z attempt:1/3 036.html
2026-08-26T04:58:26.916Z navigation:start http://edwards.yale.edu/archive?path=aHR0cDovL2Vkd2FyZHMueWFsZS5lZHUvY2dpLWJpbi9uZXdwaGlsby9nZXRvYmplY3QucGw%2FYy4xODozNi53amVv
2026-08-26T04:58:27.482Z resource:omit http://fonts.gstatic.com/s/playfairdisplay/v40/nuFiD-vYSZviVYUb_rj3ij__anPXDTzYgEM86xQ.woff2 reason=response.body: Protocol error (Network.getResponseBody): No data found for resource with given identifier
Response body is not available for a response that was navigated away from. Read response.body() before triggering any navigation.
2026-08-26T04:58:27.482Z resource:omit http://fonts.gstatic.com/s/playfairdisplay/v40/nuFkD-vYSZviVYUb_rj3ij__anPXDTnogkk7yRZrPA.woff2 reason=response.body: Protocol error (Network.getResponseBody): No data found for resource with given identifier
Response body is not available for a response that was navigated away from. Read response.body() before triggering any navigation.
2026-08-26T04:58:27.482Z resource:omit http://fonts.gstatic.com/s/opensans/v44/memvYaGs126MiZpBA-UvWbX2vVnXBbObj2OVTUGmu0SC55K5gw.woff2 reason=response.body: Protocol error (Network.getResponseBody): No data found for resource with given identifier
Response body is not available for a response that was navigated away from. Read response.body() before triggering any navigation.
2026-08-26T04:58:27.482Z resource:omit http://fonts.gstatic.com/s/opensans/v44/memvYaGs126MiZpBA-UvWbX2vVnXBbObj2OVTS-mu0SC55I.woff2 reason=response.body: Protocol error (Network.getResponseBody): No data found for resource with given identifier
Response body is not available for a response that was navigated away from. Read response.body() before triggering any navigation.
2026-08-26T04:58:28.267Z resource:omit http://www.google-analytics.com/ga.js reason=response.body: Response body is unavailable for redirect responses
2026-08-26T04:58:28.274Z resource:omit http://www.google-analytics.com/__utm.gif?utmwv=5.7.2&utms=37&utmn=490874527&utmhn=edwards.yale.edu&utmcs=UTF-8&utmsr=1280x720&utmvp=1280x720&utmsc=24-bit&utmul=pl&utmje=0&utmfl=-&utmdt=Search%20WJE%20Online%20%7C%20The%20Jonathan%20Edwards%20Center%20at%20Yale%20University&utmhid=2110607182&utmr=-&utmp=%2Farchive%3Fpath%3DaHR0cDovL2Vkd2FyZHMueWFsZS5lZHUvY2dpLWJpbi9uZXdwaGlsby9nZXRvYmplY3QucGw%25252FYy4xODozNi53amVv&utmht=1787720308270&utmac=UA-1489454-4&utmcc=__utma%3D258641246.1846410565.1787720007.1787720007.1787720007.1%3B%2B__utmz%3D258641246.1787720007.1.1.utmcsr%3D(direct)%7Cutmccn%3D(direct)%7Cutmcmd%3D(none)%3B&utmjid=&utmu=qAAAAAAAAAAAAAAAAAAAAAAE~ reason=response.body: Response body is unavailable for redirect responses
2026-08-26T04:58:30.760Z scroll:stable height=9849 samples=21
2026-08-26T04:58:31.818Z complete:036.html html=88297 assets=14
2026-08-26T04:58:31.818Z archive:complete
